timestamp,satellite_id,sequence_number,temperature,battery,signal_strength,latitude,longitude,packet_hash,signature
2026-08-20T00:00:00Z,SAT-EO-01,1,22.67,88.97,-66.48,0.0,-180.0,,
2026-08-20T00:00:05Z,SAT-EO-01,2,23.06,89.12,-66.19,0.39,-179.9754,,
2026-08-20T00:00:11Z,SAT-EO-01,3,22.4,89.23,-67.37,0.7909,-179.9502,,
2026-08-20T00:00:17Z,SAT-EO-01,4,22.43,88.48,-66.24,1.1838,-179.9254,,
2026-08-20T00:00:23Z,SAT-EO-01,5,22.26,89.26,-67.73,1.5764,-179.9007,,
2026-08-20T00:00:29Z,SAT-EO-01,6,22.15,89.07,-66.53,1.9722,-179.8757,,
2026-08-20T00:00:35Z,SAT-EO-01,7,22.49,89.3,-67.93,2.3691,-179.8507,,
2026-08-20T00:00:41Z,SAT-EO-01,8,22.84,89.17,-66.25,2.7569,-179.8263,,
2026-08-20T00:00:47Z,SAT-EO-01,9,22.53,89.83,-67.03,3.1453,-179.8018,,
2026-08-20T00:00:53Z,SAT-EO-01,10,22.39,89.35,-66.71,3.5323,-179.7773,,
2026-08-20T00:00:59Z,SAT-EO-01,11,22.87,88.97,-68.09,3.9316,-179.7521,,
2026-08-20T00:01:05Z,SAT-EO-01,12,22.89,89.56,-66.33,4.3368,-179.7266,,
2026-08-20T00:01:11Z,SAT-EO-01,13,22.82,89.48,-68.22,4.7408,-179.701,,
2026-08-20T00:01:17Z,SAT-EO-01,14,22.63,89.26,-67.75,5.1428,-179.6756,,
2026-08-20T00:01:23Z,SAT-EO-01,15,23.03,89.55,-67.59,5.5389,-179.6506,,
2026-08-20T00:01:29Z,SAT-EO-01,16,23.16,89.84,-66.35,5.9241,-179.6262,,
2026-08-20T00:01:35Z,SAT-EO-01,17,22.68,89.66,-66.8,6.3234,-179.6009,,
2026-08-20T00:01:41Z,SAT-EO-01,18,23.35,89.74,-67.4,6.7146,-179.5761,,
2026-08-20T00:01:47Z,SAT-EO-01,19,23.32,90.17,-67.14,7.1053,-179.5513,,
2026-08-20T00:01:53Z,SAT-EO-01,20,23.41,90.12,-66.46,7.4917,-179.5268,,
2026-08-20T00:01:59Z,SAT-EO-01,21,23.08,90.31,-69.2,7.8865,-179.5017,,
2026-08-20T00:02:05Z,SAT-EO-01,22,23.41,89.61,-66.28,8.2704,-179.4773,,
2026-08-20T00:02:11Z,SAT-EO-01,23,23.07,90.1,-65.94,8.6634,-179.4523,,
2026-08-20T00:02:17Z,SAT-EO-01,24,23.0,90.0,-67.48,9.0505,-179.4276,,
2026-08-20T00:02:23Z,SAT-EO-01,25,23.53,90.18,-67.57,9.436,-179.4031,,
2026-08-20T00:02:29Z,SAT-EO-01,26,23.42,90.49,-67.02,9.8354,-179.3776,,
2026-08-20T00:02:35Z,SAT-EO-01,27,23.02,90.11,-67.49,10.2344,-179.3521,,
2026-08-20T00:02:41Z,SAT-EO-01,28,22.79,89.58,-66.91,10.6314,-179.3267,,
2026-08-20T00:02:47Z,SAT-EO-01,29,23.21,90.08,-67.33,11.0163,-179.302,,
2026-08-20T00:02:53Z,SAT-EO-01,30,23.5,90.09,-66.09,11.4065,-179.277,,
2026-08-20T00:02:59Z,SAT-EO-01,31,22.71,90.37,-67.18,11.805,-179.2514,,
2026-08-20T00:03:05Z,SAT-EO-01,32,24.28,90.54,-67.45,12.1851,-179.227,,
2026-08-20T00:03:11Z,SAT-EO-01,33,23.43,90.17,-66.35,12.5683,-179.2023,,
2026-08-20T00:03:17Z,SAT-EO-01,34,23.73,90.31,-66.17,12.951,-179.1776,,
2026-08-20T00:03:23Z,SAT-EO-01,35,23.71,91.1,-68.09,13.3407,-179.1525,,
2026-08-20T00:03:29Z,SAT-EO-01,36,23.33,91.03,-66.61,13.7185,-179.128,,
2026-08-20T00:03:35Z,SAT-EO-01,37,23.01,90.66,-68.18,14.0952,-179.1036,,
2026-08-20T00:03:41Z,SAT-EO-01,38,23.75,90.84,-67.48,14.4843,-179.0784,,
2026-08-20T00:03:47Z,SAT-EO-01,39,23.34,90.65,-66.72,14.8621,-179.0539,,
2026-08-20T00:03:53Z,SAT-EO-01,40,23.21,91.12,-65.36,15.2523,-179.0285,,
2026-08-20T00:03:59Z,SAT-EO-01,41,23.76,91.02,-68.4,15.6308,-179.0038,,
2026-08-20T00:04:05Z,SAT-EO-01,42,23.24,91.02,-66.45,16.0179,-178.9785,,
2026-08-20T00:04:11Z,SAT-EO-01,43,23.83,90.73,-65.96,16.3921,-178.954,,
2026-08-20T00:04:17Z,SAT-EO-01,44,23.92,91.14,-68.23,16.7763,-178.9288,,
2026-08-20T00:04:23Z,SAT-EO-01,45,24.19,90.8,-66.72,17.152,-178.9042,,
2026-08-20T00:04:29Z,SAT-EO-01,46,23.96,90.83,-67.4,17.5349,-178.879,,
2026-08-20T00:04:35Z,SAT-EO-01,47,23.53,90.89,-67.6,17.9115,-178.8541,,
2026-08-20T00:04:41Z,SAT-EO-01,48,23.99,91.44,-67.13,18.2972,-178.8286,,
2026-08-20T00:04:47Z,SAT-EO-01,49,23.81,91.86,-67.08,18.6748,-178.8036,,
2026-08-20T00:04:53Z,SAT-EO-01,50,23.63,91.23,-67.71,19.0474,-178.7789,,
2026-08-20T00:04:58Z,SAT-EO-01,51,23.88,91.44,-67.25,19.4172,-178.7543,,
2026-08-20T00:05:05Z,SAT-EO-01,52,23.96,91.2,-67.03,19.801,-178.7287,,
2026-08-20T00:05:11Z,SAT-EO-01,53,23.86,91.57,-67.51,20.173,-178.7039,,
2026-08-20T00:05:17Z,SAT-EO-01,54,23.61,91.56,-66.29,20.5544,-178.6783,,
2026-08-20T00:05:23Z,SAT-EO-01,55,24.09,91.15,-67.44,20.9193,-178.6538,,
2026-08-20T00:05:29Z,SAT-EO-01,56,24.29,91.24,-66.65,21.2944,-178.6286,,
2026-08-20T00:05:35Z,SAT-EO-01,57,24.3,91.66,-67.37,21.6611,-178.6038,,
2026-08-20T00:05:41Z,SAT-EO-01,58,25.5,91.9,-67.02,22.0362,-178.5785,,
2026-08-20T00:05:47Z,SAT-EO-01,59,24.07,91.8,-68.46,22.4103,-178.5531,,
2026-08-20T00:05:53Z,SAT-EO-01,60,24.13,91.65,-68.29,22.7793,-178.528,,
2026-08-20T00:05:59Z,SAT-EO-01,61,24.48,91.3,-68.27,23.1467,-178.503,,
2026-08-20T00:06:05Z,SAT-EO-01,62,24.64,92.13,-67.82,23.5055,-178.4784,,
2026-08-20T00:06:11Z,SAT-EO-01,63,24.03,91.84,-67.91,23.8649,-178.4538,,
2026-08-20T00:06:17Z,SAT-EO-01,64,24.09,92.17,-67.32,24.2292,-178.4287,,
2026-08-20T00:06:23Z,SAT-EO-01,65,23.64,91.92,-68.54,24.6004,-178.4031,,
2026-08-20T00:06:29Z,SAT-EO-01,66,24.67,91.72,-66.71,24.9607,-178.3782,,
2026-08-20T00:06:35Z,SAT-EO-01,67,24.23,91.79,-66.66,25.3151,-178.3536,,
2026-08-20T00:06:41Z,SAT-EO-01,68,24.57,92.09,-66.78,25.6772,-178.3284,,
2026-08-20T00:06:47Z,SAT-EO-01,69,23.92,91.92,-67.12,26.0373,-178.3033,,
2026-08-20T00:06:53Z,SAT-EO-01,70,24.23,92.02,-66.66,26.3856,-178.2789,,
2026-08-20T00:06:58Z,SAT-EO-01,71,23.37,91.86,-68.39,26.7343,-178.2544,,
2026-08-20T00:07:04Z,SAT-EO-01,72,24.09,92.55,-67.16,27.0871,-178.2295,,
2026-08-20T00:07:10Z,SAT-EO-01,73,25.06,91.84,-67.32,27.4326,-178.2051,,
2026-08-20T00:07:16Z,SAT-EO-01,74,24.59,92.19,-68.24,27.7877,-178.1799,,
2026-08-20T00:07:22Z,SAT-EO-01,75,24.65,92.45,-67.05,28.1403,-178.1548,,
2026-08-20T00:07:28Z,SAT-EO-01,76,24.2,92.5,-68.3,28.4895,-178.1298,,
2026-08-20T00:07:34Z,SAT-EO-01,77,24.76,92.21,-68.55,28.8361,-178.105,,
2026-08-20T00:07:40Z,SAT-EO-01,78,24.52,92.25,-68.7,29.1894,-178.0795,,
2026-08-20T00:07:46Z,SAT-EO-01,79,25.03,92.52,-67.8,29.5389,-178.0543,,
2026-08-20T00:07:52Z,SAT-EO-01,80,24.96,92.62,-69.06,29.8799,-178.0296,,
2026-08-20T00:07:58Z,SAT-EO-01,81,24.76,92.56,-67.5,30.2287,-178.0042,,
2026-08-20T00:08:04Z,SAT-EO-01,82,24.59,92.95,-68.91,30.5681,-177.9794,,
2026-08-20T00:08:11Z,SAT-EO-01,83,25.28,92.61,-68.05,30.9132,-177.9541,,
2026-08-20T00:08:16Z,SAT-EO-01,84,24.74,92.58,-69.12,31.2507,-177.9292,,
2026-08-20T00:08:23Z,SAT-EO-01,85,24.9,92.84,-69.32,31.5964,-177.9036,,
2026-08-20T00:08:29Z,SAT-EO-01,86,25.63,93.03,-69.66,31.9296,-177.8789,,
2026-08-20T00:08:35Z,SAT-EO-01,87,25.14,92.92,-68.75,32.2691,-177.8536,,
2026-08-20T00:08:41Z,SAT-EO-01,88,24.63,92.28,-67.35,32.5956,-177.8291,,
2026-08-20T00:08:47Z,SAT-EO-01,89,24.68,92.76,-68.48,32.9344,-177.8036,,
2026-08-20T00:08:53Z,SAT-EO-01,90,24.8,92.77,-68.68,33.2674,-177.7785,,
2026-08-20T00:08:59Z,SAT-EO-01,91,24.86,92.98,-70.04,33.6022,-177.7531,,
2026-08-20T00:09:05Z,SAT-EO-01,92,24.55,92.79,-67.83,33.9353,-177.7277,,
2026-08-20T00:09:11Z,SAT-EO-01,93,25.18,93.37,-68.27,34.2551,-177.7032,,
2026-08-20T00:09:17Z,SAT-EO-01,94,25.04,92.96,-69.0,34.5738,-177.6787,,
2026-08-20T00:09:23Z,SAT-EO-01,95,25.23,92.86,-68.61,34.8969,-177.6538,,
2026-08-20T00:09:29Z,SAT-EO-01,96,25.68,92.75,-69.74,35.2263,-177.6282,,
2026-08-20T00:09:35Z,SAT-EO-01,97,25.24,93.15,-69.03,35.5527,-177.6027,,
2026-08-20T00:09:41Z,SAT-EO-01,98,24.92,93.75,-68.82,35.879,-177.5771,,
2026-08-20T00:09:47Z,SAT-EO-01,99,25.97,93.03,-68.49,36.1994,-177.5519,,
2026-08-20T00:09:53Z,SAT-EO-01,100,25.3,93.23,-68.44,36.5079,-177.5275,,
2026-08-20T00:09:59Z,SAT-EO-01,101,24.97,93.15,-70.96,36.8239,-177.5023,,
2026-08-20T00:10:05Z,SAT-EO-01,102,25.1,92.85,-69.01,37.1377,-177.4772,,
2026-08-20T00:10:11Z,SAT-EO-01,103,24.99,93.49,-70.39,37.4535,-177.4518,,
2026-08-20T00:10:17Z,SAT-EO-01,104,25.97,93.39,-69.6,37.7694,-177.4263,,
2026-08-20T00:10:23Z,SAT-EO-01,105,24.76,93.78,-69.51,38.0816,-177.4009,,
2026-08-20T00:10:29Z,SAT-EO-01,106,25.81,93.45,-69.5,38.3862,-177.376,,
2026-08-20T00:10:35Z,SAT-EO-01,107,25.4,93.53,-69.86,38.6958,-177.3505,,
2026-08-20T00:10:41Z,SAT-EO-01,108,25.64,93.21,-69.11,38.9975,-177.3256,,
2026-08-20T00:10:47Z,SAT-EO-01,109,24.91,93.9,-69.31,39.3008,-177.3004,,
2026-08-20T00:10:53Z,SAT-EO-01,110,25.21,93.65,-68.37,39.6001,-177.2753,,
2026-08-20T00:11:00Z,SAT-EO-01,111,26.21,94.09,-69.85,39.9026,-177.2499,,
2026-08-20T00:11:05Z,SAT-EO-01,112,25.85,94.06,-68.99,40.1927,-177.2254,,
2026-08-20T00:11:11Z,SAT-EO-01,113,25.91,93.28,-70.68,40.4822,-177.2007,,
2026-08-20T00:11:17Z,SAT-EO-01,114,24.84,93.81,-71.51,40.7801,-177.1752,,
2026-08-20T00:11:24Z,SAT-EO-01,115,26.15,93.45,-71.17,41.0744,-177.1499,,
2026-08-20T00:11:30Z,SAT-EO-01,116,25.58,93.82,-69.53,41.3622,-177.1249,,
2026-08-20T00:11:35Z,SAT-EO-01,117,25.17,94.03,-69.6,41.6463,-177.1001,,
2026-08-20T00:11:41Z,SAT-EO-01,118,25.32,94.08,-70.16,41.9266,-177.0755,,
2026-08-20T00:11:47Z,SAT-EO-01,119,25.32,94.05,-70.39,42.2091,-177.0506,,
2026-08-20T00:11:53Z,SAT-EO-01,120,25.41,93.6,-70.16,42.4857,-177.026,,
2026-08-20T00:11:59Z,SAT-EO-01,121,26.39,94.0,-70.61,42.7631,-177.0011,,
2026-08-20T00:12:05Z,SAT-EO-01,122,25.8,94.23,-70.58,43.0457,-176.9757,,
2026-08-20T00:12:11Z,SAT-EO-01,123,25.56,93.91,-70.35,43.3246,-176.9504,,
2026-08-20T00:12:17Z,SAT-EO-01,124,24.96,93.93,-71.92,43.5998,-176.9252,,
2026-08-20T00:12:24Z,SAT-EO-01,125,25.99,94.2,-67.75,43.8748,-176.8999,,
2026-08-20T00:12:29Z,SAT-EO-01,126,26.2,94.53,-72.21,44.1393,-176.8754,,
2026-08-20T00:12:35Z,SAT-EO-01,127,25.57,93.82,-70.8,44.4037,-176.8507,,
2026-08-20T00:12:41Z,SAT-EO-01,128,25.47,94.27,-69.6,44.6645,-176.8262,,
2026-08-20T00:12:47Z,SAT-EO-01,129,25.87,94.61,-70.3,44.9309,-176.801,,
2026-08-20T00:12:53Z,SAT-EO-01,130,25.59,94.16,-69.14,45.194,-176.7759,,
2026-08-20T00:12:59Z,SAT-EO-01,131,25.6,93.96,-69.7,45.4492,-176.7513,,
2026-08-20T00:13:05Z,SAT-EO-01,132,26.6,94.34,-70.38,45.7055,-176.7265,,
2026-08-20T00:13:11Z,SAT-EO-01,133,25.72,94.24,-70.99,45.9582,-176.7018,,
2026-08-20T00:13:17Z,SAT-EO-01,134,25.66,93.77,-70.01,46.2082,-176.6772,,
2026-08-20T00:13:23Z,SAT-EO-01,135,25.9,94.19,-71.06,46.4663,-176.6516,,
2026-08-20T00:13:29Z,SAT-EO-01,136,26.27,94.58,-70.47,46.7123,-176.627,,
2026-08-20T00:13:35Z,SAT-EO-01,137,25.44,94.61,-71.21,46.961,-176.602,,
2026-08-20T00:13:41Z,SAT-EO-01,138,26.24,94.58,-72.91,47.2048,-176.5772,,
2026-08-20T00:13:47Z,SAT-EO-01,139,26.15,94.31,-70.24,47.4456,-176.5525,,
2026-08-20T00:13:53Z,SAT-EO-01,140,25.49,95.26,-72.08,47.6833,-176.5279,,
2026-08-20T00:13:59Z,SAT-EO-01,141,25.79,94.49,-70.02,47.9178,-176.5035,,
2026-08-20T00:14:05Z,SAT-EO-01,142,25.91,94.89,-70.25,48.1527,-176.4788,,
2026-08-20T00:14:11Z,SAT-EO-01,143,25.26,94.45,-70.44,48.3895,-176.4537,,
2026-08-20T00:14:17Z,SAT-EO-01,144,26.08,94.72,-70.87,48.6269,-176.4283,,
2026-08-20T00:14:23Z,SAT-EO-01,145,26.19,94.66,-70.04,48.8546,-176.4037,,
2026-08-20T00:14:29Z,SAT-EO-01,146,26.27,94.58,-70.54,49.0798,-176.3791,,
2026-08-20T00:14:34Z,SAT-EO-01,147,26.34,94.65,-70.82,49.3032,-176.3546,,
2026-08-20T00:14:40Z,SAT-EO-01,148,26.94,94.71,-70.33,49.5267,-176.3297,,
2026-08-20T00:14:46Z,SAT-EO-01,149,25.52,94.55,-72.62,49.7531,-176.3043,,
2026-08-20T00:14:53Z,SAT-EO-01,150,26.13,94.44,-71.15,49.9766,-176.279,,
2026-08-20T00:14:59Z,SAT-EO-01,151,26.56,94.3,-71.01,50.1994,-176.2535,,
2026-08-20T00:15:05Z,SAT-EO-01,152,26.55,94.92,-70.78,50.4115,-176.229,,
2026-08-20T00:15:10Z,SAT-EO-01,153,26.42,94.8,-70.77,50.6239,-176.2042,,
2026-08-20T00:15:17Z,SAT-EO-01,154,27.11,94.81,-70.98,50.8399,-176.1787,,
2026-08-20T00:15:23Z,SAT-EO-01,155,26.62,94.74,-71.29,51.0476,-176.154,,
2026-08-20T00:15:29Z,SAT-EO-01,156,26.18,94.89,-70.72,51.2577,-176.1286,,
2026-08-20T00:15:35Z,SAT-EO-01,157,26.27,94.76,-71.77,51.4661,-176.1032,,
2026-08-20T00:15:41Z,SAT-EO-01,158,26.51,95.27,-70.67,51.6663,-176.0786,,
2026-08-20T00:15:47Z,SAT-EO-01,159,26.53,95.52,-72.1,51.8683,-176.0534,,
2026-08-20T00:15:53Z,SAT-EO-01,160,25.97,95.12,-70.85,52.0635,-176.0288,,
2026-08-20T00:15:59Z,SAT-EO-01,161,26.65,95.08,-71.33,52.2586,-176.0039,,
2026-08-20T00:16:05Z,SAT-EO-01,162,26.04,95.07,-71.55,52.4525,-175.9789,,
2026-08-20T00:16:11Z,SAT-EO-01,163,26.49,95.32,-71.23,52.6476,-175.9534,,
2026-08-20T00:16:17Z,SAT-EO-01,164,26.54,95.23,-72.57,52.8387,-175.9282,,
2026-08-20T00:16:23Z,SAT-EO-01,165,27.03,95.06,-72.48,53.0266,-175.903,,
2026-08-20T00:16:29Z,SAT-EO-01,166,26.45,95.84,-71.3,53.2155,-175.8774,,
2026-08-20T00:16:35Z,SAT-EO-01,167,26.45,95.12,-72.56,53.3968,-175.8526,,
2026-08-20T00:16:41Z,SAT-EO-01,168,25.94,95.19,-71.28,53.5769,-175.8275,,
2026-08-20T00:16:47Z,SAT-EO-01,169,26.41,95.69,-72.02,53.753,-175.8027,,
2026-08-20T00:16:53Z,SAT-EO-01,170,26.02,95.29,-72.9,53.925,-175.7782,,
2026-08-20T00:16:59Z,SAT-EO-01,171,26.48,95.49,-70.4,54.0971,-175.7533,,
2026-08-20T00:17:05Z,SAT-EO-01,172,26.96,95.08,-71.49,54.2635,-175.7289,,
2026-08-20T00:17:11Z,SAT-EO-01,173,26.49,95.07,-69.88,54.4355,-175.7033,,
2026-08-20T00:17:17Z,SAT-EO-01,174,26.62,95.17,-71.43,54.5976,-175.6788,,
2026-08-20T00:17:23Z,SAT-EO-01,175,26.41,95.25,-72.02,54.7642,-175.6533,,
2026-08-20T00:17:29Z,SAT-EO-01,176,26.43,95.76,-74.16,54.9257,-175.6282,,
2026-08-20T00:17:35Z,SAT-EO-01,177,27.07,94.91,-72.33,55.0837,-175.6033,,
2026-08-20T00:17:41Z,SAT-EO-01,178,26.51,95.41,-71.66,55.2426,-175.5779,,
2026-08-20T00:17:47Z,SAT-EO-01,179,26.27,95.9,-71.37,55.3945,-175.5532,,
2026-08-20T00:17:53Z,SAT-EO-01,180,27.11,95.3,-72.72,55.5422,-175.5287,,
2026-08-20T00:17:59Z,SAT-EO-01,181,26.49,95.62,-73.15,55.6924,-175.5035,,
2026-08-20T00:18:05Z,SAT-EO-01,182,26.94,95.72,-72.95,55.8359,-175.479,,
2026-08-20T00:18:11Z,SAT-EO-01,183,26.57,95.82,-73.09,55.9825,-175.4536,,
2026-08-20T00:18:17Z,SAT-EO-01,184,26.92,95.13,-70.84,56.1226,-175.4288,,
2026-08-20T00:18:23Z,SAT-EO-01,185,26.54,95.83,-72.84,56.2644,-175.4034,,
2026-08-20T00:18:29Z,SAT-EO-01,186,26.24,95.77,-73.43,56.4016,-175.3782,,
2026-08-20T00:18:35Z,SAT-EO-01,187,26.01,96.02,-72.16,56.5351,-175.3534,,
2026-08-20T00:18:41Z,SAT-EO-01,188,26.72,95.85,-72.38,56.6685,-175.328,,
2026-08-20T00:18:47Z,SAT-EO-01,189,26.63,95.61,-72.13,56.7996,-175.3027,,
2026-08-20T00:18:53Z,SAT-EO-01,190,26.17,95.49,-72.74,56.9271,-175.2775,,
2026-08-20T00:18:59Z,SAT-EO-01,191,26.79,95.74,-72.86,57.0532,-175.2521,,
2026-08-20T00:19:05Z,SAT-EO-01,192,26.52,95.26,-72.01,57.1719,-175.2277,,
2026-08-20T00:19:11Z,SAT-EO-01,193,27.16,95.8,-72.27,57.2914,-175.2026,,
2026-08-20T00:19:17Z,SAT-EO-01,194,27.15,95.45,-72.08,57.4086,-175.1775,,
2026-08-20T00:19:23Z,SAT-EO-01,195,26.17,95.39,-73.02,57.525,-175.152,,
2026-08-20T00:19:29Z,SAT-EO-01,196,26.83,95.64,-72.38,57.6347,-175.1274,,
2026-08-20T00:19:35Z,SAT-EO-01,197,26.62,95.39,-73.3,57.7444,-175.1022,,
2026-08-20T00:19:41Z,SAT-EO-01,198,26.37,95.89,-73.98,57.852,-175.077,,
2026-08-20T00:19:47Z,SAT-EO-01,199,27.02,95.81,-73.28,57.9559,-175.052,,
2026-08-20T00:19:53Z,SAT-EO-01,200,27.1,95.92,-73.83,58.055,-175.0276,,
2026-08-20T00:19:59Z,SAT-EO-01,201,27.76,95.76,-71.72,58.1517,-175.0032,,
2026-08-20T00:20:05Z,SAT-EO-01,202,26.62,95.84,-72.92,58.2463,-174.9786,,
2026-08-20T00:20:11Z,SAT-EO-01,203,26.66,96.26,-72.11,58.3403,-174.9536,,
2026-08-20T00:20:17Z,SAT-EO-01,204,26.69,95.55,-71.95,58.433,-174.9283,,
2026-08-20T00:20:23Z,SAT-EO-01,205,26.63,95.77,-72.77,58.5222,-174.9032,,
2026-08-20T00:20:29Z,SAT-EO-01,206,27.11,96.1,-72.63,58.6072,-174.8786,,
2026-08-20T00:20:35Z,SAT-EO-01,207,27.1,96.12,-72.07,58.6918,-174.8533,,
2026-08-20T00:20:41Z,SAT-EO-01,208,27.07,95.48,-72.8,58.772,-174.8286,,
2026-08-20T00:20:47Z,SAT-EO-01,209,27.06,95.92,-72.56,58.8524,-174.803,,
2026-08-20T00:20:53Z,SAT-EO-01,210,26.47,95.99,-72.96,58.9299,-174.7774,,
2026-08-20T00:20:59Z,SAT-EO-01,211,26.91,96.05,-72.78,59.005,-174.7519,,
2026-08-20T00:21:05Z,SAT-EO-01,212,26.94,95.54,-72.42,59.075,-174.7271,,
2026-08-20T00:21:11Z,SAT-EO-01,213,27.01,95.78,-71.82,59.1419,-174.7026,,
2026-08-20T00:21:17Z,SAT-EO-01,214,26.63,96.01,-74.39,59.206,-174.6781,,
2026-08-20T00:21:23Z,SAT-EO-01,215,27.31,95.54,-72.64,59.27,-174.6527,,
2026-08-20T00:21:29Z,SAT-EO-01,216,27.26,96.1,-72.83,59.3296,-174.6281,,
2026-08-20T00:21:35Z,SAT-EO-01,217,26.77,96.28,-71.04,59.3883,-174.6027,,
2026-08-20T00:21:41Z,SAT-EO-01,218,26.83,95.51,-74.3,59.4445,-174.5772,,
2026-08-20T00:21:47Z,SAT-EO-01,219,26.82,95.87,-73.98,59.4977,-174.5519,,
2026-08-20T00:21:53Z,SAT-EO-01,220,26.64,95.46,-73.88,59.5472,-174.5272,,
2026-08-20T00:21:59Z,SAT-EO-01,221,27.31,95.9,-72.96,59.5949,-174.502,,
2026-08-20T00:22:05Z,SAT-EO-01,222,27.21,96.25,-71.63,59.6399,-174.4768,,
2026-08-20T00:22:11Z,SAT-EO-01,223,26.75,95.83,-73.44,59.6821,-174.4518,,
2026-08-20T00:22:17Z,SAT-EO-01,224,26.78,95.84,-73.08,59.7221,-174.4265,,
2026-08-20T00:22:23Z,SAT-EO-01,225,27.48,95.83,-73.62,59.7598,-174.4009,,
2026-08-20T00:22:29Z,SAT-EO-01,226,27.15,95.8,-73.52,59.7944,-174.3755,,
2026-08-20T00:22:35Z,SAT-EO-01,227,27.53,96.43,-73.46,59.826,-174.3504,,
2026-08-20T00:22:42Z,SAT-EO-01,228,26.85,96.12,-72.1,59.8554,-174.3249,,
2026-08-20T00:22:48Z,SAT-EO-01,229,26.93,95.79,-74.08,59.8817,-174.2999,,
2026-08-20T00:22:54Z,SAT-EO-01,230,26.74,95.78,-72.99,59.9056,-174.2746,,
2026-08-20T00:23:00Z,SAT-EO-01,231,26.81,96.05,-73.0,59.9262,-174.25,,
2026-08-20T00:23:06Z,SAT-EO-01,232,27.41,96.29,-72.71,59.9446,-174.225,,
2026-08-20T00:23:11Z,SAT-EO-01,233,27.24,96.46,-72.52,59.9602,-174.2002,,
2026-08-20T00:23:18Z,SAT-EO-01,234,26.87,96.23,-72.66,59.9735,-174.1748,,
2026-08-20T00:23:24Z,SAT-EO-01,235,27.29,96.12,-72.14,59.9842,-174.1493,,
2026-08-20T00:23:30Z,SAT-EO-01,236,27.41,95.84,-72.61,59.992,-174.1242,,
2026-08-20T00:23:36Z,SAT-EO-01,237,26.94,96.04,-72.03,59.9972,-174.0987,,
2026-08-20T00:23:42Z,SAT-EO-01,238,26.71,96.1,-72.68,59.9997,-174.0741,,
2026-08-20T00:23:48Z,SAT-EO-01,239,27.07,96.01,-74.09,59.9996,-174.0491,,
2026-08-20T00:23:54Z,SAT-EO-01,240,27.26,96.37,-72.83,59.9969,-174.024,,
2026-08-20T00:24:00Z,SAT-EO-01,241,27.09,96.39,-73.07,59.9917,-173.9994,,
2026-08-20T00:24:06Z,SAT-EO-01,242,27.1,96.04,-72.67,59.9837,-173.9743,,
2026-08-20T00:24:12Z,SAT-EO-01,243,27.37,95.74,-72.89,59.9733,-173.9498,,
2026-08-20T00:24:17Z,SAT-EO-01,244,26.75,95.88,-72.89,59.9603,-173.925,,
2026-08-20T00:24:24Z,SAT-EO-01,245,26.8,96.09,-71.74,59.9443,-173.8996,,
2026-08-20T00:24:30Z,SAT-EO-01,246,26.97,95.57,-73.31,59.9257,-173.8743,,
2026-08-20T00:24:36Z,SAT-EO-01,247,26.49,95.44,-72.63,59.904,-173.8487,,
2026-08-20T00:24:42Z,SAT-EO-01,248,26.82,96.27,-71.93,59.8801,-173.8235,,
2026-08-20T00:24:48Z,SAT-EO-01,249,27.22,95.96,-71.49,59.854,-173.7987,,
2026-08-20T00:24:54Z,SAT-EO-01,250,26.61,96.2,-73.13,59.8252,-173.7739,,
2026-08-20T00:25:00Z,SAT-EO-01,251,26.55,96.34,-73.02,59.794,-173.7492,,
2026-08-20T00:25:06Z,SAT-EO-01,252,27.37,96.04,-73.14,59.759,-173.7236,,
2026-08-20T00:25:12Z,SAT-EO-01,253,27.18,96.08,-72.43,59.7217,-173.6983,,
2026-08-20T00:25:18Z,SAT-EO-01,254,27.44,96.28,-72.54,59.6829,-173.6737,,
2026-08-20T00:25:24Z,SAT-EO-01,255,26.74,96.41,-72.96,59.6409,-173.6488,,
2026-08-20T00:25:30Z,SAT-EO-01,256,26.47,95.56,-72.47,59.5973,-173.6243,,
2026-08-20T00:25:36Z,SAT-EO-01,257,26.81,95.48,-73.27,59.5494,-173.5989,,
2026-08-20T00:25:42Z,SAT-EO-01,258,26.11,96.2,-73.78,59.4993,-173.5738,,
2026-08-20T00:25:48Z,SAT-EO-01,259,26.62,95.92,-72.89,59.4458,-173.5484,,
2026-08-20T00:25:54Z,SAT-EO-01,260,26.55,96.06,-71.45,59.3904,-173.5232,,
2026-08-20T00:26:00Z,SAT-EO-01,261,27.02,95.41,-73.07,59.3341,-173.4988,,
2026-08-20T00:26:06Z,SAT-EO-01,262,26.71,95.87,-73.44,59.2753,-173.4744,,
2026-08-20T00:26:12Z,SAT-EO-01,263,27.57,96.07,-73.3,59.2137,-173.4499,,
2026-08-20T00:26:17Z,SAT-EO-01,264,27.14,95.97,-73.47,59.1494,-173.4253,,
2026-08-20T00:26:23Z,SAT-EO-01,265,26.95,95.73,-72.26,59.0809,-173.4,,
2026-08-20T00:26:30Z,SAT-EO-01,266,27.06,95.74,-71.93,59.0096,-173.3748,,
2026-08-20T00:26:36Z,SAT-EO-01,267,27.38,95.93,-71.13,58.9353,-173.3494,,
2026-08-20T00:26:42Z,SAT-EO-01,268,26.67,95.77,-72.61,58.8595,-173.3243,,
2026-08-20T00:26:48Z,SAT-EO-01,269,26.68,95.74,-73.02,58.783,-173.2999,,
2026-08-20T00:26:54Z,SAT-EO-01,270,27.05,95.59,-73.17,58.7002,-173.2743,,
2026-08-20T00:27:00Z,SAT-EO-01,271,26.89,96.37,-71.34,58.6156,-173.2489,,
2026-08-20T00:27:06Z,SAT-EO-01,272,27.04,95.55,-72.26,58.5307,-173.2243,,
2026-08-20T00:27:12Z,SAT-EO-01,273,26.79,95.4,-72.37,58.4413,-173.199,,
2026-08-20T00:27:18Z,SAT-EO-01,274,27.1,95.34,-73.4,58.3491,-173.1737,,
2026-08-20T00:27:24Z,SAT-EO-01,275,26.95,96.06,-71.31,58.256,-173.1489,,
2026-08-20T00:27:30Z,SAT-EO-01,276,26.7,95.38,-73.1,58.1598,-173.1239,,
2026-08-20T00:27:36Z,SAT-EO-01,277,27.37,96.12,-73.12,58.0605,-173.0988,,
2026-08-20T00:27:42Z,SAT-EO-01,278,26.99,95.84,-72.83,57.9581,-173.0735,,
2026-08-20T00:27:48Z,SAT-EO-01,279,27.03,95.66,-71.96,57.8542,-173.0485,,
2026-08-20T00:27:54Z,SAT-EO-01,280,25.83,95.45,-72.3,57.7485,-173.0237,,
2026-08-20T00:28:00Z,SAT-EO-01,281,26.37,96.01,-72.91,57.6401,-172.9988,,
2026-08-20T00:28:06Z,SAT-EO-01,282,26.94,95.32,-72.73,57.526,-172.9733,,
2026-08-20T00:28:12Z,SAT-EO-01,283,26.83,95.38,-71.7,57.4145,-172.9488,,
2026-08-20T00:28:18Z,SAT-EO-01,284,26.62,95.85,-73.59,57.2984,-172.9239,,
2026-08-20T00:28:24Z,SAT-EO-01,285,26.67,95.58,-72.71,57.1781,-172.8986,,
2026-08-20T00:28:30Z,SAT-EO-01,286,27.51,95.75,-71.39,57.0545,-172.8732,,
2026-08-20T00:28:36Z,SAT-EO-01,287,26.68,95.59,-72.46,56.9282,-172.8477,,
2026-08-20T00:28:42Z,SAT-EO-01,288,26.75,95.59,-73.21,56.8014,-172.8227,,
2026-08-20T00:28:48Z,SAT-EO-01,289,26.78,95.11,-71.62,56.6695,-172.7972,,
2026-08-20T00:28:54Z,SAT-EO-01,290,26.86,95.07,-69.98,56.5381,-172.7722,,
2026-08-20T00:29:00Z,SAT-EO-01,291,27.12,95.32,-71.81,56.4029,-172.747,,
2026-08-20T00:29:06Z,SAT-EO-01,292,26.35,95.63,-72.8,56.2631,-172.7214,,
2026-08-20T00:29:12Z,SAT-EO-01,293,26.64,95.6,-71.55,56.1244,-172.6965,,
2026-08-20T00:29:18Z,SAT-EO-01,294,26.87,95.52,-70.62,55.9797,-172.6709,,
2026-08-20T00:29:25Z,SAT-EO-01,295,26.76,95.78,-71.31,55.8348,-172.6458,,
2026-08-20T00:29:30Z,SAT-EO-01,296,27.09,95.22,-70.86,55.6904,-172.6211,,
2026-08-20T00:29:36Z,SAT-EO-01,297,26.77,95.29,-72.19,55.5404,-172.5959,,
2026-08-20T00:29:43Z,SAT-EO-01,298,26.77,95.55,-70.96,55.3862,-172.5705,,
2026-08-20T00:29:49Z,SAT-EO-01,299,26.56,95.68,-71.13,55.2306,-172.5452,,
2026-08-20T00:29:55Z,SAT-EO-01,300,26.2,95.61,-71.55,55.0719,-172.5198,,
2026-08-20T00:30:01Z,SAT-EO-01,301,26.57,95.44,-72.16,54.9137,-172.4949,,
2026-08-20T00:30:07Z,SAT-EO-01,302,26.61,95.07,-73.31,54.754,-172.4701,,
2026-08-20T00:30:13Z,SAT-EO-01,303,26.25,94.83,-72.48,54.5889,-172.4449,,
2026-08-20T00:30:19Z,SAT-EO-01,304,26.12,95.39,-72.5,54.4253,-172.4202,,
2026-08-20T00:30:25Z,SAT-EO-01,305,26.33,95.89,-71.12,54.2557,-172.395,,
2026-08-20T00:30:31Z,SAT-EO-01,306,26.44,95.2,-71.89,54.0849,-172.37,,
2026-08-20T00:30:37Z,SAT-EO-01,307,26.06,94.88,-71.03,53.9133,-172.3452,,
2026-08-20T00:30:43Z,SAT-EO-01,308,27.38,95.44,-71.35,53.737,-172.32,,
2026-08-20T00:30:49Z,SAT-EO-01,309,26.78,95.32,-71.7,53.5573,-172.2948,,
2026-08-20T00:30:55Z,SAT-EO-01,310,26.48,95.18,-71.31,53.3813,-172.2703,,
2026-08-20T00:31:01Z,SAT-EO-01,311,25.9,95.18,-72.51,53.2026,-172.2458,,
2026-08-20T00:31:07Z,SAT-EO-01,312,26.09,94.71,-71.37,53.0151,-172.2204,,
2026-08-20T00:31:13Z,SAT-EO-01,313,26.12,95.4,-72.44,52.8271,-172.1953,,
2026-08-20T00:31:19Z,SAT-EO-01,314,26.37,94.9,-71.18,52.6408,-172.1707,,
2026-08-20T00:31:25Z,SAT-EO-01,315,26.22,95.2,-72.86,52.449,-172.1456,,
2026-08-20T00:31:31Z,SAT-EO-01,316,26.57,95.45,-71.61,52.2506,-172.1201,,
2026-08-20T00:31:37Z,SAT-EO-01,317,26.45,94.97,-71.42,52.0539,-172.095,,
2026-08-20T00:31:43Z,SAT-EO-01,318,26.58,94.98,-71.16,51.8523,-172.0696,,
2026-08-20T00:31:49Z,SAT-EO-01,319,25.88,95.46,-72.44,51.6544,-172.045,,
2026-08-20T00:31:55Z,SAT-EO-01,320,26.12,95.2,-71.86,51.4485,-172.0196,,
2026-08-20T00:32:01Z,SAT-EO-01,321,26.11,95.05,-72.04,51.244,-171.9947,,
2026-08-20T00:32:07Z,SAT-EO-01,322,27.08,95.09,-71.93,51.0355,-171.9696,,
2026-08-20T00:32:13Z,SAT-EO-01,323,26.25,94.9,-71.27,50.8219,-171.9442,,
2026-08-20T00:32:19Z,SAT-EO-01,324,26.24,94.52,-71.05,50.6087,-171.919,,
2026-08-20T00:32:25Z,SAT-EO-01,325,26.25,95.52,-71.88,50.3956,-171.8942,,
2026-08-20T00:32:31Z,SAT-EO-01,326,26.84,95.1,-70.31,50.18,-171.8692,,
2026-08-20T00:32:37Z,SAT-EO-01,327,26.45,95.24,-71.46,49.9559,-171.8436,,
2026-08-20T00:32:43Z,SAT-EO-01,328,26.16,94.53,-71.69,49.7396,-171.8191,,
2026-08-20T00:32:49Z,SAT-EO-01,329,26.23,94.58,-70.9,49.5182,-171.7943,,
2026-08-20T00:32:55Z,SAT-EO-01,330,25.65,94.87,-69.35,49.2888,-171.7689,,
2026-08-20T00:33:01Z,SAT-EO-01,331,26.61,94.42,-69.67,49.0634,-171.7441,,
2026-08-20T00:33:07Z,SAT-EO-01,332,26.31,94.72,-71.52,48.8343,-171.7191,,
2026-08-20T00:33:13Z,SAT-EO-01,333,26.33,94.44,-70.8,48.5974,-171.6935,,
2026-08-20T00:33:19Z,SAT-EO-01,334,25.63,95.04,-71.14,48.3683,-171.669,,
2026-08-20T00:33:25Z,SAT-EO-01,335,26.49,94.77,-71.74,48.1342,-171.6442,,
2026-08-20T00:33:31Z,SAT-EO-01,336,25.98,94.61,-70.2,47.8904,-171.6186,,
2026-08-20T00:33:37Z,SAT-EO-01,337,26.89,94.66,-70.63,47.6461,-171.5932,,
2026-08-20T00:33:43Z,SAT-EO-01,338,25.95,94.66,-70.28,47.4084,-171.5687,,
2026-08-20T00:33:49Z,SAT-EO-01,339,25.76,94.17,-72.18,47.1616,-171.5434,,
2026-08-20T00:33:55Z,SAT-EO-01,340,26.2,95.01,-71.57,46.9165,-171.5185,,
2026-08-20T00:34:01Z,SAT-EO-01,341,26.0,94.65,-70.56,46.668,-171.4935,,
2026-08-20T00:34:07Z,SAT-EO-01,342,25.95,94.56,-70.11,46.419,-171.4687,,
2026-08-20T00:34:13Z,SAT-EO-01,343,25.9,94.2,-70.12,46.1691,-171.4439,,
2026-08-20T00:34:19Z,SAT-EO-01,344,25.63,94.37,-70.38,45.9166,-171.4191,,
2026-08-20T00:34:25Z,SAT-EO-01,345,25.92,94.53,-69.36,45.656,-171.3937,,
2026-08-20T00:34:31Z,SAT-EO-01,346,26.1,93.67,-70.38,45.4017,-171.3691,,
2026-08-20T00:34:37Z,SAT-EO-01,347,25.67,94.22,-70.35,45.1459,-171.3445,,
2026-08-20T00:34:43Z,SAT-EO-01,348,26.05,93.79,-70.87,44.8774,-171.319,,
2026-08-20T00:34:49Z,SAT-EO-01,349,25.52,94.17,-71.28,44.6129,-171.294,,
2026-08-20T00:34:55Z,SAT-EO-01,350,26.04,93.93,-69.94,44.345,-171.2688,,
2026-08-20T00:35:01Z,SAT-EO-01,351,25.73,94.52,-70.12,44.0826,-171.2444,,
2026-08-20T00:35:07Z,SAT-EO-01,352,25.67,93.97,-70.53,43.8059,-171.2187,,
2026-08-20T00:35:13Z,SAT-EO-01,353,25.55,94.0,-70.47,43.539,-171.1942,,
2026-08-20T00:35:19Z,SAT-EO-01,354,25.8,93.66,-69.39,43.2648,-171.1692,,
2026-08-20T00:35:25Z,SAT-EO-01,355,24.83,94.25,-71.17,42.9872,-171.1441,,
2026-08-20T00:35:31Z,SAT-EO-01,356,25.62,94.28,-70.29,42.7113,-171.1192,,
2026-08-20T00:35:37Z,SAT-EO-01,357,25.48,93.3,-70.44,42.4284,-171.0939,,
2026-08-20T00:35:43Z,SAT-EO-01,358,25.8,93.67,-69.99,42.1464,-171.0689,,
2026-08-20T00:35:49Z,SAT-EO-01,359,26.06,93.84,-69.94,41.8623,-171.0438,,
2026-08-20T00:35:55Z,SAT-EO-01,360,25.29,94.14,-70.57,41.5821,-171.0193,,
2026-08-20T00:36:01Z,SAT-EO-01,361,25.12,93.41,-68.67,41.2955,-170.9943,,
2026-08-20T00:36:07Z,SAT-EO-01,362,25.5,94.07,-70.7,41.001,-170.9688,,
2026-08-20T00:36:13Z,SAT-EO-01,363,25.79,93.63,-68.04,40.7113,-170.9439,,
2026-08-20T00:36:19Z,SAT-EO-01,364,25.32,93.78,-69.08,40.4166,-170.9187,,
2026-08-20T00:36:25Z,SAT-EO-01,365,25.52,93.49,-69.31,40.1207,-170.8935,,
2026-08-20T00:36:31Z,SAT-EO-01,366,25.25,93.59,-69.57,39.8246,-170.8685,,
2026-08-20T00:36:37Z,SAT-EO-01,367,25.34,93.66,-70.68,39.5331,-170.844,,
2026-08-20T00:36:43Z,SAT-EO-01,368,25.1,93.75,-68.64,39.236,-170.8192,,
2026-08-20T00:36:49Z,SAT-EO-01,369,25.84,93.72,-68.73,38.9397,-170.7946,,
2026-08-20T00:36:55Z,SAT-EO-01,370,25.13,93.19,-69.89,38.635,-170.7695,,
2026-08-20T00:37:01Z,SAT-EO-01,371,25.84,93.61,-69.08,38.3363,-170.7449,,
2026-08-20T00:37:07Z,SAT-EO-01,372,26.11,93.8,-67.97,38.0373,-170.7205,,
2026-08-20T00:37:13Z,SAT-EO-01,373,25.52,93.67,-69.66,37.7257,-170.6952,,
2026-08-20T00:37:19Z,SAT-EO-01,374,25.01,93.22,-70.36,37.4097,-170.6697,,
2026-08-20T00:37:25Z,SAT-EO-01,375,26.0,93.05,-69.47,37.0997,-170.6448,,
2026-08-20T00:37:31Z,SAT-EO-01,376,25.16,92.96,-68.52,36.7809,-170.6193,,
2026-08-20T00:37:37Z,SAT-EO-01,377,25.18,93.32,-69.41,36.4616,-170.5939,,
2026-08-20T00:37:43Z,SAT-EO-01,378,25.77,93.44,-68.59,36.1402,-170.5684,,
2026-08-20T00:37:49Z,SAT-EO-01,379,25.25,92.85,-68.82,35.8202,-170.5432,,
2026-08-20T00:37:55Z,SAT-EO-01,380,24.93,93.15,-70.29,35.496,-170.5179,,
2026-08-20T00:38:01Z,SAT-EO-01,381,25.25,93.53,-68.87,35.1698,-170.4924,,
2026-08-20T00:38:07Z,SAT-EO-01,382,26.02,93.52,-68.53,34.8508,-170.4677,,
2026-08-20T00:38:13Z,SAT-EO-01,383,25.54,93.2,-69.1,34.5209,-170.4422,,
2026-08-20T00:38:19Z,SAT-EO-01,384,24.64,93.2,-69.69,34.2036,-170.4178,,
2026-08-20T00:38:25Z,SAT-EO-01,385,24.97,92.74,-69.38,33.8688,-170.3922,,
2026-08-20T00:38:31Z,SAT-EO-01,386,25.22,93.09,-67.72,33.5395,-170.3671,,
2026-08-20T00:38:37Z,SAT-EO-01,387,25.41,92.72,-68.95,33.2149,-170.3425,,
2026-08-20T00:38:43Z,SAT-EO-01,388,24.97,92.47,-69.69,32.8794,-170.3172,,
2026-08-20T00:38:49Z,SAT-EO-01,389,25.19,92.7,-67.38,32.5526,-170.2926,,
2026-08-20T00:38:55Z,SAT-EO-01,390,24.78,92.33,-67.56,32.2121,-170.2672,,
2026-08-20T00:39:01Z,SAT-EO-01,391,24.36,93.03,-69.14,31.878,-170.2423,,
2026-08-20T00:39:07Z,SAT-EO-01,392,25.76,92.71,-69.21,31.5387,-170.2171,,
2026-08-20T00:39:13Z,SAT-EO-01,393,25.56,92.94,-67.8,31.1994,-170.192,,
2026-08-20T00:39:19Z,SAT-EO-01,394,25.02,92.6,-67.54,30.8637,-170.1673,,
2026-08-20T00:39:25Z,SAT-EO-01,395,24.73,92.45,-68.0,30.5299,-170.1428,,
2026-08-20T00:39:31Z,SAT-EO-01,396,25.1,91.83,-67.88,30.1827,-170.1175,,
2026-08-20T00:39:37Z,SAT-EO-01,397,24.49,92.02,-68.55,29.8452,-170.0929,,
2026-08-20T00:39:43Z,SAT-EO-01,398,24.67,92.49,-67.99,29.4986,-170.0678,,
2026-08-20T00:39:49Z,SAT-EO-01,399,25.11,92.55,-68.6,29.1537,-170.0429,,
2026-08-20T00:39:55Z,SAT-EO-01,400,24.32,92.66,-69.93,28.8003,-170.0175,,
2026-08-20T00:40:01Z,SAT-EO-01,401,24.46,92.04,-68.24,28.45,-169.9924,,
2026-08-20T00:40:07Z,SAT-EO-01,402,23.99,92.54,-68.47,28.1036,-169.9676,,
2026-08-20T00:40:13Z,SAT-EO-01,403,24.76,92.1,-69.22,27.7463,-169.9422,,
2026-08-20T00:40:19Z,SAT-EO-01,404,23.55,92.25,-68.55,27.4003,-169.9176,,
2026-08-20T00:40:25Z,SAT-EO-01,405,25.11,92.04,-68.7,27.0468,-169.8926,,
2026-08-20T00:40:31Z,SAT-EO-01,406,24.67,92.21,-68.65,26.69,-169.8675,,
2026-08-20T00:40:37Z,SAT-EO-01,407,24.44,92.02,-68.86,26.3312,-169.8423,,
2026-08-20T00:40:43Z,SAT-EO-01,408,24.16,91.82,-68.86,25.9668,-169.8168,,
2026-08-20T00:40:50Z,SAT-EO-01,409,24.94,91.92,-68.11,25.6038,-169.7915,,
2026-08-20T00:40:55Z,SAT-EO-01,410,24.13,91.97,-68.97,25.2528,-169.7671,,
2026-08-20T00:41:01Z,SAT-EO-01,411,24.62,91.83,-67.98,24.8939,-169.7422,,
2026-08-20T00:41:08Z,SAT-EO-01,412,24.52,91.83,-68.49,24.5243,-169.7166,,
2026-08-20T00:41:13Z,SAT-EO-01,413,24.59,91.51,-67.74,24.166,-169.6919,,
2026-08-20T00:41:19Z,SAT-EO-01,414,23.81,91.8,-67.67,23.8029,-169.667,,
2026-08-20T00:41:25Z,SAT-EO-01,415,24.0,91.53,-67.76,23.4409,-169.6422,,
2026-08-20T00:41:31Z,SAT-EO-01,416,24.63,91.62,-67.77,23.0746,-169.6171,,
2026-08-20T00:41:37Z,SAT-EO-01,417,23.91,91.67,-68.72,22.704,-169.5919,,
2026-08-20T00:41:43Z,SAT-EO-01,418,23.15,91.49,-66.22,22.3423,-169.5673,,
2026-08-20T00:41:49Z,SAT-EO-01,419,24.36,92.08,-67.79,21.9752,-169.5424,,
2026-08-20T00:41:55Z,SAT-EO-01,420,23.87,91.36,-67.82,21.5998,-169.517,,
2026-08-20T00:42:02Z,SAT-EO-01,421,23.87,91.28,-68.14,21.2238,-169.4917,,
2026-08-20T00:42:08Z,SAT-EO-01,422,23.73,91.07,-67.65,20.8473,-169.4663,,
2026-08-20T00:42:14Z,SAT-EO-01,423,23.93,91.0,-66.99,20.4677,-169.4409,,
2026-08-20T00:42:20Z,SAT-EO-01,424,23.98,91.1,-67.68,20.0935,-169.4158,,
2026-08-20T00:42:26Z,SAT-EO-01,425,23.83,91.59,-67.56,19.7162,-169.3906,,
2026-08-20T00:42:32Z,SAT-EO-01,426,23.45,91.35,-66.53,19.345,-169.3659,,
2026-08-20T00:42:38Z,SAT-EO-01,427,23.77,91.53,-67.55,18.9664,-169.3407,,
2026-08-20T00:42:44Z,SAT-EO-01,428,24.19,91.42,-67.05,18.596,-169.3161,,
2026-08-20T00:42:50Z,SAT-EO-01,429,23.75,91.02,-68.32,18.2218,-169.2914,,
2026-08-20T00:42:56Z,SAT-EO-01,430,23.99,90.9,-67.37,17.8444,-169.2664,,
2026-08-20T00:43:02Z,SAT-EO-01,431,23.82,91.39,-67.57,17.4579,-169.241,,
2026-08-20T00:43:08Z,SAT-EO-01,432,23.94,91.28,-66.34,17.0686,-169.2154,,
2026-08-20T00:43:14Z,SAT-EO-01,433,23.69,91.19,-66.51,16.6942,-169.1908,,
2026-08-20T00:43:20Z,SAT-EO-01,434,24.63,90.7,-66.97,16.3085,-169.1655,,
2026-08-20T00:43:26Z,SAT-EO-01,435,23.75,91.19,-68.23,15.9194,-169.1401,,
2026-08-20T00:43:32Z,SAT-EO-01,436,24.06,90.77,-66.36,15.537,-169.1151,,
2026-08-20T00:43:38Z,SAT-EO-01,437,24.09,90.76,-68.18,15.1561,-169.0903,,
2026-08-20T00:43:44Z,SAT-EO-01,438,23.43,90.58,-67.69,14.7677,-169.065,,
2026-08-20T00:43:50Z,SAT-EO-01,439,24.14,90.6,-66.37,14.3857,-169.0402,,
2026-08-20T00:43:56Z,SAT-EO-01,440,24.08,90.61,-66.35,14.003,-169.0154,,
2026-08-20T00:44:02Z,SAT-EO-01,441,23.2,90.67,-68.25,13.6075,-168.9898,,
2026-08-20T00:44:08Z,SAT-EO-01,442,23.91,90.44,-66.87,13.2171,-168.9645,,
2026-08-20T00:44:14Z,SAT-EO-01,443,23.77,90.16,-67.17,12.8232,-168.9391,,
2026-08-20T00:44:20Z,SAT-EO-01,444,24.11,90.71,-68.31,12.4391,-168.9144,,
2026-08-20T00:44:26Z,SAT-EO-01,445,23.53,90.53,-66.73,12.0421,-168.8888,,
2026-08-20T00:44:32Z,SAT-EO-01,446,23.76,90.43,-66.71,11.6577,-168.8641,,
2026-08-20T00:44:38Z,SAT-EO-01,447,23.3,90.07,-66.33,11.267,-168.839,,
2026-08-20T00:44:44Z,SAT-EO-01,448,23.27,90.33,-67.25,10.8761,-168.814,,
2026-08-20T00:44:50Z,SAT-EO-01,449,23.1,90.2,-66.92,10.4932,-168.7895,,
2026-08-20T00:44:56Z,SAT-EO-01,450,23.32,90.07,-66.57,10.1065,-168.7648,,
2026-08-20T00:45:02Z,SAT-EO-01,451,23.49,90.29,-67.91,9.7071,-168.7392,,
2026-08-20T00:45:08Z,SAT-EO-01,452,23.58,90.25,-67.45,9.3089,-168.7138,,
2026-08-20T00:45:14Z,SAT-EO-01,453,23.3,90.5,-67.31,8.9242,-168.6893,,
2026-08-20T00:45:20Z,SAT-EO-01,454,23.02,89.53,-67.36,8.5412,-168.6649,,
2026-08-20T00:45:26Z,SAT-EO-01,455,22.74,89.68,-66.35,8.1463,-168.6398,,
2026-08-20T00:45:32Z,SAT-EO-01,456,23.68,90.09,-67.62,7.7452,-168.6143,,
2026-08-20T00:45:38Z,SAT-EO-01,457,23.08,90.15,-67.83,7.3607,-168.5899,,
2026-08-20T00:45:44Z,SAT-EO-01,458,23.11,89.88,-66.57,6.9747,-168.5654,,
2026-08-20T00:45:50Z,SAT-EO-01,459,23.06,90.02,-69.23,6.5739,-168.54,,
2026-08-20T00:45:56Z,SAT-EO-01,460,23.2,90.09,-67.35,6.183,-168.5152,,
2026-08-20T00:46:02Z,SAT-EO-01,461,22.89,89.91,-65.77,5.7861,-168.4901,,
2026-08-20T00:46:08Z,SAT-EO-01,462,23.36,89.38,-66.42,5.3892,-168.465,,
2026-08-20T00:46:14Z,SAT-EO-01,463,22.79,89.37,-65.3,4.9936,-168.44,,
2026-08-20T00:46:20Z,SAT-EO-01,464,22.78,89.91,-66.55,4.5891,-168.4144,,
2026-08-20T00:46:26Z,SAT-EO-01,465,22.6,89.54,-67.62,4.1932,-168.3894,,
2026-08-20T00:46:32Z,SAT-EO-01,466,22.32,89.39,-68.68,3.7978,-168.3644,,
2026-08-20T00:46:38Z,SAT-EO-01,467,22.23,89.59,-66.95,3.4077,-168.3398,,
2026-08-20T00:46:44Z,SAT-EO-01,468,22.22,89.62,-67.48,3.0213,-168.3154,,
2026-08-20T00:46:50Z,SAT-EO-01,469,22.04,89.33,-67.14,2.6234,-168.2903,,
2026-08-20T00:46:56Z,SAT-EO-01,470,22.9,89.04,-66.79,2.2351,-168.2658,,
2026-08-20T00:47:02Z,SAT-EO-01,471,23.01,89.22,-65.48,1.8416,-168.241,,
2026-08-20T00:47:08Z,SAT-EO-01,472,22.59,89.07,-67.53,1.4351,-168.2154,,
2026-08-20T00:47:14Z,SAT-EO-01,473,21.95,88.73,-66.79,1.0405,-168.1906,,
2026-08-20T00:47:20Z,SAT-EO-01,474,22.73,89.31,-67.43,0.6415,-168.1654,,
2026-08-20T00:47:26Z,SAT-EO-01,475,22.35,89.06,-65.71,0.2357,-168.1398,,
2026-08-20T00:47:32Z,SAT-EO-01,476,22.8,88.77,-68.77,-0.1535,-168.1153,,
2026-08-20T00:47:38Z,SAT-EO-01,477,22.39,88.69,-67.11,-0.5477,-168.0905,,
2026-08-20T00:47:44Z,SAT-EO-01,478,22.46,89.02,-67.14,-0.9362,-168.066,,
2026-08-20T00:47:50Z,SAT-EO-01,479,22.02,89.2,-67.08,-1.3363,-168.0408,,
2026-08-20T00:47:56Z,SAT-EO-01,480,22.38,88.85,-66.4,-1.7357,-168.0156,,
2026-08-20T00:48:02Z,SAT-EO-01,481,22.13,88.84,-67.92,-2.1397,-167.9902,,
2026-08-20T00:48:08Z,SAT-EO-01,482,22.35,88.28,-67.53,-2.5266,-167.9658,,
2026-08-20T00:48:14Z,SAT-EO-01,483,22.09,88.68,-66.89,-2.9227,-167.9408,,
2026-08-20T00:48:20Z,SAT-EO-01,484,21.89,88.83,-65.99,-3.3159,-167.916,,
2026-08-20T00:48:26Z,SAT-EO-01,485,21.99,89.01,-67.98,-3.7189,-167.8906,,
2026-08-20T00:48:32Z,SAT-EO-01,486,22.51,88.45,-65.88,-4.1111,-167.8658,,
2026-08-20T00:48:38Z,SAT-EO-01,487,22.26,88.54,-67.14,-4.5128,-167.8404,,
2026-08-20T00:48:44Z,SAT-EO-01,488,22.42,87.97,-66.1,-4.9048,-167.8157,,
2026-08-20T00:48:50Z,SAT-EO-01,489,22.46,88.66,-67.92,-5.3022,-167.7905,,
2026-08-20T00:48:56Z,SAT-EO-01,490,21.93,88.09,-67.4,-5.696,-167.7656,,
2026-08-20T00:49:02Z,SAT-EO-01,491,22.5,88.64,-67.51,-6.0815,-167.7412,,
2026-08-20T00:49:08Z,SAT-EO-01,492,21.94,88.52,-68.02,-6.4744,-167.7163,,
2026-08-20T00:49:14Z,SAT-EO-01,493,21.55,88.05,-67.1,-6.8709,-167.6912,,
2026-08-20T00:49:20Z,SAT-EO-01,494,22.05,88.14,-68.01,-7.2686,-167.666,,
2026-08-20T00:49:26Z,SAT-EO-01,495,22.12,88.11,-67.45,-7.6531,-167.6415,,
2026-08-20T00:49:31Z,SAT-EO-01,496,21.86,87.79,-67.4,-8.0373,-167.6171,,
2026-08-20T00:49:37Z,SAT-EO-01,497,21.78,88.42,-66.67,-8.421,-167.5927,,
2026-08-20T00:49:43Z,SAT-EO-01,498,21.74,87.95,-66.95,-8.8062,-167.5682,,
2026-08-20T00:49:49Z,SAT-EO-01,499,22.22,88.02,-67.23,-9.2061,-167.5427,,
2026-08-20T00:49:55Z,SAT-EO-01,500,21.94,88.01,-68.78,-9.5958,-167.5179,,
2026-08-20T00:50:01Z,SAT-EO-01,501,22.36,88.39,-66.66,-9.9806,-167.4933,,
2026-08-20T00:50:07Z,SAT-EO-01,502,21.9,87.52,-67.88,-10.3705,-167.4684,,
2026-08-20T00:50:13Z,SAT-EO-01,503,21.63,87.63,-68.78,-10.7552,-167.4438,,
2026-08-20T00:50:19Z,SAT-EO-01,504,21.93,87.66,-68.09,-11.1469,-167.4187,,
2026-08-20T00:50:25Z,SAT-EO-01,505,20.75,87.58,-66.34,-11.539,-167.3935,,
2026-08-20T00:50:31Z,SAT-EO-01,506,22.29,87.5,-68.26,-11.9305,-167.3683,,
2026-08-20T00:50:37Z,SAT-EO-01,507,22.5,87.19,-67.05,-12.3102,-167.3439,,
2026-08-20T00:50:43Z,SAT-EO-01,508,21.71,87.43,-67.04,-12.699,-167.3189,,
2026-08-20T00:50:49Z,SAT-EO-01,509,21.74,87.38,-66.98,-13.0923,-167.2935,,
2026-08-20T00:50:55Z,SAT-EO-01,510,21.48,87.49,-66.47,-13.4789,-167.2685,,
2026-08-20T00:51:01Z,SAT-EO-01,511,21.14,87.22,-67.8,-13.8629,-167.2437,,
2026-08-20T00:51:07Z,SAT-EO-01,512,21.91,88.02,-67.55,-14.2489,-167.2187,,
2026-08-20T00:51:13Z,SAT-EO-01,513,21.38,87.36,-66.94,-14.6411,-167.1932,,
2026-08-20T00:51:19Z,SAT-EO-01,514,21.6,87.54,-67.54,-15.0271,-167.1681,,
2026-08-20T00:51:25Z,SAT-EO-01,515,21.55,86.47,-66.87,-15.4184,-167.1426,,
2026-08-20T00:51:31Z,SAT-EO-01,516,21.38,87.65,-67.61,-15.7924,-167.1182,,
2026-08-20T00:51:37Z,SAT-EO-01,517,21.02,87.21,-68.21,-16.1792,-167.093,,
2026-08-20T00:51:43Z,SAT-EO-01,518,20.77,86.84,-68.0,-16.5667,-167.0676,,
2026-08-20T00:51:49Z,SAT-EO-01,519,21.56,87.15,-66.9,-16.9565,-167.042,,
2026-08-20T00:51:55Z,SAT-EO-01,520,21.38,87.08,-67.98,-17.3413,-167.0167,,
2026-08-20T00:52:02Z,SAT-EO-01,521,21.59,87.11,-67.24,-17.7259,-166.9914,,
2026-08-20T00:52:07Z,SAT-EO-01,522,21.52,86.68,-67.57,-18.0969,-166.9669,,
2026-08-20T00:52:13Z,SAT-EO-01,523,20.88,86.81,-68.2,-18.4731,-166.942,,
2026-08-20T00:52:20Z,SAT-EO-01,524,20.98,86.81,-67.11,-18.8561,-166.9166,,
2026-08-20T00:52:25Z,SAT-EO-01,525,21.06,86.55,-67.09,-19.2286,-166.8919,,
2026-08-20T00:52:31Z,SAT-EO-01,526,21.36,86.67,-68.21,-19.5956,-166.8674,,
2026-08-20T00:52:37Z,SAT-EO-01,527,20.73,86.44,-67.0,-19.9665,-166.8427,,
2026-08-20T00:52:43Z,SAT-EO-01,528,20.91,86.24,-67.8,-20.3369,-166.8179,,
2026-08-20T00:52:49Z,SAT-EO-01,529,20.97,86.65,-66.63,-20.7124,-166.7927,,
2026-08-20T00:52:55Z,SAT-EO-01,530,20.46,86.54,-66.94,-21.0774,-166.7682,,
2026-08-20T00:53:01Z,SAT-EO-01,531,21.52,86.81,-67.6,-21.4475,-166.7433,,
2026-08-20T00:53:07Z,SAT-EO-01,532,20.69,86.67,-67.35,-21.8129,-166.7186,,
2026-08-20T00:53:13Z,SAT-EO-01,533,21.21,87.1,-67.51,-22.1877,-166.6932,,
2026-08-20T00:53:19Z,SAT-EO-01,534,20.63,85.91,-67.87,-22.5517,-166.6685,,
2026-08-20T00:53:25Z,SAT-EO-01,535,20.6,86.36,-68.53,-22.9122,-166.6439,,
2026-08-20T00:53:31Z,SAT-EO-01,536,21.15,86.13,-67.89,-23.2694,-166.6196,,
2026-08-20T00:53:37Z,SAT-EO-01,537,20.61,86.28,-67.27,-23.6305,-166.5949,,
2026-08-20T00:53:43Z,SAT-EO-01,538,20.4,86.13,-68.58,-23.9914,-166.5701,,
2026-08-20T00:53:49Z,SAT-EO-01,539,20.51,86.38,-67.78,-24.3505,-166.5454,,
2026-08-20T00:53:55Z,SAT-EO-01,540,20.71,86.06,-67.41,-24.7114,-166.5205,,
2026-08-20T00:54:01Z,SAT-EO-01,541,20.71,85.93,-70.0,-25.0809,-166.4949,,
2026-08-20T00:54:07Z,SAT-EO-01,542,20.54,86.16,-68.73,-25.4432,-166.4697,,
2026-08-20T00:54:13Z,SAT-EO-01,543,20.6,86.04,-68.6,-25.805,-166.4445,,
2026-08-20T00:54:19Z,SAT-EO-01,544,20.43,85.84,-68.03,-26.1677,-166.4191,,
2026-08-20T00:54:25Z,SAT-EO-01,545,20.51,86.06,-69.33,-26.5218,-166.3943,,
2026-08-20T00:54:31Z,SAT-EO-01,546,19.68,85.51,-69.34,-26.872,-166.3697,,
2026-08-20T00:54:37Z,SAT-EO-01,547,20.3,86.19,-67.97,-27.2183,-166.3452,,
2026-08-20T00:54:43Z,SAT-EO-01,548,20.54,85.69,-66.58,-27.5662,-166.3206,,
2026-08-20T00:54:49Z,SAT-EO-01,549,20.64,85.47,-69.54,-27.9248,-166.2951,,
2026-08-20T00:54:55Z,SAT-EO-01,550,20.67,86.02,-67.68,-28.2691,-166.2706,,
2026-08-20T00:55:01Z,SAT-EO-01,551,19.94,86.07,-69.09,-28.6152,-166.2458,,
2026-08-20T00:55:07Z,SAT-EO-01,552,20.55,85.4,-69.53,-28.9702,-166.2203,,
2026-08-20T00:55:12Z,SAT-EO-01,553,20.32,85.33,-67.84,-29.3094,-166.1959,,
2026-08-20T00:55:18Z,SAT-EO-01,554,20.1,85.16,-69.37,-29.6467,-166.1715,,
2026-08-20T00:55:24Z,SAT-EO-01,555,20.17,85.25,-70.55,-29.9828,-166.1471,,
2026-08-20T00:55:30Z,SAT-EO-01,556,20.16,85.44,-68.52,-30.3264,-166.122,,
2026-08-20T00:55:36Z,SAT-EO-01,557,20.21,85.56,-69.51,-30.6675,-166.0971,,
2026-08-20T00:55:42Z,SAT-EO-01,558,20.56,85.41,-67.36,-31.0126,-166.0718,,
2026-08-20T00:55:48Z,SAT-EO-01,559,20.38,85.49,-68.92,-31.3596,-166.0462,,
2026-08-20T00:55:54Z,SAT-EO-01,560,19.92,85.55,-69.27,-31.6891,-166.0218,,
2026-08-20T00:56:00Z,SAT-EO-01,561,19.66,84.9,-68.58,-32.0257,-165.9967,,
2026-08-20T00:56:06Z,SAT-EO-01,562,20.09,85.39,-68.2,-32.3664,-165.9713,,
2026-08-20T00:56:12Z,SAT-EO-01,563,19.49,84.98,-68.86,-32.6991,-165.9464,,
2026-08-20T00:56:18Z,SAT-EO-01,564,19.45,84.97,-68.85,-33.0352,-165.921,,
2026-08-20T00:56:25Z,SAT-EO-01,565,20.0,85.16,-69.86,-33.3733,-165.8955,,
2026-08-20T00:56:30Z,SAT-EO-01,566,19.76,85.15,-69.69,-33.6974,-165.8709,,
2026-08-20T00:56:37Z,SAT-EO-01,567,19.56,85.09,-68.53,-34.0296,-165.8455,,
2026-08-20T00:56:43Z,SAT-EO-01,568,20.32,84.7,-68.29,-34.3538,-165.8206,,
2026-08-20T00:56:48Z,SAT-EO-01,569,19.82,85.07,-68.21,-34.6759,-165.7958,,
2026-08-20T00:56:55Z,SAT-EO-01,570,19.85,84.64,-69.17,-35.0024,-165.7706,,
2026-08-20T00:57:01Z,SAT-EO-01,571,19.29,84.92,-67.46,-35.3312,-165.745,,
2026-08-20T00:57:07Z,SAT-EO-01,572,19.83,85.05,-69.61,-35.6444,-165.7205,,
2026-08-20T00:57:13Z,SAT-EO-01,573,19.03,85.19,-70.29,-35.9622,-165.6956,,
2026-08-20T00:57:18Z,SAT-EO-01,574,19.69,84.88,-68.9,-36.272,-165.6711,,
2026-08-20T00:57:24Z,SAT-EO-01,575,19.2,84.85,-67.61,-36.5832,-165.6465,,
2026-08-20T00:57:30Z,SAT-EO-01,576,19.26,84.74,-69.24,-36.8903,-165.622,,
2026-08-20T00:57:36Z,SAT-EO-01,577,19.86,84.67,-69.82,-37.1976,-165.5974,,
2026-08-20T00:57:42Z,SAT-EO-01,578,19.86,84.38,-68.68,-37.5078,-165.5724,,
2026-08-20T00:57:48Z,SAT-EO-01,579,19.33,84.71,-68.2,-37.8189,-165.5472,,
2026-08-20T00:57:54Z,SAT-EO-01,580,19.77,84.71,-69.59,-38.1261,-165.5222,,
2026-08-20T00:58:00Z,SAT-EO-01,581,19.18,84.67,-68.76,-38.4276,-165.4976,,
2026-08-20T00:58:06Z,SAT-EO-01,582,19.44,84.44,-70.2,-38.735,-165.4723,,
2026-08-20T00:58:12Z,SAT-EO-01,583,20.31,84.38,-69.83,-39.0301,-165.4479,,
2026-08-20T00:58:18Z,SAT-EO-01,584,19.32,84.08,-70.86,-39.3291,-165.423,,
2026-08-20T00:58:24Z,SAT-EO-01,585,18.87,84.63,-70.17,-39.6317,-165.3977,,
2026-08-20T00:58:30Z,SAT-EO-01,586,19.78,84.69,-70.65,-39.9297,-165.3726,,
2026-08-20T00:58:36Z,SAT-EO-01,587,19.49,84.07,-70.02,-40.2212,-165.3479,,
2026-08-20T00:58:42Z,SAT-EO-01,588,19.7,83.89,-68.15,-40.5214,-165.3224,,
2026-08-20T00:58:48Z,SAT-EO-01,589,20.0,84.26,-70.5,-40.8143,-165.2973,,
2026-08-20T00:58:54Z,SAT-EO-01,590,18.95,84.56,-70.14,-41.11,-165.2718,,
2026-08-20T00:59:00Z,SAT-EO-01,591,18.89,84.17,-70.86,-41.3978,-165.2468,,
2026-08-20T00:59:06Z,SAT-EO-01,592,19.5,84.05,-69.54,-41.6818,-165.222,,
2026-08-20T00:59:12Z,SAT-EO-01,593,18.44,84.15,-69.59,-41.9602,-165.1976,,
2026-08-20T00:59:18Z,SAT-EO-01,594,19.47,84.33,-69.38,-42.2406,-165.1728,,
2026-08-20T00:59:24Z,SAT-EO-01,595,18.69,84.12,-70.42,-42.5236,-165.1476,,
2026-08-20T00:59:30Z,SAT-EO-01,596,19.26,84.18,-72.1,-42.7975,-165.123,,
2026-08-20T00:59:36Z,SAT-EO-01,597,18.89,83.7,-69.55,-43.0685,-165.0986,,
2026-08-20T00:59:42Z,SAT-EO-01,598,18.85,83.88,-69.22,-43.3472,-165.0733,,
2026-08-20T00:59:48Z,SAT-EO-01,599,19.65,83.67,-70.54,-43.6179,-165.0485,,
2026-08-20T00:59:54Z,SAT-EO-01,600,19.37,84.24,-71.59,-43.8877,-165.0237,,
2026-08-20T01:00:00Z,SAT-EO-01,601,19.22,83.65,-70.91,-44.1595,-164.9985,,
2026-08-20T01:00:06Z,SAT-EO-01,602,19.35,83.96,-70.21,-44.4309,-164.9732,,
2026-08-20T01:00:12Z,SAT-EO-01,603,19.38,83.41,-69.49,-44.6906,-164.9487,,
2026-08-20T01:00:18Z,SAT-EO-01,604,18.78,83.76,-71.13,-44.9578,-164.9234,,
2026-08-20T01:00:24Z,SAT-EO-01,605,19.32,83.68,-69.98,-45.2197,-164.8984,,
2026-08-20T01:00:30Z,SAT-EO-01,606,19.4,83.9,-70.51,-45.4823,-164.8731,,
2026-08-20T01:00:36Z,SAT-EO-01,607,19.3,83.77,-69.82,-45.7427,-164.8479,,
2026-08-20T01:00:42Z,SAT-EO-01,608,18.83,83.31,-71.5,-45.9946,-164.8233,,
2026-08-20T01:00:48Z,SAT-EO-01,609,19.18,83.8,-70.2,-46.2545,-164.7977,,
2026-08-20T01:00:54Z,SAT-EO-01,610,19.6,82.98,-70.67,-46.5118,-164.7721,,
2026-08-20T01:01:00Z,SAT-EO-01,611,19.24,83.76,-70.88,-46.7573,-164.7475,,
2026-08-20T01:01:06Z,SAT-EO-01,612,18.95,83.5,-70.32,-47.0091,-164.7221,,
2026-08-20T01:01:12Z,SAT-EO-01,613,19.27,83.63,-70.32,-47.2514,-164.6974,,
2026-08-20T01:01:18Z,SAT-EO-01,614,18.96,83.91,-70.73,-47.4895,-164.673,,
2026-08-20T01:01:24Z,SAT-EO-01,615,19.09,83.3,-72.52,-47.7354,-164.6475,,
2026-08-20T01:01:30Z,SAT-EO-01,616,19.29,83.12,-71.64,-47.9704,-164.623,,
2026-08-20T01:01:36Z,SAT-EO-01,617,19.26,83.53,-70.33,-48.2121,-164.5975,,
2026-08-20T01:01:42Z,SAT-EO-01,618,18.39,83.37,-71.42,-48.4481,-164.5724,,
2026-08-20T01:01:48Z,SAT-EO-01,619,18.49,82.98,-72.17,-48.6786,-164.5477,,
2026-08-20T01:01:54Z,SAT-EO-01,620,19.22,83.12,-71.11,-48.9122,-164.5224,,
2026-08-20T01:02:00Z,SAT-EO-01,621,18.63,82.84,-71.92,-49.1442,-164.4971,,
2026-08-20T01:02:06Z,SAT-EO-01,622,19.23,83.38,-71.18,-49.3658,-164.4726,,
2026-08-20T01:02:12Z,SAT-EO-01,623,19.17,83.58,-71.39,-49.5919,-164.4474,,
2026-08-20T01:02:18Z,SAT-EO-01,624,18.3,83.11,-71.56,-49.8169,-164.4221,,
2026-08-20T01:02:24Z,SAT-EO-01,625,18.87,83.15,-71.15,-50.0346,-164.3974,,
2026-08-20T01:02:30Z,SAT-EO-01,626,18.47,83.52,-71.7,-50.249,-164.3728,,
2026-08-20T01:02:36Z,SAT-EO-01,627,18.07,82.88,-72.44,-50.467,-164.3476,,
2026-08-20T01:02:42Z,SAT-EO-01,628,18.47,82.65,-71.38,-50.6774,-164.3229,,
2026-08-20T01:02:48Z,SAT-EO-01,629,18.76,83.08,-71.89,-50.8865,-164.2982,,
2026-08-20T01:02:54Z,SAT-EO-01,630,18.73,83.02,-71.2,-51.0912,-164.2737,,
2026-08-20T01:03:00Z,SAT-EO-01,631,19.24,83.35,-72.42,-51.2939,-164.2492,,
2026-08-20T01:03:06Z,SAT-EO-01,632,18.93,83.29,-70.61,-51.4937,-164.2248,,
2026-08-20T01:03:12Z,SAT-EO-01,633,18.23,82.74,-70.64,-51.6974,-164.1997,,
2026-08-20T01:03:18Z,SAT-EO-01,634,18.7,82.89,-71.27,-51.9021,-164.1741,,
2026-08-20T01:03:24Z,SAT-EO-01,635,18.96,83.21,-71.71,-52.101,-164.149,,
2026-08-20T01:03:30Z,SAT-EO-01,636,18.56,82.82,-72.86,-52.2974,-164.1239,,
2026-08-20T01:03:36Z,SAT-EO-01,637,18.96,82.79,-71.14,-52.4952,-164.0984,,
2026-08-20T01:03:42Z,SAT-EO-01,638,18.19,82.64,-71.74,-52.6908,-164.0728,,
2026-08-20T01:03:48Z,SAT-EO-01,639,18.49,83.04,-72.01,-52.8817,-164.0474,,
2026-08-20T01:03:54Z,SAT-EO-01,640,17.96,82.81,-71.76,-53.0701,-164.0222,,
2026-08-20T01:04:00Z,SAT-EO-01,641,18.05,82.96,-72.13,-53.2551,-163.997,,
2026-08-20T01:04:06Z,SAT-EO-01,642,18.58,82.86,-71.3,-53.4341,-163.9724,,
2026-08-20T01:04:12Z,SAT-EO-01,643,18.21,82.57,-72.52,-53.6091,-163.948,,
2026-08-20T01:04:18Z,SAT-EO-01,644,18.18,83.15,-72.06,-53.7823,-163.9236,,
2026-08-20T01:04:24Z,SAT-EO-01,645,18.25,82.76,-71.45,-53.9579,-163.8984,,
2026-08-20T01:04:30Z,SAT-EO-01,646,18.61,82.33,-71.72,-54.134,-163.8729,,
2026-08-20T01:04:36Z,SAT-EO-01,647,18.73,82.89,-72.53,-54.3049,-163.8477,,
2026-08-20T01:04:42Z,SAT-EO-01,648,18.43,82.68,-71.33,-54.4714,-163.8229,,
2026-08-20T01:04:48Z,SAT-EO-01,649,18.13,82.28,-71.73,-54.6369,-163.7978,,
2026-08-20T01:04:54Z,SAT-EO-01,650,18.64,83.14,-72.61,-54.802,-163.7725,,
2026-08-20T01:05:00Z,SAT-EO-01,651,18.17,83.02,-70.44,-54.9604,-163.7478,,
2026-08-20T01:05:06Z,SAT-EO-01,652,18.1,82.45,-73.48,-55.1218,-163.7223,,
2026-08-20T01:05:12Z,SAT-EO-01,653,18.36,82.07,-72.1,-55.2736,-163.6979,,
2026-08-20T01:05:18Z,SAT-EO-01,654,18.1,82.6,-72.42,-55.4301,-163.6723,,
2026-08-20T01:05:24Z,SAT-EO-01,655,17.89,82.72,-72.37,-55.5801,-163.6474,,
2026-08-20T01:05:30Z,SAT-EO-01,656,18.22,82.63,-73.01,-55.7252,-163.623,,
2026-08-20T01:05:36Z,SAT-EO-01,657,18.51,82.72,-72.47,-55.8738,-163.5975,,
2026-08-20T01:05:42Z,SAT-EO-01,658,18.08,82.49,-73.56,-56.0159,-163.5727,,
2026-08-20T01:05:48Z,SAT-EO-01,659,17.82,82.12,-71.87,-56.1571,-163.5477,,
2026-08-20T01:05:54Z,SAT-EO-01,660,18.47,82.15,-73.37,-56.2943,-163.5229,,
2026-08-20T01:06:00Z,SAT-EO-01,661,18.19,82.2,-72.17,-56.4304,-163.4979,,
2026-08-20T01:06:06Z,SAT-EO-01,662,19.3,82.51,-71.65,-56.562,-163.4733,,
2026-08-20T01:06:12Z,SAT-EO-01,663,18.39,82.54,-70.71,-56.6953,-163.4479,,
2026-08-20T01:06:18Z,SAT-EO-01,664,17.84,82.12,-71.95,-56.8218,-163.4233,,
2026-08-20T01:06:24Z,SAT-EO-01,665,18.08,82.28,-71.62,-56.9492,-163.3981,,
2026-08-20T01:06:30Z,SAT-EO-01,666,18.54,82.27,-72.09,-57.073,-163.373,,
2026-08-20T01:06:36Z,SAT-EO-01,667,18.13,82.25,-70.51,-57.1933,-163.3482,,
2026-08-20T01:06:42Z,SAT-EO-01,668,18.35,82.28,-72.95,-57.3105,-163.3235,,
2026-08-20T01:06:48Z,SAT-EO-01,669,18.55,82.82,-73.76,-57.4252,-163.2989,,
2026-08-20T01:06:54Z,SAT-EO-01,670,17.53,82.56,-71.67,-57.5392,-163.2738,,
2026-08-20T01:07:00Z,SAT-EO-01,671,17.25,82.28,-72.28,-57.6486,-163.2492,,
2026-08-20T01:07:06Z,SAT-EO-01,672,18.49,82.32,-73.29,-57.7575,-163.2242,,
2026-08-20T01:07:12Z,SAT-EO-01,673,17.85,82.15,-73.38,-57.8617,-163.1997,,
2026-08-20T01:07:18Z,SAT-EO-01,674,18.38,82.2,-72.46,-57.9649,-163.1748,,
2026-08-20T01:07:24Z,SAT-EO-01,675,18.04,82.21,-70.52,-58.0661,-163.1498,,
2026-08-20T01:07:30Z,SAT-EO-01,676,17.75,81.94,-71.97,-58.1654,-163.1246,,
2026-08-20T01:07:35Z,SAT-EO-01,677,18.23,82.64,-72.36,-58.2592,-163.1003,,
2026-08-20T01:07:42Z,SAT-EO-01,678,18.26,81.67,-72.82,-58.3544,-163.0748,,
2026-08-20T01:07:48Z,SAT-EO-01,679,17.65,82.13,-73.33,-58.4467,-163.0495,,
2026-08-20T01:07:54Z,SAT-EO-01,680,18.09,82.1,-71.96,-58.5347,-163.0246,,
2026-08-20T01:08:00Z,SAT-EO-01,681,17.89,82.21,-71.77,-58.6207,-162.9995,,
2026-08-20T01:08:06Z,SAT-EO-01,682,17.93,81.88,-73.29,-58.7038,-162.9746,,
2026-08-20T01:08:12Z,SAT-EO-01,683,17.87,82.1,-73.24,-58.784,-162.9498,,
2026-08-20T01:08:18Z,SAT-EO-01,684,17.31,82.45,-72.0,-58.863,-162.9245,,
2026-08-20T01:08:23Z,SAT-EO-01,685,18.31,81.84,-72.95,-58.9368,-162.9002,,
2026-08-20T01:08:30Z,SAT-EO-01,686,18.07,82.18,-71.59,-59.011,-162.8748,,
2026-08-20T01:08:35Z,SAT-EO-01,687,18.23,82.47,-72.25,-59.0799,-162.8503,,
2026-08-20T01:08:42Z,SAT-EO-01,688,18.34,81.81,-72.79,-59.1489,-162.8249,,
2026-08-20T01:08:48Z,SAT-EO-01,689,18.55,82.27,-73.2,-59.2147,-162.7997,,
2026-08-20T01:08:54Z,SAT-EO-01,690,17.89,82.17,-72.68,-59.2786,-162.7742,,
2026-08-20T01:09:00Z,SAT-EO-01,691,18.64,82.34,-72.72,-59.3394,-162.7489,,
2026-08-20T01:09:06Z,SAT-EO-01,692,18.37,82.05,-73.85,-59.3972,-162.7237,,
2026-08-20T01:09:12Z,SAT-EO-01,693,17.74,81.9,-73.76,-59.4526,-162.6985,,
2026-08-20T01:09:18Z,SAT-EO-01,694,17.76,82.27,-73.03,-59.5041,-162.6738,,
2026-08-20T01:09:24Z,SAT-EO-01,695,17.72,82.43,-72.5,-59.5537,-162.6488,,
2026-08-20T01:09:30Z,SAT-EO-01,696,18.39,82.28,-73.8,-59.6014,-162.6235,,
2026-08-20T01:09:36Z,SAT-EO-01,697,18.09,82.18,-73.87,-59.6452,-162.5987,,
2026-08-20T01:09:42Z,SAT-EO-01,698,17.71,81.78,-72.38,-59.6864,-162.5741,,
2026-08-20T01:09:48Z,SAT-EO-01,699,18.32,81.72,-72.5,-59.7258,-162.549,,
2026-08-20T01:09:54Z,SAT-EO-01,700,18.24,81.79,-71.8,-59.7628,-162.5237,,
2026-08-20T01:10:00Z,SAT-EO-01,701,18.14,81.63,-72.88,-59.7967,-162.4988,,
2026-08-20T01:10:06Z,SAT-EO-01,702,17.92,82.19,-73.2,-59.8277,-162.474,,
2026-08-20T01:10:12Z,SAT-EO-01,703,18.13,82.1,-72.6,-59.8572,-162.4484,,
2026-08-20T01:10:18Z,SAT-EO-01,704,17.47,82.3,-73.63,-59.8827,-162.4239,,
2026-08-20T01:10:24Z,SAT-EO-01,705,17.65,81.95,-73.01,-59.9065,-162.3985,,
2026-08-20T01:10:30Z,SAT-EO-01,706,17.96,81.56,-72.47,-59.9276,-162.3732,,
2026-08-20T01:10:36Z,SAT-EO-01,707,18.22,82.34,-72.68,-59.9459,-162.348,,
2026-08-20T01:10:42Z,SAT-EO-01,708,18.38,82.25,-72.73,-59.9615,-162.3229,,
2026-08-20T01:10:48Z,SAT-EO-01,709,18.05,82.01,-73.28,-59.9745,-162.2978,,
2026-08-20T01:10:54Z,SAT-EO-01,710,18.55,81.66,-73.44,-59.9848,-162.2725,,
2026-08-20T01:11:00Z,SAT-EO-01,711,18.13,81.48,-72.5,-59.9925,-162.2474,,
2026-08-20T01:11:06Z,SAT-EO-01,712,18.31,81.98,-73.52,-59.9975,-162.2223,,
2026-08-20T01:11:12Z,SAT-EO-01,713,17.63,82.37,-71.43,-59.9998,-162.1971,,
2026-08-20T01:11:18Z,SAT-EO-01,714,18.0,81.67,-72.31,-59.9995,-162.1718,,
2026-08-20T01:11:24Z,SAT-EO-01,715,18.43,82.42,-72.55,-59.9966,-162.1473,,
2026-08-20T01:11:30Z,SAT-EO-01,716,17.69,82.24,-72.62,-59.9911,-162.1223,,
2026-08-20T01:11:36Z,SAT-EO-01,717,18.55,82.22,-72.66,-59.9831,-162.0977,,
2026-08-20T01:11:42Z,SAT-EO-01,718,18.16,81.76,-70.54,-59.9721,-162.0722,,
2026-08-20T01:11:48Z,SAT-EO-01,719,18.09,81.72,-72.68,-59.9587,-162.0473,,
2026-08-20T01:11:54Z,SAT-EO-01,720,17.93,81.57,-72.1,-59.9426,-162.0222,,
2026-08-20T01:12:00Z,SAT-EO-01,721,17.98,81.9,-72.83,-59.9244,-161.9977,,
2026-08-20T01:12:06Z,SAT-EO-01,722,17.74,82.09,-72.34,-59.9027,-161.9723,,
2026-08-20T01:12:12Z,SAT-EO-01,723,18.23,81.81,-72.26,-59.8792,-161.9476,,
2026-08-20T01:12:18Z,SAT-EO-01,724,17.79,82.09,-72.91,-59.8521,-161.922,,
2026-08-20T01:12:24Z,SAT-EO-01,725,17.83,81.97,-73.13,-59.8229,-161.897,,
2026-08-20T01:12:30Z,SAT-EO-01,726,17.75,81.86,-73.52,-59.7919,-161.8726,,
2026-08-20T01:12:36Z,SAT-EO-01,727,17.85,81.96,-73.16,-59.7576,-161.8476,,
2026-08-20T01:12:42Z,SAT-EO-01,728,17.94,81.61,-73.31,-59.7198,-161.822,,
2026-08-20T01:12:48Z,SAT-EO-01,729,17.6,81.78,-73.33,-59.6795,-161.7967,,
2026-08-20T01:12:54Z,SAT-EO-01,730,17.9,82.38,-73.84,-59.6378,-161.772,,
2026-08-20T01:13:00Z,SAT-EO-01,731,18.24,81.91,-73.25,-59.594,-161.7475,,
2026-08-20T01:13:06Z,SAT-EO-01,732,17.71,81.57,-73.03,-59.5457,-161.722,,
2026-08-20T01:13:12Z,SAT-EO-01,733,17.91,82.13,-72.75,-59.4955,-161.697,,
2026-08-20T01:13:18Z,SAT-EO-01,734,18.98,81.71,-72.26,-59.4438,-161.6724,,
2026-08-20T01:13:24Z,SAT-EO-01,735,18.02,81.86,-72.15,-59.3886,-161.6474,,
2026-08-20T01:13:30Z,SAT-EO-01,736,17.86,81.78,-74.72,-59.3321,-161.623,,
2026-08-20T01:13:36Z,SAT-EO-01,737,18.7,82.29,-72.47,-59.2711,-161.5977,,
2026-08-20T01:13:42Z,SAT-EO-01,738,18.19,82.4,-72.73,-59.2087,-161.5729,,
2026-08-20T01:13:48Z,SAT-EO-01,739,17.97,82.31,-72.87,-59.1415,-161.5473,,
2026-08-20T01:13:54Z,SAT-EO-01,740,17.58,81.28,-73.99,-59.0725,-161.522,,
2026-08-20T01:14:00Z,SAT-EO-01,741,18.41,82.02,-74.16,-59.0005,-161.4966,,
2026-08-20T01:14:06Z,SAT-EO-01,742,17.76,82.0,-72.51,-58.9273,-161.4717,,
2026-08-20T01:14:12Z,SAT-EO-01,743,18.75,82.54,-71.0,-58.8524,-161.447,,
2026-08-20T01:14:18Z,SAT-EO-01,744,18.04,81.62,-72.07,-58.775,-161.4224,,
2026-08-20T01:14:24Z,SAT-EO-01,745,18.17,81.88,-73.21,-58.6933,-161.3972,,
2026-08-20T01:14:30Z,SAT-EO-01,746,17.81,82.27,-73.07,-58.6108,-161.3725,,
2026-08-20T01:14:36Z,SAT-EO-01,747,17.72,82.23,-71.73,-58.5256,-161.3478,,
2026-08-20T01:14:42Z,SAT-EO-01,748,17.94,82.21,-73.37,-58.4374,-161.323,,
2026-08-20T01:14:48Z,SAT-EO-01,749,17.94,82.31,-73.56,-58.3446,-161.2975,,
2026-08-20T01:14:54Z,SAT-EO-01,750,18.37,82.11,-72.22,-58.2521,-161.2729,,
2026-08-20T01:15:00Z,SAT-EO-01,751,18.33,82.52,-73.15,-58.1569,-161.2482,,
2026-08-20T01:15:06Z,SAT-EO-01,752,18.31,82.05,-72.83,-58.0582,-161.2232,,
2026-08-20T01:15:12Z,SAT-EO-01,753,17.83,82.07,-72.36,-57.9569,-161.1982,,
2026-08-20T01:15:18Z,SAT-EO-01,754,18.1,82.65,-72.74,-57.8531,-161.1733,,
2026-08-20T01:15:24Z,SAT-EO-01,755,17.21,82.14,-72.98,-57.7485,-161.1487,,
2026-08-20T01:15:30Z,SAT-EO-01,756,18.66,82.13,-73.42,-57.6377,-161.1233,,
2026-08-20T01:15:36Z,SAT-EO-01,757,18.45,82.34,-72.11,-57.5262,-161.0983,,
2026-08-20T01:15:42Z,SAT-EO-01,758,19.57,82.32,-72.9,-57.4147,-161.0739,,
2026-08-20T01:15:48Z,SAT-EO-01,759,18.1,82.39,-72.51,-57.2986,-161.0489,,
2026-08-20T01:15:54Z,SAT-EO-01,760,18.06,82.39,-73.16,-57.1812,-161.0243,,
2026-08-20T01:16:00Z,SAT-EO-01,761,18.07,82.06,-72.79,-57.0611,-160.9995,,
2026-08-20T01:16:06Z,SAT-EO-01,762,18.67,82.44,-72.76,-56.9356,-160.9742,,
2026-08-20T01:16:12Z,SAT-EO-01,763,18.48,82.83,-72.52,-56.8108,-160.9495,,
2026-08-20T01:16:17Z,SAT-EO-01,764,18.48,82.77,-72.24,-56.6848,-160.9251,,
2026-08-20T01:16:23Z,SAT-EO-01,765,18.19,82.39,-72.26,-56.5552,-160.9004,,
2026-08-20T01:16:30Z,SAT-EO-01,766,18.36,82.59,-73.47,-56.4185,-160.8749,,
2026-08-20T01:16:36Z,SAT-EO-01,767,18.58,82.32,-72.99,-56.281,-160.8497,,
2026-08-20T01:16:42Z,SAT-EO-01,768,18.62,82.7,-71.42,-56.1438,-160.8249,,
2026-08-20T01:16:48Z,SAT-EO-01,769,18.09,82.41,-73.54,-56.0017,-160.7998,,
2026-08-20T01:16:54Z,SAT-EO-01,770,18.17,82.37,-73.12,-55.8592,-160.775,,
2026-08-20T01:17:00Z,SAT-EO-01,771,18.44,82.21,-72.1,-55.7099,-160.7494,,
2026-08-20T01:17:06Z,SAT-EO-01,772,17.29,83.04,-72.44,-55.5632,-160.7248,,
2026-08-20T01:17:12Z,SAT-EO-01,773,18.51,82.92,-72.88,-55.4103,-160.6994,,
2026-08-20T01:17:18Z,SAT-EO-01,774,18.97,82.49,-71.61,-55.2577,-160.6746,,
2026-08-20T01:17:24Z,SAT-EO-01,775,18.08,82.42,-72.48,-55.1003,-160.6493,,
2026-08-20T01:17:30Z,SAT-EO-01,776,18.01,82.65,-70.66,-54.9426,-160.6244,,
2026-08-20T01:17:36Z,SAT-EO-01,777,17.72,82.59,-73.1,-54.7837,-160.5997,,
2026-08-20T01:17:41Z,SAT-EO-01,778,19.1,82.66,-72.78,-54.6234,-160.5751,,
2026-08-20T01:17:48Z,SAT-EO-01,779,18.86,82.44,-71.51,-54.4547,-160.5496,,
2026-08-20T01:17:54Z,SAT-EO-01,780,18.5,83.14,-71.26,-54.2841,-160.5242,,
2026-08-20T01:18:00Z,SAT-EO-01,781,17.86,82.45,-71.98,-54.1105,-160.4987,,
2026-08-20T01:18:06Z,SAT-EO-01,782,18.49,82.45,-71.93,-53.9372,-160.4736,,
2026-08-20T01:18:12Z,SAT-EO-01,783,19.0,82.88,-71.76,-53.7579,-160.448,,
2026-08-20T01:18:18Z,SAT-EO-01,784,18.41,82.31,-71.32,-53.5802,-160.423,,
2026-08-20T01:18:24Z,SAT-EO-01,785,17.83,82.56,-72.08,-53.3965,-160.3974,,
2026-08-20T01:18:30Z,SAT-EO-01,786,19.17,82.44,-71.2,-53.2169,-160.3727,,
2026-08-20T01:18:36Z,SAT-EO-01,787,18.9,82.7,-71.76,-53.0317,-160.3477,,
2026-08-20T01:18:42Z,SAT-EO-01,788,19.0,83.12,-72.07,-52.8463,-160.3228,,
2026-08-20T01:18:48Z,SAT-EO-01,789,18.02,82.15,-71.98,-52.6589,-160.2981,,
2026-08-20T01:18:54Z,SAT-EO-01,790,18.76,83.0,-71.22,-52.4687,-160.2732,,
2026-08-20T01:19:00Z,SAT-EO-01,791,17.92,82.8,-71.4,-52.2762,-160.2483,,
2026-08-20T01:19:06Z,SAT-EO-01,792,18.75,82.92,-71.93,-52.0799,-160.2233,,
2026-08-20T01:19:12Z,SAT-EO-01,793,18.77,82.7,-71.44,-51.8827,-160.1984,,
2026-08-20T01:19:18Z,SAT-EO-01,794,18.78,82.94,-72.02,-51.6801,-160.1732,,
2026-08-20T01:19:24Z,SAT-EO-01,795,18.85,83.03,-71.89,-51.4812,-160.1486,,
2026-08-20T01:19:30Z,SAT-EO-01,796,18.73,82.47,-70.47,-51.2778,-160.1238,,
2026-08-20T01:19:36Z,SAT-EO-01,797,18.82,83.34,-72.44,-51.0671,-160.0984,,
2026-08-20T01:19:42Z,SAT-EO-01,798,18.44,82.8,-72.74,-50.8618,-160.0739,,
2026-08-20T01:19:48Z,SAT-EO-01,799,18.51,83.14,-72.24,-50.6484,-160.0487,,
2026-08-20T01:19:54Z,SAT-EO-01,800,18.58,82.82,-71.47,-50.4382,-160.0241,,
2026-08-20T01:20:00Z,SAT-EO-01,801,18.2,83.22,-69.8,-50.218,-159.9986,,
2026-08-20T01:20:06Z,SAT-EO-01,802,18.76,83.26,-71.37,-49.9948,-159.9731,,
2026-08-20T01:20:12Z,SAT-EO-01,803,18.85,83.37,-72.14,-49.7694,-159.9475,,
2026-08-20T01:20:18Z,SAT-EO-01,804,19.38,83.72,-70.81,-49.5439,-159.9222,,
2026-08-20T01:20:24Z,SAT-EO-01,805,19.07,83.38,-70.87,-49.3198,-159.8973,,
2026-08-20T01:20:30Z,SAT-EO-01,806,18.73,83.21,-70.09,-49.0922,-159.8722,,
2026-08-20T01:20:36Z,SAT-EO-01,807,18.77,83.38,-71.02,-48.8644,-159.8474,,
2026-08-20T01:20:42Z,SAT-EO-01,808,19.28,83.49,-72.35,-48.6329,-159.8224,,
2026-08-20T01:20:48Z,SAT-EO-01,809,18.84,83.46,-71.6,-48.4015,-159.7976,,
2026-08-20T01:20:54Z,SAT-EO-01,810,19.34,83.72,-71.25,-48.1639,-159.7724,,
2026-08-20T01:21:00Z,SAT-EO-01,811,19.48,83.68,-71.41,-47.929,-159.7477,,
2026-08-20T01:21:06Z,SAT-EO-01,812,19.05,83.55,-71.71,-47.6839,-159.7221,,
2026-08-20T01:21:12Z,SAT-EO-01,813,19.1,83.0,-71.68,-47.4454,-159.6975,,
2026-08-20T01:21:18Z,SAT-EO-01,814,18.86,83.87,-71.09,-47.2055,-159.6729,,
2026-08-20T01:21:24Z,SAT-EO-01,815,18.91,83.33,-69.84,-46.9546,-159.6474,,
2026-08-20T01:21:30Z,SAT-EO-01,816,19.58,83.46,-71.04,-46.7107,-159.6228,,
2026-08-20T01:21:36Z,SAT-EO-01,817,18.97,83.77,-72.12,-46.456,-159.5973,,
2026-08-20T01:21:42Z,SAT-EO-01,818,19.5,83.56,-70.53,-46.2098,-159.5729,,
2026-08-20T01:21:48Z,SAT-EO-01,819,19.02,83.63,-71.9,-45.952,-159.5476,,
2026-08-20T01:21:54Z,SAT-EO-01,820,19.6,83.24,-70.21,-45.6897,-159.522,,
2026-08-20T01:22:00Z,SAT-EO-01,821,19.26,83.63,-69.76,-45.4288,-159.4967,,
2026-08-20T01:22:06Z,SAT-EO-01,822,18.37,84.03,-70.62,-45.1745,-159.4723,,
2026-08-20T01:22:12Z,SAT-EO-01,823,18.88,83.58,-70.45,-44.9083,-159.4469,,
2026-08-20T01:22:18Z,SAT-EO-01,824,18.84,83.96,-70.94,-44.6463,-159.4221,,
2026-08-20T01:22:24Z,SAT-EO-01,825,18.15,83.73,-71.11,-44.3862,-159.3977,,
2026-08-20T01:22:30Z,SAT-EO-01,826,18.62,83.92,-71.19,-44.1178,-159.3726,,
2026-08-20T01:22:36Z,SAT-EO-01,827,19.0,84.0,-70.57,-43.8438,-159.3472,,
2026-08-20T01:22:42Z,SAT-EO-01,828,18.99,84.34,-70.86,-43.5738,-159.3224,,
2026-08-20T01:22:48Z,SAT-EO-01,829,19.22,83.84,-70.88,-43.3061,-159.298,,
2026-08-20T01:22:54Z,SAT-EO-01,830,19.49,84.11,-70.35,-43.0286,-159.2728,,
2026-08-20T01:23:00Z,SAT-EO-01,831,18.94,83.82,-71.22,-42.7456,-159.2473,,
2026-08-20T01:23:06Z,SAT-EO-01,832,19.14,84.18,-69.23,-42.4637,-159.2221,,
2026-08-20T01:23:12Z,SAT-EO-01,833,18.95,84.0,-70.59,-42.1779,-159.1967,,
2026-08-20T01:23:18Z,SAT-EO-01,834,19.82,84.02,-70.09,-41.8923,-159.1715,,
2026-08-20T01:23:24Z,SAT-EO-01,835,19.69,84.6,-70.21,-41.6002,-159.1458,,
2026-08-20T01:23:30Z,SAT-EO-01,836,19.65,83.85,-68.43,-41.3138,-159.1209,,
2026-08-20T01:23:36Z,SAT-EO-01,837,19.67,83.74,-70.1,-41.0262,-159.096,,
2026-08-20T01:23:43Z,SAT-EO-01,838,19.6,84.48,-69.33,-40.7294,-159.0704,,
2026-08-20T01:23:49Z,SAT-EO-01,839,19.13,84.11,-70.34,-40.4363,-159.0454,,
2026-08-20T01:23:55Z,SAT-EO-01,840,19.78,84.2,-68.97,-40.1369,-159.0199,,
2026-08-20T01:24:01Z,SAT-EO-01,841,20.1,84.73,-69.06,-39.8384,-158.9947,,
2026-08-20T01:24:07Z,SAT-EO-01,842,20.16,84.62,-70.22,-39.5419,-158.9698,,
2026-08-20T01:24:13Z,SAT-EO-01,843,19.19,84.61,-68.47,-39.2466,-158.9451,,
2026-08-20T01:24:19Z,SAT-EO-01,844,19.82,84.72,-69.27,-38.9499,-158.9205,,
2026-08-20T01:24:24Z,SAT-EO-01,845,19.3,84.8,-68.87,-38.6541,-158.896,,
2026-08-20T01:24:30Z,SAT-EO-01,846,19.61,84.45,-69.47,-38.3523,-158.8712,,
2026-08-20T01:24:36Z,SAT-EO-01,847,19.27,85.04,-70.44,-38.0527,-158.8468,,
2026-08-20T01:24:42Z,SAT-EO-01,848,19.74,84.65,-69.31,-37.7482,-158.822,,
2026-08-20T01:24:48Z,SAT-EO-01,849,19.76,84.87,-69.33,-37.4459,-158.7976,,
2026-08-20T01:24:54Z,SAT-EO-01,850,20.72,84.72,-69.94,-37.1417,-158.7731,,
2026-08-20T01:25:00Z,SAT-EO-01,851,19.68,84.9,-68.91,-36.8317,-158.7483,,
2026-08-20T01:25:06Z,SAT-EO-01,852,19.5,85.21,-69.03,-36.5209,-158.7236,,
2026-08-20T01:25:12Z,SAT-EO-01,853,20.01,85.04,-68.89,-36.1989,-158.6981,,
2026-08-20T01:25:18Z,SAT-EO-01,854,19.86,84.98,-70.06,-35.8849,-158.6733,,
2026-08-20T01:25:24Z,SAT-EO-01,855,19.75,84.86,-69.83,-35.564,-158.6482,,
2026-08-20T01:25:30Z,SAT-EO-01,856,20.27,84.4,-68.5,-35.2409,-158.623,,
2026-08-20T01:25:36Z,SAT-EO-01,857,19.96,85.09,-69.21,-34.9249,-158.5984,,
2026-08-20T01:25:42Z,SAT-EO-01,858,19.6,84.87,-68.77,-34.5977,-158.5731,,
2026-08-20T01:25:48Z,SAT-EO-01,859,19.61,85.34,-68.02,-34.2809,-158.5488,,
2026-08-20T01:25:54Z,SAT-EO-01,860,20.0,85.19,-66.71,-33.947,-158.5232,,
2026-08-20T01:26:00Z,SAT-EO-01,861,19.22,85.3,-70.13,-33.6259,-158.4987,,
2026-08-20T01:26:06Z,SAT-EO-01,862,20.53,85.04,-69.34,-33.3007,-158.474,,
2026-08-20T01:26:12Z,SAT-EO-01,863,20.52,84.53,-67.79,-32.9766,-158.4495,,
2026-08-20T01:26:18Z,SAT-EO-01,864,20.17,84.99,-70.08,-32.6472,-158.4247,,
2026-08-20T01:26:24Z,SAT-EO-01,865,19.67,85.51,-68.47,-32.3107,-158.3995,,
2026-08-20T01:26:30Z,SAT-EO-01,866,19.77,85.7,-68.14,-31.9819,-158.375,,
2026-08-20T01:26:36Z,SAT-EO-01,867,20.31,85.4,-67.26,-31.642,-158.3497,,
2026-08-20T01:26:42Z,SAT-EO-01,868,20.15,85.23,-70.02,-31.3022,-158.3246,,
2026-08-20T01:26:48Z,SAT-EO-01,869,20.05,85.49,-68.64,-30.9609,-158.2995,,
2026-08-20T01:26:54Z,SAT-EO-01,870,19.86,85.21,-68.49,-30.6189,-158.2743,,
2026-08-20T01:27:00Z,SAT-EO-01,871,20.3,85.24,-69.77,-30.2845,-158.2499,,
2026-08-20T01:27:06Z,SAT-EO-01,872,20.34,86.0,-68.51,-29.9389,-158.2247,,
2026-08-20T01:27:11Z,SAT-EO-01,873,20.6,85.16,-67.19,-29.5986,-158.2,,
2026-08-20T01:27:17Z,SAT-EO-01,874,20.51,85.46,-66.7,-29.2552,-158.1752,,
2026-08-20T01:27:23Z,SAT-EO-01,875,20.51,86.08,-67.83,-28.9134,-158.1506,,
2026-08-20T01:27:29Z,SAT-EO-01,876,20.27,85.57,-68.49,-28.5735,-158.1262,,
2026-08-20T01:27:35Z,SAT-EO-01,877,20.02,86.02,-69.1,-28.2192,-158.1009,,
2026-08-20T01:27:41Z,SAT-EO-01,878,20.98,85.19,-69.24,-27.8639,-158.0755,,
2026-08-20T01:27:48Z,SAT-EO-01,879,20.26,85.71,-67.92,-27.5042,-158.05,,
2026-08-20T01:27:53Z,SAT-EO-01,880,20.49,85.79,-68.62,-27.1531,-158.0251,,
2026-08-20T01:27:59Z,SAT-EO-01,881,20.65,85.63,-69.12,-26.7985,-158.0001,,
2026-08-20T01:28:05Z,SAT-EO-01,882,19.93,85.86,-67.4,-26.4497,-157.9756,,
2026-08-20T01:28:11Z,SAT-EO-01,883,20.29,86.44,-68.56,-26.095,-157.9508,,
2026-08-20T01:28:17Z,SAT-EO-01,884,20.63,86.04,-67.69,-25.7314,-157.9254,,
2026-08-20T01:28:24Z,SAT-EO-01,885,20.57,85.74,-66.91,-25.3642,-157.8998,,
2026-08-20T01:28:30Z,SAT-EO-01,886,21.26,85.87,-68.33,-25.0058,-157.8749,,
2026-08-20T01:28:35Z,SAT-EO-01,887,20.83,85.94,-66.28,-24.6465,-157.8501,,
2026-08-20T01:28:42Z,SAT-EO-01,888,21.1,85.71,-67.25,-24.2774,-157.8246,,
2026-08-20T01:28:48Z,SAT-EO-01,889,20.42,86.23,-67.26,-23.9085,-157.7992,,
2026-08-20T01:28:54Z,SAT-EO-01,890,20.78,86.06,-68.28,-23.5459,-157.7743,,
2026-08-20T01:29:00Z,SAT-EO-01,891,21.45,85.95,-67.49,-23.1867,-157.7498,,
2026-08-20T01:29:06Z,SAT-EO-01,892,21.31,86.33,-68.53,-22.8142,-157.7244,,
2026-08-20T01:29:12Z,SAT-EO-01,893,20.99,86.52,-67.68,-22.4443,-157.6992,,
2026-08-20T01:29:18Z,SAT-EO-01,894,20.81,86.56,-68.46,-22.0827,-157.6747,,
2026-08-20T01:29:23Z,SAT-EO-01,895,21.02,85.83,-67.24,-21.7217,-157.6503,,
2026-08-20T01:29:29Z,SAT-EO-01,896,20.94,86.85,-67.83,-21.3482,-157.625,,
2026-08-20T01:29:36Z,SAT-EO-01,897,20.69,86.45,-66.14,-20.9685,-157.5995,,
2026-08-20T01:29:42Z,SAT-EO-01,898,20.66,86.63,-68.18,-20.5984,-157.5746,,
2026-08-20T01:29:48Z,SAT-EO-01,899,20.53,86.51,-68.17,-20.2177,-157.5491,,
2026-08-20T01:29:54Z,SAT-EO-01,900,20.99,86.77,-66.69,-19.8377,-157.5237,,
2026-08-20T01:30:00Z,SAT-EO-01,901,21.13,87.08,-67.28,-19.4655,-157.4989,,
2026-08-20T01:30:06Z,SAT-EO-01,902,21.45,86.39,-66.21,-19.0843,-157.4735,,
2026-08-20T01:30:12Z,SAT-EO-01,903,21.89,87.04,-67.12,-18.6991,-157.448,,
2026-08-20T01:30:18Z,SAT-EO-01,904,20.68,87.21,-67.12,-18.3202,-157.4229,,
2026-08-20T01:30:24Z,SAT-EO-01,905,21.4,86.62,-67.63,-17.9415,-157.3979,,
2026-08-20T01:30:30Z,SAT-EO-01,906,20.9,86.82,-67.95,-17.5688,-157.3733,,
2026-08-20T01:30:36Z,SAT-EO-01,907,21.17,86.85,-69.84,-17.1912,-157.3484,,
2026-08-20T01:30:42Z,SAT-EO-01,908,21.96,86.99,-67.32,-16.8128,-157.3236,,
2026-08-20T01:30:48Z,SAT-EO-01,909,21.86,87.56,-67.32,-16.4314,-157.2986,,
2026-08-20T01:30:54Z,SAT-EO-01,910,21.66,87.65,-66.95,-16.0406,-157.273,,
2026-08-20T01:31:00Z,SAT-EO-01,911,21.17,87.12,-67.48,-15.6666,-157.2486,,
2026-08-20T01:31:06Z,SAT-EO-01,912,21.32,86.81,-67.29,-15.2904,-157.224,,
2026-08-20T01:31:12Z,SAT-EO-01,913,21.72,86.73,-66.45,-14.9091,-157.1992,,
2026-08-20T01:31:18Z,SAT-EO-01,914,21.9,86.65,-67.61,-14.5261,-157.1743,,
2026-08-20T01:31:24Z,SAT-EO-01,915,21.09,87.22,-66.11,-14.1499,-157.1499,,
2026-08-20T01:31:29Z,SAT-EO-01,916,21.7,87.05,-67.77,-13.7675,-157.1251,,
2026-08-20T01:31:35Z,SAT-EO-01,917,21.67,87.3,-66.89,-13.3888,-157.1006,,
2026-08-20T01:31:41Z,SAT-EO-01,918,22.2,87.26,-68.33,-13.0022,-157.0757,,
2026-08-20T01:31:47Z,SAT-EO-01,919,21.57,87.54,-67.67,-12.609,-157.0503,,
2026-08-20T01:31:53Z,SAT-EO-01,920,21.1,87.42,-66.39,-12.2225,-157.0254,,
2026-08-20T01:31:59Z,SAT-EO-01,921,22.21,87.18,-66.89,-11.8292,-157.0001,,
2026-08-20T01:32:06Z,SAT-EO-01,922,21.81,87.71,-67.51,-11.4328,-156.9747,,
2026-08-20T01:32:11Z,SAT-EO-01,923,22.12,87.16,-66.8,-11.05,-156.9501,,
2026-08-20T01:32:18Z,SAT-EO-01,924,20.83,87.86,-67.85,-10.65,-156.9245,,
2026-08-20T01:32:24Z,SAT-EO-01,925,21.53,87.51,-67.33,-10.2613,-156.8996,,
2026-08-20T01:32:30Z,SAT-EO-01,926,22.48,88.13,-68.55,-9.8717,-156.8747,,
2026-08-20T01:32:36Z,SAT-EO-01,927,21.75,87.58,-65.47,-9.4786,-156.8497,,
2026-08-20T01:32:41Z,SAT-EO-01,928,22.38,88.24,-67.64,-9.0922,-156.825,,
2026-08-20T01:32:48Z,SAT-EO-01,929,22.16,87.72,-66.02,-8.6985,-156.7999,,
2026-08-20T01:32:54Z,SAT-EO-01,930,21.99,87.97,-65.16,-8.3011,-156.7746,,
2026-08-20T01:32:59Z,SAT-EO-01,931,21.72,87.68,-66.83,-7.9151,-156.7501,,
2026-08-20T01:33:05Z,SAT-EO-01,932,22.81,88.12,-67.28,-7.5257,-156.7254,,
2026-08-20T01:33:11Z,SAT-EO-01,933,22.19,88.2,-67.18,-7.1361,-156.7006,,
2026-08-20T01:33:17Z,SAT-EO-01,934,21.54,88.43,-65.38,-6.75,-156.6761,,
2026-08-20T01:33:23Z,SAT-EO-01,935,22.36,88.27,-66.88,-6.3573,-156.6513,,
2026-08-20T01:33:29Z,SAT-EO-01,936,22.43,88.62,-66.75,-5.9549,-156.6258,,
2026-08-20T01:33:35Z,SAT-EO-01,937,22.2,88.4,-68.07,-5.5613,-156.6009,,
2026-08-20T01:33:41Z,SAT-EO-01,938,22.21,88.24,-67.64,-5.1706,-156.5761,,
2026-08-20T01:33:47Z,SAT-EO-01,939,22.89,88.78,-65.5,-4.779,-156.5514,,
2026-08-20T01:33:53Z,SAT-EO-01,940,21.74,88.12,-66.96,-4.3916,-156.5269,,
2026-08-20T01:33:59Z,SAT-EO-01,941,22.63,88.43,-66.17,-4.0,-156.5022,,
2026-08-20T01:34:05Z,SAT-EO-01,942,22.44,88.55,-66.22,-3.5954,-156.4766,,
2026-08-20T01:34:11Z,SAT-EO-01,943,22.7,88.91,-67.8,-3.1979,-156.4516,,
2026-08-20T01:34:17Z,SAT-EO-01,944,22.64,88.6,-66.65,-2.794,-156.4261,,
2026-08-20T01:34:23Z,SAT-EO-01,945,23.04,88.72,-66.38,-2.4031,-156.4014,,
2026-08-20T01:34:29Z,SAT-EO-01,946,22.07,88.56,-68.36,-2.0014,-156.3761,,
2026-08-20T01:34:35Z,SAT-EO-01,947,22.39,88.84,-67.15,-1.6105,-156.3515,,
2026-08-20T01:34:41Z,SAT-EO-01,948,22.55,89.05,-66.16,-1.2082,-156.3261,,
2026-08-20T01:34:47Z,SAT-EO-01,949,22.09,88.84,-66.05,-0.8022,-156.3005,,
2026-08-20T01:34:53Z,SAT-EO-01,950,22.78,88.96,-68.17,-0.4039,-156.2754,,
2026-08-20T01:34:59Z,SAT-EO-01,951,23.16,88.76,-67.67,-0.0108,-156.2507,,
2026-08-20T01:35:05Z,SAT-EO-01,952,22.8,88.84,-67.51,0.3842,-156.2258,,
2026-08-20T01:35:11Z,SAT-EO-01,953,22.48,89.28,-66.66,0.7866,-156.2004,,
2026-08-20T01:35:17Z,SAT-EO-01,954,22.68,88.76,-67.93,1.1903,-156.175,,
2026-08-20T01:35:23Z,SAT-EO-01,955,22.27,89.18,-67.65,1.5783,-156.1506,,
2026-08-20T01:35:29Z,SAT-EO-01,956,22.26,89.14,-66.43,1.9811,-156.1252,,
2026-08-20T01:35:36Z,SAT-EO-01,957,22.82,89.42,-66.65,2.3848,-156.0997,,
2026-08-20T01:35:42Z,SAT-EO-01,958,22.42,89.04,-66.03,2.79,-156.0742,,
2026-08-20T01:35:48Z,SAT-EO-01,959,22.8,89.92,-67.3,3.1864,-156.0492,,
2026-08-20T01:35:54Z,SAT-EO-01,960,22.51,89.39,-66.75,3.5886,-156.0238,,
2026-08-20T01:36:00Z,SAT-EO-01,961,23.06,89.61,-67.14,3.9878,-155.9986,,
2026-08-20T01:36:06Z,SAT-EO-01,962,22.95,89.61,-67.61,4.3908,-155.9731,,
2026-08-20T01:36:12Z,SAT-EO-01,963,22.46,89.76,-67.09,4.7913,-155.9478,,
2026-08-20T01:36:18Z,SAT-EO-01,964,22.91,89.55,-65.6,5.1779,-155.9234,,
2026-08-20T01:36:24Z,SAT-EO-01,965,22.53,89.55,-66.91,5.58,-155.898,,
2026-08-20T01:36:30Z,SAT-EO-01,966,23.38,89.72,-65.61,5.9689,-155.8733,,
2026-08-20T01:36:36Z,SAT-EO-01,967,23.42,89.7,-66.64,6.3657,-155.8482,,
2026-08-20T01:36:42Z,SAT-EO-01,968,23.3,89.91,-66.33,6.7523,-155.8237,,
2026-08-20T01:36:48Z,SAT-EO-01,969,23.34,89.76,-67.54,7.1504,-155.7985,,
2026-08-20T01:36:54Z,SAT-EO-01,970,23.18,89.9,-66.94,7.5424,-155.7736,,
2026-08-20T01:37:00Z,SAT-EO-01,971,22.77,89.72,-67.22,7.9385,-155.7484,,
2026-08-20T01:37:06Z,SAT-EO-01,972,23.23,89.72,-67.36,8.3371,-155.7231,,
2026-08-20T01:37:12Z,SAT-EO-01,973,23.3,90.03,-68.28,8.7203,-155.6987,,
2026-08-20T01:37:18Z,SAT-EO-01,974,22.72,89.38,-66.38,9.1097,-155.6739,,
2026-08-20T01:37:24Z,SAT-EO-01,975,24.35,90.69,-67.3,9.5091,-155.6484,,
2026-08-20T01:37:30Z,SAT-EO-01,976,23.21,89.77,-65.77,9.9039,-155.6232,,
2026-08-20T01:37:36Z,SAT-EO-01,977,23.05,90.35,-66.78,10.2936,-155.5983,,
2026-08-20T01:37:42Z,SAT-EO-01,978,23.68,89.83,-67.42,10.6827,-155.5734,,
2026-08-20T01:37:48Z,SAT-EO-01,979,22.62,90.33,-66.57,11.0779,-155.5481,,
2026-08-20T01:37:54Z,SAT-EO-01,980,23.32,89.99,-67.55,11.4646,-155.5233,,
2026-08-20T01:38:00Z,SAT-EO-01,981,23.14,90.51,-66.98,11.8442,-155.4989,,
2026-08-20T01:38:06Z,SAT-EO-01,982,23.48,90.44,-68.08,12.2316,-155.474,,
2026-08-20T01:38:12Z,SAT-EO-01,983,23.95,90.1,-67.73,12.6169,-155.4492,,
2026-08-20T01:38:18Z,SAT-EO-01,984,23.59,90.49,-67.64,12.9956,-155.4248,,
2026-08-20T01:38:24Z,SAT-EO-01,985,23.26,90.07,-67.22,13.3885,-155.3994,,
2026-08-20T01:38:30Z,SAT-EO-01,986,24.25,90.55,-66.11,13.7821,-155.3739,,
2026-08-20T01:38:36Z,SAT-EO-01,987,23.68,90.65,-67.99,14.1774,-155.3483,,
2026-08-20T01:38:42Z,SAT-EO-01,988,23.88,90.77,-67.8,14.5634,-155.3233,,
2026-08-20T01:38:48Z,SAT-EO-01,989,23.85,90.61,-66.57,14.9451,-155.2985,,
2026-08-20T01:38:54Z,SAT-EO-01,990,23.47,90.52,-68.02,15.3195,-155.2741,,
2026-08-20T01:39:00Z,SAT-EO-01,991,23.06,90.95,-68.88,15.6978,-155.2494,,
2026-08-20T01:39:06Z,SAT-EO-01,992,23.28,90.87,-66.7,16.0876,-155.2239,,
2026-08-20T01:39:12Z,SAT-EO-01,993,23.68,90.84,-68.29,16.4663,-155.1992,,
2026-08-20T01:39:18Z,SAT-EO-01,994,23.35,90.87,-67.24,16.8412,-155.1746,,
2026-08-20T01:39:24Z,SAT-EO-01,995,23.86,91.34,-67.03,17.2242,-155.1494,,
2026-08-20T01:39:30Z,SAT-EO-01,996,23.68,91.45,-67.46,17.5977,-155.1248,,
2026-08-20T01:39:36Z,SAT-EO-01,997,23.79,91.15,-68.33,17.9849,-155.0993,,
2026-08-20T01:39:42Z,SAT-EO-01,998,23.52,91.38,-69.35,18.3608,-155.0744,,
2026-08-20T01:39:48Z,SAT-EO-01,999,23.59,91.31,-67.56,18.7318,-155.0499,,
2026-08-20T01:39:54Z,SAT-EO-01,1000,23.24,91.43,-66.57,19.1139,-155.0245,,
2026-08-20T01:40:00Z,SAT-EO-01,1001,23.66,91.3,-68.64,19.4832,-154.9999,,
2026-08-20T01:40:05Z,SAT-EO-01,1002,23.36,91.28,-67.33,19.8495,-154.9755,,
2026-08-20T01:40:11Z,SAT-EO-01,1003,23.88,91.06,-68.0,20.215,-154.9511,,
2026-08-20T01:40:17Z,SAT-EO-01,1004,24.14,91.73,-68.16,20.5972,-154.9255,,
2026-08-20T01:40:23Z,SAT-EO-01,1005,23.66,91.57,-66.79,20.9665,-154.9007,,
2026-08-20T01:40:29Z,SAT-EO-01,1006,24.27,91.18,-68.64,21.3299,-154.8762,,
2026-08-20T01:40:35Z,SAT-EO-01,1007,23.79,91.43,-66.79,21.7028,-154.851,,
2026-08-20T01:40:41Z,SAT-EO-01,1008,24.29,91.51,-68.08,22.0701,-154.8262,,
2026-08-20T01:40:47Z,SAT-EO-01,1009,24.53,91.27,-66.55,22.4338,-154.8015,,
2026-08-20T01:40:53Z,SAT-EO-01,1010,24.5,91.54,-67.44,22.7988,-154.7767,,
2026-08-20T01:40:59Z,SAT-EO-01,1011,24.05,91.83,-66.86,23.1648,-154.7517,,
2026-08-20T01:41:05Z,SAT-EO-01,1012,23.88,91.47,-67.0,23.5217,-154.7273,,
2026-08-20T01:41:11Z,SAT-EO-01,1013,23.8,91.93,-68.53,23.8782,-154.7029,,
2026-08-20T01:41:17Z,SAT-EO-01,1014,24.25,91.69,-68.19,24.2353,-154.6783,,
2026-08-20T01:41:23Z,SAT-EO-01,1015,24.34,91.82,-68.31,24.6053,-154.6528,,
2026-08-20T01:41:29Z,SAT-EO-01,1016,24.12,92.08,-68.69,24.9743,-154.6273,,
2026-08-20T01:41:35Z,SAT-EO-01,1017,24.45,92.2,-69.18,25.3354,-154.6022,,
2026-08-20T01:41:41Z,SAT-EO-01,1018,24.48,91.94,-67.62,25.6886,-154.5776,,
2026-08-20T01:41:47Z,SAT-EO-01,1019,24.19,92.34,-67.37,26.0444,-154.5528,,
2026-08-20T01:41:53Z,SAT-EO-01,1020,24.56,92.02,-69.5,26.3933,-154.5283,,
2026-08-20T01:41:59Z,SAT-EO-01,1021,24.61,92.16,-69.67,26.7442,-154.5037,,
2026-08-20T01:42:05Z,SAT-EO-01,1022,24.22,92.02,-70.54,27.107,-154.4781,,
2026-08-20T01:42:11Z,SAT-EO-01,1023,24.61,92.42,-67.7,27.4579,-154.4533,,
2026-08-20T01:42:17Z,SAT-EO-01,1024,24.79,92.53,-68.46,27.8073,-154.4285,,
2026-08-20T01:42:23Z,SAT-EO-01,1025,25.1,92.46,-67.98,28.156,-154.4037,,
2026-08-20T01:42:29Z,SAT-EO-01,1026,24.77,92.29,-68.81,28.5039,-154.3788,,
2026-08-20T01:42:35Z,SAT-EO-01,1027,25.23,92.29,-67.33,28.8555,-154.3536,,
2026-08-20T01:42:41Z,SAT-EO-01,1028,24.2,92.48,-67.12,29.1974,-154.329,,
2026-08-20T01:42:46Z,SAT-EO-01,1029,25.07,92.23,-69.65,29.5383,-154.3043,,
2026-08-20T01:42:53Z,SAT-EO-01,1030,24.71,92.27,-70.56,29.8911,-154.2787,,
2026-08-20T01:42:59Z,SAT-EO-01,1031,25.42,92.58,-68.8,30.2414,-154.2533,,
2026-08-20T01:43:05Z,SAT-EO-01,1032,24.23,92.76,-69.51,30.577,-154.2287,,
2026-08-20T01:43:11Z,SAT-EO-01,1033,24.41,92.65,-68.06,30.9235,-154.2033,,
2026-08-20T01:43:17Z,SAT-EO-01,1034,25.38,92.18,-67.94,31.2668,-154.178,,
2026-08-20T01:43:23Z,SAT-EO-01,1035,24.75,92.49,-68.36,31.6073,-154.1528,,
2026-08-20T01:43:29Z,SAT-EO-01,1036,25.33,93.02,-68.77,31.9422,-154.128,,
2026-08-20T01:43:35Z,SAT-EO-01,1037,25.11,92.87,-68.96,32.2747,-154.1032,,
2026-08-20T01:43:41Z,SAT-EO-01,1038,24.5,92.88,-67.3,32.603,-154.0786,,
2026-08-20T01:43:47Z,SAT-EO-01,1039,24.77,92.69,-68.88,32.9376,-154.0534,,
2026-08-20T01:43:53Z,SAT-EO-01,1040,24.91,92.98,-68.14,33.2696,-154.0283,,
2026-08-20T01:43:59Z,SAT-EO-01,1041,25.04,93.11,-69.37,33.598,-154.0034,,
2026-08-20T01:44:05Z,SAT-EO-01,1042,25.17,93.58,-67.92,33.9229,-153.9787,,
2026-08-20T01:44:11Z,SAT-EO-01,1043,24.93,92.72,-68.68,34.2511,-153.9535,,
2026-08-20T01:44:17Z,SAT-EO-01,1044,25.12,93.05,-68.89,34.5798,-153.9282,,
2026-08-20T01:44:23Z,SAT-EO-01,1045,25.32,92.81,-67.94,34.9048,-153.9031,,
2026-08-20T01:44:29Z,SAT-EO-01,1046,25.72,92.6,-68.78,35.2267,-153.8781,,
2026-08-20T01:44:35Z,SAT-EO-01,1047,25.36,93.01,-67.57,35.5475,-153.8531,,
2026-08-20T01:44:41Z,SAT-EO-01,1048,24.92,93.3,-70.51,35.8654,-153.8282,,
2026-08-20T01:44:47Z,SAT-EO-01,1049,24.49,93.23,-70.84,36.1803,-153.8034,,
2026-08-20T01:44:53Z,SAT-EO-01,1050,25.13,93.27,-69.44,36.5027,-153.7779,,
2026-08-20T01:44:59Z,SAT-EO-01,1051,24.96,93.29,-69.25,36.8206,-153.7526,,
2026-08-20T01:45:05Z,SAT-EO-01,1052,25.45,93.31,-70.57,37.1349,-153.7274,,
2026-08-20T01:45:11Z,SAT-EO-01,1053,25.14,93.53,-69.32,37.4447,-153.7025,,
2026-08-20T01:45:17Z,SAT-EO-01,1054,24.84,93.43,-69.92,37.7581,-153.6772,,
2026-08-20T01:45:23Z,SAT-EO-01,1055,25.33,93.3,-69.8,38.0598,-153.6527,,
2026-08-20T01:45:29Z,SAT-EO-01,1056,25.62,93.46,-69.89,38.3646,-153.6277,,
2026-08-20T01:45:35Z,SAT-EO-01,1057,24.75,93.71,-70.04,38.67,-153.6027,,
2026-08-20T01:45:41Z,SAT-EO-01,1058,25.31,93.6,-69.79,38.9706,-153.5778,,
2026-08-20T01:45:47Z,SAT-EO-01,1059,26.01,93.78,-68.88,39.2785,-153.5522,,
2026-08-20T01:45:53Z,SAT-EO-01,1060,24.97,94.02,-69.7,39.5769,-153.5273,,
2026-08-20T01:45:59Z,SAT-EO-01,1061,25.67,93.6,-69.67,39.8711,-153.5026,,
2026-08-20T01:46:05Z,SAT-EO-01,1062,25.27,93.92,-67.93,40.1728,-153.477,,
2026-08-20T01:46:11Z,SAT-EO-01,1063,25.86,93.62,-69.17,40.463,-153.4524,,
2026-08-20T01:46:17Z,SAT-EO-01,1064,26.54,94.1,-71.07,40.7493,-153.4279,,
2026-08-20T01:46:23Z,SAT-EO-01,1065,25.74,93.84,-70.62,41.0336,-153.4034,,
2026-08-20T01:46:29Z,SAT-EO-01,1066,25.67,93.7,-68.7,41.3234,-153.3783,,
2026-08-20T01:46:35Z,SAT-EO-01,1067,25.88,93.92,-70.65,41.6157,-153.3528,,
2026-08-20T01:46:41Z,SAT-EO-01,1068,25.75,94.08,-69.02,41.8979,-153.328,,
2026-08-20T01:46:47Z,SAT-EO-01,1069,25.86,93.74,-71.2,42.1782,-153.3033,,
2026-08-20T01:46:53Z,SAT-EO-01,1070,25.63,93.93,-70.2,42.4612,-153.2782,,
2026-08-20T01:46:59Z,SAT-EO-01,1071,25.57,93.91,-69.54,42.7402,-153.2532,,
2026-08-20T01:47:05Z,SAT-EO-01,1072,25.48,93.93,-70.04,43.0167,-153.2283,,
2026-08-20T01:47:11Z,SAT-EO-01,1073,26.21,93.99,-69.44,43.286,-153.2039,,
2026-08-20T01:47:17Z,SAT-EO-01,1074,25.79,94.04,-70.03,43.5584,-153.179,,
2026-08-20T01:47:23Z,SAT-EO-01,1075,25.4,94.47,-70.29,43.8362,-153.1535,,
2026-08-20T01:47:29Z,SAT-EO-01,1076,25.89,94.4,-69.63,44.104,-153.1287,,
2026-08-20T01:47:35Z,SAT-EO-01,1077,26.04,94.03,-70.39,44.3778,-153.1031,,
2026-08-20T01:47:41Z,SAT-EO-01,1078,25.87,93.96,-71.19,44.6424,-153.0783,,
2026-08-20T01:47:47Z,SAT-EO-01,1079,26.34,94.46,-70.41,44.9129,-153.0527,,
2026-08-20T01:47:53Z,SAT-EO-01,1080,25.97,94.53,-70.55,45.179,-153.0273,,
2026-08-20T01:47:59Z,SAT-EO-01,1081,26.31,94.11,-69.19,45.435,-153.0027,,
2026-08-20T01:48:05Z,SAT-EO-01,1082,25.39,94.12,-69.88,45.6925,-152.9778,,
2026-08-20T01:48:11Z,SAT-EO-01,1083,25.86,93.89,-70.88,45.943,-152.9533,,
2026-08-20T01:48:17Z,SAT-EO-01,1084,25.6,94.42,-71.07,46.196,-152.9284,,
2026-08-20T01:48:23Z,SAT-EO-01,1085,26.09,94.15,-71.3,46.453,-152.903,,
2026-08-20T01:48:29Z,SAT-EO-01,1086,26.63,94.48,-72.73,46.7057,-152.8777,,
2026-08-20T01:48:35Z,SAT-EO-01,1087,26.4,94.8,-70.76,46.9477,-152.8533,,
2026-08-20T01:48:41Z,SAT-EO-01,1088,25.9,94.52,-72.88,47.1996,-152.8277,,
2026-08-20T01:48:47Z,SAT-EO-01,1089,26.28,94.95,-70.45,47.4486,-152.8022,,
2026-08-20T01:48:53Z,SAT-EO-01,1090,26.19,93.97,-71.2,47.6899,-152.7773,,
2026-08-20T01:48:59Z,SAT-EO-01,1091,25.91,94.65,-70.88,47.9352,-152.7517,,
2026-08-20T01:49:05Z,SAT-EO-01,1092,26.51,94.07,-69.81,48.1677,-152.7272,,
2026-08-20T01:49:11Z,SAT-EO-01,1093,26.31,94.53,-71.43,48.4077,-152.7017,,
2026-08-20T01:49:17Z,SAT-EO-01,1094,26.18,94.21,-70.85,48.6466,-152.6762,,
2026-08-20T01:49:23Z,SAT-EO-01,1095,26.01,94.9,-71.22,48.8775,-152.6512,,
2026-08-20T01:49:29Z,SAT-EO-01,1096,26.1,94.69,-69.81,49.1043,-152.6265,,
2026-08-20T01:49:35Z,SAT-EO-01,1097,26.03,94.51,-71.2,49.3281,-152.6018,,
2026-08-20T01:49:41Z,SAT-EO-01,1098,26.39,94.45,-71.14,49.5584,-152.5762,,
2026-08-20T01:49:47Z,SAT-EO-01,1099,26.87,94.72,-70.91,49.7854,-152.5507,,
2026-08-20T01:49:53Z,SAT-EO-01,1100,26.07,94.81,-72.05,50.0034,-152.526,,
2026-08-20T01:49:59Z,SAT-EO-01,1101,26.12,94.84,-70.89,50.2228,-152.5008,,
2026-08-20T01:50:05Z,SAT-EO-01,1102,26.38,94.46,-69.13,50.4381,-152.4759,,
2026-08-20T01:50:11Z,SAT-EO-01,1103,26.68,94.52,-73.68,50.6507,-152.4511,,
2026-08-20T01:50:17Z,SAT-EO-01,1104,26.51,94.52,-70.83,50.86,-152.4263,,
2026-08-20T01:50:23Z,SAT-EO-01,1105,26.37,94.8,-70.95,51.0671,-152.4016,,
2026-08-20T01:50:29Z,SAT-EO-01,1106,25.35,94.84,-71.59,51.2718,-152.3769,,
2026-08-20T01:50:35Z,SAT-EO-01,1107,26.64,94.54,-71.38,51.4748,-152.3522,,
2026-08-20T01:50:41Z,SAT-EO-01,1108,26.57,94.94,-72.76,51.6727,-152.3278,,
2026-08-20T01:50:47Z,SAT-EO-01,1109,26.5,94.6,-73.4,51.8752,-152.3025,,
2026-08-20T01:50:53Z,SAT-EO-01,1110,26.7,95.7,-71.55,52.0702,-152.2779,,
2026-08-20T01:50:59Z,SAT-EO-01,1111,27.07,95.2,-71.33,52.2635,-152.2533,,
2026-08-20T01:51:05Z,SAT-EO-01,1112,26.44,95.44,-72.07,52.4584,-152.2281,,
2026-08-20T01:51:11Z,SAT-EO-01,1113,25.9,94.85,-70.47,52.6467,-152.2035,,
2026-08-20T01:51:17Z,SAT-EO-01,1114,26.34,95.25,-70.56,52.8358,-152.1786,,
2026-08-20T01:51:23Z,SAT-EO-01,1115,26.27,95.36,-71.67,53.0212,-152.1538,,
2026-08-20T01:51:29Z,SAT-EO-01,1116,25.95,94.48,-71.24,53.2036,-152.1291,,
2026-08-20T01:51:35Z,SAT-EO-01,1117,26.88,95.28,-71.58,53.3901,-152.1035,,
2026-08-20T01:51:41Z,SAT-EO-01,1118,26.14,95.66,-71.29,53.5733,-152.078,,
2026-08-20T01:51:47Z,SAT-EO-01,1119,26.5,95.05,-71.02,53.7497,-152.0532,,
2026-08-20T01:51:53Z,SAT-EO-01,1120,26.44,95.1,-72.84,53.9226,-152.0285,,
2026-08-20T01:51:59Z,SAT-EO-01,1121,26.54,95.43,-71.65,54.0989,-152.003,,
2026-08-20T01:52:05Z,SAT-EO-01,1122,25.87,95.57,-72.63,54.2709,-151.9778,,
2026-08-20T01:52:11Z,SAT-EO-01,1123,26.54,95.22,-73.03,54.4352,-151.9533,,
2026-08-20T01:52:17Z,SAT-EO-01,1124,26.22,95.12,-72.44,54.6008,-151.9283,,
2026-08-20T01:52:23Z,SAT-EO-01,1125,26.58,95.48,-70.32,54.7626,-151.9036,,
2026-08-20T01:52:29Z,SAT-EO-01,1126,26.09,95.6,-72.92,54.9274,-151.878,,
2026-08-20T01:52:35Z,SAT-EO-01,1127,26.36,95.48,-72.42,55.0876,-151.8527,,
2026-08-20T01:52:41Z,SAT-EO-01,1128,26.71,95.24,-71.54,55.2444,-151.8276,,
2026-08-20T01:52:47Z,SAT-EO-01,1129,26.14,95.41,-71.15,55.4006,-151.8022,,
2026-08-20T01:52:53Z,SAT-EO-01,1130,26.13,95.39,-72.69,55.5521,-151.7771,,
2026-08-20T01:52:59Z,SAT-EO-01,1131,26.53,95.16,-72.95,55.6989,-151.7524,,
2026-08-20T01:53:05Z,SAT-EO-01,1132,26.93,95.59,-72.25,55.8443,-151.7276,,
2026-08-20T01:53:11Z,SAT-EO-01,1133,26.48,95.72,-72.38,55.9914,-151.702,,
2026-08-20T01:53:17Z,SAT-EO-01,1134,26.55,95.93,-72.23,56.1312,-151.6773,,
2026-08-20T01:53:23Z,SAT-EO-01,1135,26.58,95.82,-73.18,56.2726,-151.6519,,
2026-08-20T01:53:29Z,SAT-EO-01,1136,27.13,95.15,-73.04,56.4061,-151.6274,,
2026-08-20T01:53:35Z,SAT-EO-01,1137,26.47,95.86,-72.8,56.5414,-151.6022,,
2026-08-20T01:53:41Z,SAT-EO-01,1138,27.07,95.84,-71.48,56.6726,-151.5772,,
2026-08-20T01:53:47Z,SAT-EO-01,1139,27.0,95.34,-71.77,56.8048,-151.5516,,
2026-08-20T01:53:53Z,SAT-EO-01,1140,26.84,95.75,-71.16,56.9292,-151.5271,,
2026-08-20T01:53:59Z,SAT-EO-01,1141,26.06,95.58,-71.67,57.0519,-151.5023,,
2026-08-20T01:54:05Z,SAT-EO-01,1142,26.86,95.75,-70.63,57.1739,-151.4773,,
2026-08-20T01:54:11Z,SAT-EO-01,1143,26.78,95.29,-73.22,57.2903,-151.4528,,
2026-08-20T01:54:17Z,SAT-EO-01,1144,26.61,95.41,-73.17,57.407,-151.4278,,
2026-08-20T01:54:23Z,SAT-EO-01,1145,26.96,95.89,-72.33,57.521,-151.4029,,
2026-08-20T01:54:29Z,SAT-EO-01,1146,26.71,95.62,-72.31,57.6343,-151.3775,,
2026-08-20T01:54:35Z,SAT-EO-01,1147,26.93,96.04,-73.03,57.7441,-151.3523,,
2026-08-20T01:54:41Z,SAT-EO-01,1148,27.57,95.77,-72.84,57.8508,-151.3273,,
2026-08-20T01:54:47Z,SAT-EO-01,1149,26.24,95.62,-73.47,57.9527,-151.3028,,
2026-08-20T01:54:53Z,SAT-EO-01,1150,26.9,95.65,-72.27,58.0551,-151.2775,,
2026-08-20T01:54:59Z,SAT-EO-01,1151,26.03,96.29,-72.4,58.1521,-151.253,,
2026-08-20T01:55:05Z,SAT-EO-01,1152,26.6,95.9,-71.77,58.2504,-151.2276,,
2026-08-20T01:55:11Z,SAT-EO-01,1153,26.66,95.71,-73.22,58.3422,-151.2031,,
2026-08-20T01:55:17Z,SAT-EO-01,1154,26.38,96.1,-72.4,58.4356,-151.1776,,
2026-08-20T01:55:23Z,SAT-EO-01,1155,27.0,95.69,-72.04,58.5253,-151.1523,,
2026-08-20T01:55:29Z,SAT-EO-01,1156,26.42,95.92,-72.86,58.6108,-151.1275,,
2026-08-20T01:55:35Z,SAT-EO-01,1157,27.28,96.08,-72.35,58.6924,-151.1031,,
2026-08-20T01:55:41Z,SAT-EO-01,1158,27.28,95.95,-73.45,58.7741,-151.0779,,
2026-08-20T01:55:47Z,SAT-EO-01,1159,26.87,96.08,-72.87,58.8545,-151.0523,,
2026-08-20T01:55:53Z,SAT-EO-01,1160,26.79,95.78,-71.31,58.9316,-151.0269,,
2026-08-20T01:55:59Z,SAT-EO-01,1161,26.55,95.26,-72.64,59.0033,-151.0024,,
2026-08-20T01:56:05Z,SAT-EO-01,1162,27.14,95.71,-72.78,59.0733,-150.9777,,
2026-08-20T01:56:11Z,SAT-EO-01,1163,26.81,95.35,-71.73,59.1431,-150.9521,,
2026-08-20T01:56:17Z,SAT-EO-01,1164,26.56,95.66,-72.11,59.2092,-150.9269,,
2026-08-20T01:56:23Z,SAT-EO-01,1165,27.07,95.7,-72.77,59.2715,-150.9021,,
2026-08-20T01:56:29Z,SAT-EO-01,1166,26.78,95.89,-72.09,59.333,-150.8767,,
2026-08-20T01:56:35Z,SAT-EO-01,1167,27.03,95.79,-73.32,59.3906,-150.8517,,
2026-08-20T01:56:41Z,SAT-EO-01,1168,27.2,96.01,-74.15,59.4455,-150.8268,,
2026-08-20T01:56:47Z,SAT-EO-01,1169,27.16,96.11,-74.45,59.4972,-150.8022,,
2026-08-20T01:56:53Z,SAT-EO-01,1170,26.7,96.0,-73.17,59.5473,-150.7771,,
2026-08-20T01:56:59Z,SAT-EO-01,1171,26.8,95.83,-72.0,59.5948,-150.752,,
2026-08-20T01:57:05Z,SAT-EO-01,1172,27.08,95.98,-73.4,59.6385,-150.7276,,
2026-08-20T01:57:11Z,SAT-EO-01,1173,26.57,95.63,-74.18,59.6814,-150.7022,,
2026-08-20T01:57:17Z,SAT-EO-01,1174,27.21,96.15,-71.83,59.72,-150.6778,,
2026-08-20T01:57:23Z,SAT-EO-01,1175,27.28,96.26,-73.42,59.7571,-150.6527,,
2026-08-20T01:57:29Z,SAT-EO-01,1176,26.58,96.07,-73.6,59.7909,-150.6282,,
2026-08-20T01:57:35Z,SAT-EO-01,1177,27.02,96.08,-72.71,59.8232,-150.6027,,
2026-08-20T01:57:41Z,SAT-EO-01,1178,27.44,96.16,-72.19,59.8525,-150.5776,,
2026-08-20T01:57:47Z,SAT-EO-01,1179,26.83,96.18,-74.09,59.8794,-150.5522,,
2026-08-20T01:57:53Z,SAT-EO-01,1180,27.36,96.01,-73.35,59.9038,-150.5266,,
2026-08-20T01:57:59Z,SAT-EO-01,1181,26.7,96.13,-73.01,59.9246,-150.502,,
2026-08-20T01:58:05Z,SAT-EO-01,1182,26.44,95.88,-73.29,59.9435,-150.4765,,
2026-08-20T01:58:11Z,SAT-EO-01,1183,27.31,96.0,-72.68,59.9596,-150.4512,,
2026-08-20T01:58:17Z,SAT-EO-01,1184,26.66,96.11,-73.7,59.9727,-150.4265,,
2026-08-20T01:58:23Z,SAT-EO-01,1185,26.72,96.27,-74.73,59.9834,-150.4014,,
2026-08-20T01:58:29Z,SAT-EO-01,1186,26.58,95.74,-73.83,59.9916,-150.3758,,
2026-08-20T01:58:35Z,SAT-EO-01,1187,26.45,96.1,-73.17,59.9969,-150.351,,
2026-08-20T01:58:41Z,SAT-EO-01,1188,27.13,96.07,-73.59,59.9996,-150.3255,,
2026-08-20T01:58:48Z,SAT-EO-01,1189,27.23,95.98,-73.95,59.9997,-150.3,,
2026-08-20T01:58:53Z,SAT-EO-01,1190,27.37,95.86,-73.22,59.9971,-150.2754,,
2026-08-20T01:58:59Z,SAT-EO-01,1191,26.94,95.77,-73.33,59.992,-150.2508,,
2026-08-20T01:59:05Z,SAT-EO-01,1192,27.12,95.71,-72.56,59.9844,-150.2263,,
2026-08-20T01:59:11Z,SAT-EO-01,1193,26.83,96.27,-72.6,59.9743,-150.2018,,
2026-08-20T01:59:17Z,SAT-EO-01,1194,27.72,96.25,-71.82,59.9612,-150.1765,,
2026-08-20T01:59:23Z,SAT-EO-01,1195,26.98,95.86,-72.85,59.9458,-150.1518,,
2026-08-20T01:59:29Z,SAT-EO-01,1196,27.33,96.26,-72.03,59.9273,-150.1264,,
2026-08-20T01:59:35Z,SAT-EO-01,1197,27.25,95.83,-72.81,59.9059,-150.1008,,
2026-08-20T01:59:41Z,SAT-EO-01,1198,26.88,96.37,-74.07,59.8819,-150.0753,,
2026-08-20T01:59:47Z,SAT-EO-01,1199,26.35,95.83,-72.68,59.8558,-150.0504,,
2026-08-20T01:59:53Z,SAT-EO-01,1200,27.19,95.95,-73.16,59.8274,-150.0257,,
2026-08-20T01:59:59Z,SAT-EO-01,1201,27.47,96.19,-72.26,59.7953,-150.0002,,
2026-08-20T02:00:05Z,SAT-EO-01,1202,26.64,96.33,-74.09,59.7621,-149.9758,,
2026-08-20T02:00:11Z,SAT-EO-01,1203,26.79,96.13,-73.8,59.7262,-149.9512,,
2026-08-20T02:00:17Z,SAT-EO-01,1204,27.58,95.9,-72.59,59.6868,-149.9261,,
2026-08-20T02:00:23Z,SAT-EO-01,1205,27.27,95.65,-71.77,59.6443,-149.9007,,
2026-08-20T02:00:29Z,SAT-EO-01,1206,26.98,95.83,-73.6,59.6007,-149.8762,,
2026-08-20T02:00:35Z,SAT-EO-01,1207,27.25,95.8,-73.51,59.5546,-149.8517,,
2026-08-20T02:00:41Z,SAT-EO-01,1208,26.89,95.95,-72.82,59.5055,-149.8269,,
2026-08-20T02:00:47Z,SAT-EO-01,1209,26.76,96.14,-72.72,59.4536,-149.802,,
2026-08-20T02:00:53Z,SAT-EO-01,1210,26.61,96.24,-72.89,59.3976,-149.7764,,
2026-08-20T02:00:59Z,SAT-EO-01,1211,27.31,96.15,-73.24,59.3404,-149.7515,,
2026-08-20T02:01:05Z,SAT-EO-01,1212,26.57,95.87,-73.35,59.28,-149.7263,,
2026-08-20T02:01:11Z,SAT-EO-01,1213,26.94,95.95,-73.07,59.2173,-149.7013,,
2026-08-20T02:01:17Z,SAT-EO-01,1214,27.39,96.13,-72.65,59.1511,-149.6759,,
2026-08-20T02:01:23Z,SAT-EO-01,1215,27.5,96.22,-73.69,59.0836,-149.651,,
2026-08-20T02:01:29Z,SAT-EO-01,1216,26.84,95.7,-73.34,59.0147,-149.6265,,
2026-08-20T02:01:35Z,SAT-EO-01,1217,26.94,95.37,-71.64,58.9409,-149.6012,,
2026-08-20T02:01:41Z,SAT-EO-01,1218,26.74,95.57,-70.96,58.8668,-149.5767,,
2026-08-20T02:01:47Z,SAT-EO-01,1219,26.9,95.83,-73.12,58.7886,-149.5517,,
2026-08-20T02:01:53Z,SAT-EO-01,1220,27.51,96.02,-73.2,58.7071,-149.5264,,
2026-08-20T02:01:59Z,SAT-EO-01,1221,26.66,95.66,-71.85,58.6235,-149.5013,,
2026-08-20T02:02:05Z,SAT-EO-01,1222,27.04,95.98,-73.03,58.538,-149.4764,,
2026-08-20T02:02:11Z,SAT-EO-01,1223,26.65,95.09,-72.28,58.4489,-149.4512,,
2026-08-20T02:02:17Z,SAT-EO-01,1224,26.45,95.81,-72.53,58.3587,-149.4263,,
2026-08-20T02:02:23Z,SAT-EO-01,1225,27.15,95.83,-72.84,58.2653,-149.4013,,
2026-08-20T02:02:29Z,SAT-EO-01,1226,27.35,95.73,-70.53,58.1682,-149.3761,,
2026-08-20T02:02:35Z,SAT-EO-01,1227,26.29,95.72,-72.82,58.0711,-149.3515,,
2026-08-20T02:02:41Z,SAT-EO-01,1228,27.07,96.32,-72.16,57.9678,-149.3259,,
2026-08-20T02:02:47Z,SAT-EO-01,1229,26.73,95.52,-72.38,57.8639,-149.3008,,
2026-08-20T02:02:53Z,SAT-EO-01,1230,26.55,95.57,-72.01,57.7579,-149.2759,,
2026-08-20T02:02:59Z,SAT-EO-01,1231,27.08,95.69,-73.05,57.651,-149.2513,,
2026-08-20T02:03:05Z,SAT-EO-01,1232,27.4,95.4,-71.75,57.5397,-149.2263,,
2026-08-20T02:03:11Z,SAT-EO-01,1233,26.98,95.44,-71.84,57.4255,-149.2012,,
2026-08-20T02:03:17Z,SAT-EO-01,1234,26.46,95.94,-71.22,57.3076,-149.1758,,
2026-08-20T02:03:23Z,SAT-EO-01,1235,26.71,95.53,-71.27,57.1865,-149.1504,,
2026-08-20T02:03:29Z,SAT-EO-01,1236,26.53,95.49,-73.02,57.064,-149.1251,,
2026-08-20T02:03:35Z,SAT-EO-01,1237,26.27,95.52,-72.47,56.9415,-149.1004,,
2026-08-20T02:03:41Z,SAT-EO-01,1238,26.85,95.56,-72.16,56.8162,-149.0756,,
2026-08-20T02:03:47Z,SAT-EO-01,1239,26.93,95.93,-72.26,56.6896,-149.051,,
2026-08-20T02:03:53Z,SAT-EO-01,1240,26.58,95.92,-72.83,56.5597,-149.0263,,
2026-08-20T02:03:59Z,SAT-EO-01,1241,26.93,95.55,-71.18,56.4239,-149.0009,,
2026-08-20T02:04:05Z,SAT-EO-01,1242,26.55,95.69,-71.84,56.2878,-148.9759,,
2026-08-20T02:04:11Z,SAT-EO-01,1243,26.85,95.64,-72.19,56.1513,-148.9513,,
2026-08-20T02:04:17Z,SAT-EO-01,1244,26.69,95.57,-73.17,56.0134,-148.9268,,
2026-08-20T02:04:23Z,SAT-EO-01,1245,26.94,95.55,-71.4,55.8694,-148.9017,,
2026-08-20T02:04:29Z,SAT-EO-01,1246,26.86,94.99,-70.49,55.7271,-148.8773,,
2026-08-20T02:04:35Z,SAT-EO-01,1247,26.74,95.36,-70.87,55.5788,-148.8523,,
2026-08-20T02:04:41Z,SAT-EO-01,1248,26.66,95.57,-72.89,55.4282,-148.8274,,
2026-08-20T02:04:47Z,SAT-EO-01,1249,26.75,95.69,-72.73,55.2776,-148.8028,,
2026-08-20T02:04:53Z,SAT-EO-01,1250,26.65,95.62,-72.56,55.121,-148.7776,,
2026-08-20T02:04:59Z,SAT-EO-01,1251,26.62,95.52,-70.75,54.9606,-148.7522,,
2026-08-20T02:05:05Z,SAT-EO-01,1252,26.51,95.89,-70.38,54.8031,-148.7277,,
2026-08-20T02:05:11Z,SAT-EO-01,1253,26.98,95.31,-72.17,54.6437,-148.7032,,
2026-08-20T02:05:17Z,SAT-EO-01,1254,26.44,95.45,-72.47,54.4755,-148.6777,,
2026-08-20T02:05:23Z,SAT-EO-01,1255,26.05,95.66,-72.45,54.3114,-148.6532,,
2026-08-20T02:05:29Z,SAT-EO-01,1256,26.81,95.51,-72.66,54.1404,-148.628,,
2026-08-20T02:05:35Z,SAT-EO-01,1257,26.2,95.36,-72.8,53.9649,-148.6026,,
2026-08-20T02:05:41Z,SAT-EO-01,1258,26.45,95.17,-71.61,53.7885,-148.5773,,
2026-08-20T02:05:47Z,SAT-EO-01,1259,26.75,95.26,-73.65,53.6114,-148.5523,,
2026-08-20T02:05:53Z,SAT-EO-01,1260,26.78,94.41,-72.41,53.4289,-148.5269,,
2026-08-20T02:05:59Z,SAT-EO-01,1261,26.59,95.29,-73.08,53.2473,-148.5019,,
2026-08-20T02:06:05Z,SAT-EO-01,1262,26.14,94.81,-71.36,53.0633,-148.4769,,
2026-08-20T02:06:11Z,SAT-EO-01,1263,25.73,95.13,-71.87,52.8742,-148.4515,,
2026-08-20T02:06:17Z,SAT-EO-01,1264,26.31,94.93,-72.04,52.6812,-148.426,,
2026-08-20T02:06:23Z,SAT-EO-01,1265,26.61,94.64,-73.23,52.4905,-148.401,,
2026-08-20T02:06:29Z,SAT-EO-01,1266,26.68,95.08,-71.26,52.2976,-148.3761,,
2026-08-20T02:06:35Z,SAT-EO-01,1267,26.32,94.68,-72.12,52.1043,-148.3514,,
2026-08-20T02:06:41Z,SAT-EO-01,1268,26.62,95.04,-71.76,51.9043,-148.3261,,
2026-08-20T02:06:47Z,SAT-EO-01,1269,26.64,94.55,-70.93,51.7013,-148.3008,,
2026-08-20T02:06:53Z,SAT-EO-01,1270,26.08,94.92,-71.09,51.5034,-148.2764,,
2026-08-20T02:06:59Z,SAT-EO-01,1271,26.81,94.77,-70.88,51.2949,-148.2509,,
2026-08-20T02:07:05Z,SAT-EO-01,1272,26.23,94.95,-72.41,51.0918,-148.2264,,
2026-08-20T02:07:11Z,SAT-EO-01,1273,26.29,95.0,-71.25,50.887,-148.2019,,
2026-08-20T02:07:17Z,SAT-EO-01,1274,26.58,95.16,-70.25,50.6781,-148.1772,,
2026-08-20T02:07:23Z,SAT-EO-01,1275,26.59,94.59,-70.77,50.4593,-148.1516,,
2026-08-20T02:07:29Z,SAT-EO-01,1276,26.49,94.66,-71.58,50.2433,-148.1265,,
2026-08-20T02:07:35Z,SAT-EO-01,1277,26.72,94.67,-71.82,50.0277,-148.1018,,
2026-08-20T02:07:41Z,SAT-EO-01,1278,26.26,94.76,-71.84,49.8128,-148.0774,,
2026-08-20T02:07:47Z,SAT-EO-01,1279,26.63,94.92,-72.84,49.5857,-148.0519,,
2026-08-20T02:07:53Z,SAT-EO-01,1280,26.02,94.83,-70.75,49.3656,-148.0274,,
2026-08-20T02:07:59Z,SAT-EO-01,1281,25.27,95.37,-70.6,49.1428,-148.0028,,
2026-08-20T02:08:05Z,SAT-EO-01,1282,26.22,94.55,-70.94,48.9131,-147.9777,,
2026-08-20T02:08:11Z,SAT-EO-01,1283,26.46,94.92,-70.85,48.6873,-147.9532,,
2026-08-20T02:08:17Z,SAT-EO-01,1284,26.08,94.39,-71.58,48.4583,-147.9287,,
2026-08-20T02:08:23Z,SAT-EO-01,1285,26.09,94.21,-70.72,48.2248,-147.9038,,
2026-08-20T02:08:28Z,SAT-EO-01,1286,26.09,94.47,-70.72,47.9929,-147.8794,,
2026-08-20T02:08:35Z,SAT-EO-01,1287,27.16,94.91,-71.8,47.7497,-147.8539,,
2026-08-20T02:08:40Z,SAT-EO-01,1288,26.14,94.76,-72.11,47.512,-147.8293,,
2026-08-20T02:08:46Z,SAT-EO-01,1289,25.81,94.76,-69.93,47.2721,-147.8047,,
2026-08-20T02:08:52Z,SAT-EO-01,1290,26.51,94.53,-70.37,47.0232,-147.7793,,
2026-08-20T02:08:58Z,SAT-EO-01,1291,26.23,94.34,-71.26,46.78,-147.7548,,
2026-08-20T02:09:04Z,SAT-EO-01,1292,26.55,94.25,-70.4,46.5252,-147.7292,,
2026-08-20T02:09:11Z,SAT-EO-01,1293,25.68,94.09,-71.02,46.268,-147.7037,,
2026-08-20T02:09:17Z,SAT-EO-01,1294,25.91,94.3,-71.3,46.0144,-147.6787,,
2026-08-20T02:09:23Z,SAT-EO-01,1295,26.17,94.49,-70.8,45.7606,-147.6539,,
2026-08-20T02:09:29Z,SAT-EO-01,1296,25.56,94.4,-70.81,45.5046,-147.629,,
2026-08-20T02:09:35Z,SAT-EO-01,1297,25.72,93.99,-70.2,45.2422,-147.6038,,
2026-08-20T02:09:40Z,SAT-EO-01,1298,25.59,94.58,-71.86,44.9856,-147.5792,,
2026-08-20T02:09:47Z,SAT-EO-01,1299,25.41,94.27,-69.48,44.7166,-147.5537,,
2026-08-20T02:09:53Z,SAT-EO-01,1300,25.7,94.41,-70.0,44.4491,-147.5285,,
2026-08-20T02:09:59Z,SAT-EO-01,1301,26.4,94.23,-69.78,44.1763,-147.5031,,
2026-08-20T02:10:05Z,SAT-EO-01,1302,26.29,94.29,-69.51,43.9113,-147.4785,,
2026-08-20T02:10:11Z,SAT-EO-01,1303,25.32,94.06,-69.3,43.6455,-147.454,,
2026-08-20T02:10:17Z,SAT-EO-01,1304,24.99,94.3,-69.76,43.3706,-147.4288,,
2026-08-20T02:10:22Z,SAT-EO-01,1305,25.73,94.34,-69.31,43.0994,-147.4042,,
2026-08-20T02:10:28Z,SAT-EO-01,1306,25.22,94.55,-69.1,42.8245,-147.3794,,
2026-08-20T02:10:34Z,SAT-EO-01,1307,25.43,93.63,-70.33,42.5434,-147.3542,,
2026-08-20T02:10:41Z,SAT-EO-01,1308,25.82,94.31,-69.68,42.2581,-147.3288,,
2026-08-20T02:10:47Z,SAT-EO-01,1309,25.76,93.55,-70.09,41.9724,-147.3035,,
2026-08-20T02:10:53Z,SAT-EO-01,1310,26.0,93.58,-70.02,41.6813,-147.2779,,
2026-08-20T02:10:59Z,SAT-EO-01,1311,25.56,93.91,-70.38,41.3965,-147.2531,,
2026-08-20T02:11:05Z,SAT-EO-01,1312,25.5,94.05,-70.37,41.1051,-147.2278,,
2026-08-20T02:11:11Z,SAT-EO-01,1313,26.1,93.74,-70.58,40.816,-147.2029,,
2026-08-20T02:11:17Z,SAT-EO-01,1314,24.81,93.84,-71.53,40.526,-147.178,,
2026-08-20T02:11:23Z,SAT-EO-01,1315,25.65,93.14,-70.66,40.2279,-147.1526,,
2026-08-20T02:11:29Z,SAT-EO-01,1316,25.81,93.7,-69.43,39.9359,-147.1279,,
2026-08-20T02:11:35Z,SAT-EO-01,1317,25.4,93.64,-69.46,39.6378,-147.1028,,
2026-08-20T02:11:41Z,SAT-EO-01,1318,26.29,93.42,-69.76,39.3383,-147.0778,,
2026-08-20T02:11:47Z,SAT-EO-01,1319,25.39,93.7,-70.07,39.0424,-147.0531,,
2026-08-20T02:11:53Z,SAT-EO-01,1320,25.39,93.6,-68.08,38.7472,-147.0287,,
2026-08-20T02:11:59Z,SAT-EO-01,1321,25.67,93.27,-69.8,38.4433,-147.0037,,
2026-08-20T02:12:05Z,SAT-EO-01,1322,25.2,93.2,-70.09,38.1384,-146.9788,,
2026-08-20T02:12:11Z,SAT-EO-01,1323,25.7,93.54,-69.97,37.8289,-146.9536,,
2026-08-20T02:12:17Z,SAT-EO-01,1324,25.26,93.39,-69.12,37.5236,-146.9289,,
2026-08-20T02:12:23Z,SAT-EO-01,1325,25.29,93.28,-69.25,37.2099,-146.9036,,
2026-08-20T02:12:29Z,SAT-EO-01,1326,25.09,93.31,-68.87,36.8912,-146.8781,,
2026-08-20T02:12:35Z,SAT-EO-01,1327,25.3,93.37,-69.28,36.5781,-146.8531,,
2026-08-20T02:12:41Z,SAT-EO-01,1328,24.96,92.61,-70.53,36.2668,-146.8284,,
2026-08-20T02:12:47Z,SAT-EO-01,1329,24.83,93.08,-68.12,35.9486,-146.8033,,
2026-08-20T02:12:53Z,SAT-EO-01,1330,25.18,93.28,-69.27,35.6275,-146.7781,,
2026-08-20T02:12:59Z,SAT-EO-01,1331,25.4,93.25,-68.5,35.3008,-146.7526,,
2026-08-20T02:13:05Z,SAT-EO-01,1332,25.96,93.02,-70.33,34.9867,-146.7282,,
2026-08-20T02:13:11Z,SAT-EO-01,1333,25.67,93.14,-68.6,34.6615,-146.7031,,
2026-08-20T02:13:17Z,SAT-EO-01,1334,24.48,93.38,-69.38,34.3435,-146.6786,,
2026-08-20T02:13:23Z,SAT-EO-01,1335,24.32,92.96,-68.03,34.0142,-146.6533,,
2026-08-20T02:13:29Z,SAT-EO-01,1336,24.96,92.87,-68.66,33.6836,-146.6281,,
2026-08-20T02:13:35Z,SAT-EO-01,1337,24.58,92.61,-68.29,33.3483,-146.6026,,
2026-08-20T02:13:41Z,SAT-EO-01,1338,24.98,93.09,-69.13,33.0251,-146.5782,,
2026-08-20T02:13:47Z,SAT-EO-01,1339,24.83,92.48,-68.19,32.6948,-146.5533,,
2026-08-20T02:13:53Z,SAT-EO-01,1340,24.86,92.85,-68.74,32.357,-146.528,,
2026-08-20T02:13:59Z,SAT-EO-01,1341,24.49,92.68,-68.22,32.0227,-146.503,,
2026-08-20T02:14:05Z,SAT-EO-01,1342,24.33,93.08,-68.6,31.6827,-146.4778,,
2026-08-20T02:14:11Z,SAT-EO-01,1343,24.5,92.69,-68.57,31.3439,-146.4527,,
2026-08-20T02:14:17Z,SAT-EO-01,1344,24.45,92.64,-68.94,31.0088,-146.428,,
2026-08-20T02:14:23Z,SAT-EO-01,1345,24.79,92.7,-68.5,30.6677,-146.4029,,
2026-08-20T02:14:29Z,SAT-EO-01,1346,24.52,92.69,-68.75,30.3201,-146.3775,,
2026-08-20T02:14:35Z,SAT-EO-01,1347,24.26,92.92,-68.59,29.9824,-146.3529,,
2026-08-20T02:14:41Z,SAT-EO-01,1348,24.6,92.54,-68.36,29.642,-146.3282,,
2026-08-20T02:14:47Z,SAT-EO-01,1349,24.43,92.44,-67.61,29.3004,-146.3035,,
2026-08-20T02:14:53Z,SAT-EO-01,1350,24.85,92.39,-67.75,28.9509,-146.2783,,
2026-08-20T02:14:59Z,SAT-EO-01,1351,24.27,92.36,-68.75,28.6093,-146.2538,,
2026-08-20T02:15:05Z,SAT-EO-01,1352,25.51,92.46,-68.34,28.2577,-146.2286,,
2026-08-20T02:15:11Z,SAT-EO-01,1353,25.18,92.11,-69.56,27.9091,-146.2038,,
2026-08-20T02:15:17Z,SAT-EO-01,1354,24.85,92.13,-69.02,27.5588,-146.1789,,
2026-08-20T02:15:22Z,SAT-EO-01,1355,24.78,92.0,-68.45,27.2141,-146.1545,,
2026-08-20T02:15:28Z,SAT-EO-01,1356,24.51,92.28,-67.67,26.8672,-146.13,,
2026-08-20T02:15:34Z,SAT-EO-01,1357,24.64,92.3,-67.86,26.5044,-146.1045,,
2026-08-20T02:15:40Z,SAT-EO-01,1358,24.62,92.2,-68.5,26.1476,-146.0794,,
2026-08-20T02:15:47Z,SAT-EO-01,1359,24.19,91.84,-68.57,25.7858,-146.0542,,
2026-08-20T02:15:52Z,SAT-EO-01,1360,24.6,91.86,-67.23,25.4347,-146.0297,,
2026-08-20T02:15:58Z,SAT-EO-01,1361,24.7,91.96,-68.15,25.0686,-146.0043,,
2026-08-20T02:16:05Z,SAT-EO-01,1362,24.28,91.86,-67.23,24.7045,-145.9791,,
2026-08-20T02:16:11Z,SAT-EO-01,1363,24.51,91.71,-68.68,24.3404,-145.9539,,
2026-08-20T02:16:17Z,SAT-EO-01,1364,24.29,91.51,-67.95,23.976,-145.9289,,
2026-08-20T02:16:23Z,SAT-EO-01,1365,24.37,91.24,-68.0,23.6128,-145.9039,,
2026-08-20T02:16:29Z,SAT-EO-01,1366,24.25,91.49,-66.78,23.2427,-145.8786,,
2026-08-20T02:16:35Z,SAT-EO-01,1367,23.95,91.39,-67.62,22.8846,-145.8542,,
2026-08-20T02:16:40Z,SAT-EO-01,1368,23.74,91.97,-68.64,22.5236,-145.8296,,
2026-08-20T02:16:46Z,SAT-EO-01,1369,23.71,91.12,-67.92,22.1542,-145.8045,,
2026-08-20T02:16:52Z,SAT-EO-01,1370,24.14,91.66,-67.61,21.7927,-145.78,,
2026-08-20T02:16:58Z,SAT-EO-01,1371,24.47,91.01,-68.06,21.4267,-145.7553,,
2026-08-20T02:17:04Z,SAT-EO-01,1372,24.15,91.26,-69.7,21.0524,-145.7301,,
2026-08-20T02:17:10Z,SAT-EO-01,1373,24.25,91.27,-69.19,20.6888,-145.7057,,
2026-08-20T02:17:16Z,SAT-EO-01,1374,23.87,91.48,-67.19,20.318,-145.6808,,
2026-08-20T02:17:22Z,SAT-EO-01,1375,23.88,91.2,-67.54,19.9484,-145.6561,,
2026-08-20T02:17:28Z,SAT-EO-01,1376,24.24,90.86,-66.65,19.5731,-145.6311,,
2026-08-20T02:17:34Z,SAT-EO-01,1377,23.58,91.25,-67.53,19.1918,-145.6057,,
2026-08-20T02:17:40Z,SAT-EO-01,1378,23.53,91.38,-67.9,18.8072,-145.5801,,
2026-08-20T02:17:46Z,SAT-EO-01,1379,23.98,91.02,-67.98,18.4249,-145.5548,,
2026-08-20T02:17:52Z,SAT-EO-01,1380,23.43,90.96,-67.27,18.0468,-145.5298,,
2026-08-20T02:17:58Z,SAT-EO-01,1381,24.85,90.79,-67.86,17.6698,-145.5049,,
2026-08-20T02:18:04Z,SAT-EO-01,1382,23.94,91.15,-66.03,17.2843,-145.4795,,
2026-08-20T02:18:10Z,SAT-EO-01,1383,23.4,90.91,-67.23,16.9001,-145.4543,,
2026-08-20T02:18:17Z,SAT-EO-01,1384,24.46,91.1,-67.67,16.5163,-145.4291,,
2026-08-20T02:18:23Z,SAT-EO-01,1385,23.67,90.67,-66.83,16.1328,-145.404,,
2026-08-20T02:18:29Z,SAT-EO-01,1386,23.91,90.76,-67.01,15.7503,-145.379,,
2026-08-20T02:18:35Z,SAT-EO-01,1387,23.94,90.9,-68.17,15.3688,-145.3541,,
2026-08-20T02:18:40Z,SAT-EO-01,1388,23.44,90.37,-67.78,14.9899,-145.3295,,
2026-08-20T02:18:46Z,SAT-EO-01,1389,23.45,90.52,-68.66,14.6087,-145.3047,,
2026-08-20T02:18:52Z,SAT-EO-01,1390,24.27,90.78,-67.11,14.2265,-145.2799,,
2026-08-20T02:18:58Z,SAT-EO-01,1391,23.95,90.41,-66.45,13.8357,-145.2545,,
2026-08-20T02:19:04Z,SAT-EO-01,1392,23.32,90.66,-66.53,13.4542,-145.2299,,
2026-08-20T02:19:10Z,SAT-EO-01,1393,23.93,91.17,-68.24,13.0719,-145.2052,,
2026-08-20T02:19:16Z,SAT-EO-01,1394,23.7,90.76,-68.14,12.6773,-145.1797,,
2026-08-20T02:19:22Z,SAT-EO-01,1395,22.91,90.12,-67.87,12.2985,-145.1553,,
2026-08-20T02:19:28Z,SAT-EO-01,1396,23.42,90.56,-68.1,11.9042,-145.13,,
2026-08-20T02:19:34Z,SAT-EO-01,1397,23.93,90.45,-68.19,11.5091,-145.1046,,
2026-08-20T02:19:40Z,SAT-EO-01,1398,23.81,90.45,-68.59,11.1134,-145.0792,,
2026-08-20T02:19:47Z,SAT-EO-01,1399,22.78,90.02,-66.13,10.7184,-145.0539,,
2026-08-20T02:19:53Z,SAT-EO-01,1400,23.21,90.71,-66.73,10.3193,-145.0284,,
2026-08-20T02:19:59Z,SAT-EO-01,1401,23.17,90.08,-66.48,9.9203,-145.0028,,
2026-08-20T02:20:05Z,SAT-EO-01,1402,23.41,89.91,-67.29,9.5217,-144.9774,,
2026-08-20T02:20:11Z,SAT-EO-01,1403,22.92,89.82,-67.36,9.1309,-144.9525,,
2026-08-20T02:20:17Z,SAT-EO-01,1404,23.59,89.95,-67.65,8.7366,-144.9274,,
2026-08-20T02:20:23Z,SAT-EO-01,1405,22.6,89.92,-67.27,8.3519,-144.9029,,
2026-08-20T02:20:29Z,SAT-EO-01,1406,23.29,90.09,-67.03,7.9654,-144.8783,,
2026-08-20T02:20:35Z,SAT-EO-01,1407,23.45,89.94,-66.94,7.5817,-144.8539,,
2026-08-20T02:20:41Z,SAT-EO-01,1408,23.04,89.44,-67.64,7.1843,-144.8287,,
2026-08-20T02:20:47Z,SAT-EO-01,1409,22.82,89.73,-66.87,6.7891,-144.8036,,
2026-08-20T02:20:53Z,SAT-EO-01,1410,23.4,89.49,-67.85,6.3848,-144.778,,
2026-08-20T02:20:59Z,SAT-EO-01,1411,22.77,89.5,-67.34,5.9968,-144.7534,,
2026-08-20T02:21:05Z,SAT-EO-01,1412,23.19,89.74,-66.32,5.6094,-144.7289,,
2026-08-20T02:21:10Z,SAT-EO-01,1413,22.3,89.47,-67.31,5.2209,-144.7043,,
2026-08-20T02:21:17Z,SAT-EO-01,1414,23.45,89.52,-67.43,4.8157,-144.6787,,
2026-08-20T02:21:23Z,SAT-EO-01,1415,22.13,89.52,-66.54,4.4204,-144.6537,,
2026-08-20T02:21:29Z,SAT-EO-01,1416,22.93,89.57,-66.74,4.0159,-144.6282,,
2026-08-20T02:21:35Z,SAT-EO-01,1417,22.58,89.65,-68.33,3.6189,-144.6031,,
2026-08-20T02:21:41Z,SAT-EO-01,1418,22.43,89.22,-67.25,3.2233,-144.5782,,
2026-08-20T02:21:47Z,SAT-EO-01,1419,22.65,88.96,-65.92,2.8265,-144.5531,,
2026-08-20T02:21:53Z,SAT-EO-01,1420,22.58,88.82,-67.66,2.4253,-144.5278,,
2026-08-20T02:21:59Z,SAT-EO-01,1421,22.27,89.22,-66.66,2.0324,-144.5031,,
2026-08-20T02:22:05Z,SAT-EO-01,1422,22.88,89.3,-66.99,1.6361,-144.4781,,
2026-08-20T02:22:11Z,SAT-EO-01,1423,22.81,89.0,-67.47,1.2301,-144.4525,,
2026-08-20T02:22:17Z,SAT-EO-01,1424,22.35,89.27,-67.12,0.8299,-144.4273,,
2026-08-20T02:22:23Z,SAT-EO-01,1425,22.83,89.06,-65.92,0.4412,-144.4028,,
2026-08-20T02:22:29Z,SAT-EO-01,1426,21.97,88.92,-68.04,0.0511,-144.3782,,
2026-08-20T02:22:35Z,SAT-EO-01,1427,22.23,89.0,-66.92,-0.3447,-144.3533,,
2026-08-20T02:22:41Z,SAT-EO-01,1428,22.5,89.19,-68.18,-0.732,-144.3289,,
2026-08-20T02:22:47Z,SAT-EO-01,1429,22.5,89.05,-68.52,-1.1243,-144.3042,,
2026-08-20T02:22:52Z,SAT-EO-01,1430,22.5,88.9,-68.01,-1.5189,-144.2793,,
2026-08-20T02:22:59Z,SAT-EO-01,1431,22.06,88.78,-68.23,-1.9247,-144.2537,,
2026-08-20T02:23:05Z,SAT-EO-01,1432,22.73,88.39,-67.24,-2.3283,-144.2283,,
2026-08-20T02:23:11Z,SAT-EO-01,1433,22.03,88.9,-67.58,-2.7187,-144.2037,,
2026-08-20T02:23:17Z,SAT-EO-01,1434,22.49,88.81,-67.06,-3.1115,-144.1789,,
2026-08-20T02:23:23Z,SAT-EO-01,1435,22.04,88.29,-66.99,-3.5163,-144.1534,,
2026-08-20T02:23:29Z,SAT-EO-01,1436,21.79,88.5,-68.95,-3.9116,-144.1284,,
2026-08-20T02:23:35Z,SAT-EO-01,1437,21.91,88.05,-67.58,-4.3153,-144.1029,,
2026-08-20T02:23:41Z,SAT-EO-01,1438,21.93,88.12,-66.4,-4.7019,-144.0785,,
2026-08-20T02:23:47Z,SAT-EO-01,1439,22.36,88.25,-67.09,-5.0885,-144.054,,
2026-08-20T02:23:53Z,SAT-EO-01,1440,22.5,88.19,-67.81,-5.4821,-144.0291,,
2026-08-20T02:23:58Z,SAT-EO-01,1441,22.32,88.26,-68.14,-5.8707,-144.0046,,
2026-08-20T02:24:05Z,SAT-EO-01,1442,22.65,88.77,-66.15,-6.2741,-143.979,,
2026-08-20T02:24:10Z,SAT-EO-01,1443,22.6,87.95,-66.29,-6.6595,-143.9546,,
2026-08-20T02:24:16Z,SAT-EO-01,1444,22.46,88.14,-67.77,-7.0502,-143.9298,,
2026-08-20T02:24:22Z,SAT-EO-01,1445,21.93,88.3,-66.22,-7.4369,-143.9053,,
2026-08-20T02:24:28Z,SAT-EO-01,1446,21.65,88.33,-67.57,-7.8304,-143.8803,,
2026-08-20T02:24:34Z,SAT-EO-01,1447,21.77,88.07,-65.9,-8.2309,-143.8548,,
2026-08-20T02:24:40Z,SAT-EO-01,1448,21.99,88.1,-67.36,-8.6167,-143.8303,,
2026-08-20T02:24:46Z,SAT-EO-01,1449,21.77,88.36,-67.28,-8.9998,-143.8059,,
2026-08-20T02:24:52Z,SAT-EO-01,1450,21.79,88.06,-68.85,-9.3982,-143.7805,,
2026-08-20T02:24:58Z,SAT-EO-01,1451,21.79,87.87,-69.07,-9.7934,-143.7553,,
2026-08-20T02:25:04Z,SAT-EO-01,1452,22.0,87.47,-66.4,-10.1935,-143.7297,,
2026-08-20T02:25:10Z,SAT-EO-01,1453,21.56,88.02,-67.49,-10.5771,-143.7052,,
2026-08-20T02:25:16Z,SAT-EO-01,1454,22.41,87.56,-67.08,-10.9616,-143.6805,,
2026-08-20T02:25:22Z,SAT-EO-01,1455,20.88,88.08,-66.65,-11.3498,-143.6556,,
2026-08-20T02:25:28Z,SAT-EO-01,1456,21.81,87.81,-67.18,-11.7445,-143.6303,,
2026-08-20T02:25:34Z,SAT-EO-01,1457,21.42,87.79,-68.09,-12.1399,-143.6049,,
2026-08-20T02:25:40Z,SAT-EO-01,1458,20.67,87.34,-67.89,-12.5216,-143.5803,,
2026-08-20T02:25:46Z,SAT-EO-01,1459,21.58,87.68,-66.77,-12.9014,-143.5558,,
2026-08-20T02:25:52Z,SAT-EO-01,1460,21.59,87.34,-67.21,-13.2857,-143.531,,
2026-08-20T02:25:58Z,SAT-EO-01,1461,21.65,87.56,-68.3,-13.6663,-143.5064,,
2026-08-20T02:26:04Z,SAT-EO-01,1462,20.92,87.19,-67.95,-14.053,-143.4814,,
2026-08-20T02:26:10Z,SAT-EO-01,1463,21.12,87.16,-66.45,-14.4444,-143.456,,
2026-08-20T02:26:16Z,SAT-EO-01,1464,21.39,87.22,-67.88,-14.8243,-143.4313,,
2026-08-20T02:26:22Z,SAT-EO-01,1465,21.82,87.28,-67.51,-15.2132,-143.406,,
2026-08-20T02:26:28Z,SAT-EO-01,1466,22.21,87.17,-67.31,-15.588,-143.3816,,
2026-08-20T02:26:34Z,SAT-EO-01,1467,20.87,87.38,-66.07,-15.9642,-143.357,,
2026-08-20T02:26:40Z,SAT-EO-01,1468,21.86,86.97,-66.86,-16.3453,-143.3321,,
2026-08-20T02:26:46Z,SAT-EO-01,1469,21.96,87.17,-67.86,-16.7258,-143.3071,,
2026-08-20T02:26:52Z,SAT-EO-01,1470,21.68,87.37,-68.08,-17.1093,-143.282,,
2026-08-20T02:26:58Z,SAT-EO-01,1471,21.17,86.6,-67.45,-17.4802,-143.2576,,
2026-08-20T02:27:04Z,SAT-EO-01,1472,21.53,86.46,-70.03,-17.8676,-143.232,,
2026-08-20T02:27:10Z,SAT-EO-01,1473,20.91,87.06,-67.53,-18.2388,-143.2075,,
2026-08-20T02:27:16Z,SAT-EO-01,1474,21.35,86.72,-67.31,-18.6198,-143.1823,,
2026-08-20T02:27:22Z,SAT-EO-01,1475,21.07,86.65,-67.88,-18.9985,-143.1572,,
2026-08-20T02:27:28Z,SAT-EO-01,1476,20.92,87.23,-68.49,-19.372,-143.1323,,
2026-08-20T02:27:34Z,SAT-EO-01,1477,20.55,86.7,-66.13,-19.7392,-143.1079,,
2026-08-20T02:27:40Z,SAT-EO-01,1478,21.35,86.44,-66.7,-20.1145,-143.0828,,
2026-08-20T02:27:46Z,SAT-EO-01,1479,20.74,85.92,-66.75,-20.4929,-143.0575,,
2026-08-20T02:27:52Z,SAT-EO-01,1480,21.47,86.62,-67.32,-20.8619,-143.0327,,
2026-08-20T02:27:58Z,SAT-EO-01,1481,21.3,86.09,-67.42,-21.2266,-143.0082,,
2026-08-20T02:28:03Z,SAT-EO-01,1482,20.78,86.12,-67.23,-21.5882,-142.9838,,
2026-08-20T02:28:09Z,SAT-EO-01,1483,20.78,86.68,-67.47,-21.95,-142.9593,,
2026-08-20T02:28:15Z,SAT-EO-01,1484,20.9,86.42,-68.94,-22.3171,-142.9344,,
2026-08-20T02:28:21Z,SAT-EO-01,1485,21.03,86.79,-67.03,-22.6925,-142.9089,,
2026-08-20T02:28:27Z,SAT-EO-01,1486,20.8,86.12,-67.91,-23.0577,-142.884,,
2026-08-20T02:28:33Z,SAT-EO-01,1487,20.88,86.23,-68.17,-23.4195,-142.8593,,
2026-08-20T02:28:39Z,SAT-EO-01,1488,20.09,86.21,-68.94,-23.7875,-142.8341,,
2026-08-20T02:28:45Z,SAT-EO-01,1489,20.8,86.42,-68.62,-24.1556,-142.8088,,
2026-08-20T02:28:52Z,SAT-EO-01,1490,20.79,86.23,-68.38,-24.5264,-142.7832,,
2026-08-20T02:28:57Z,SAT-EO-01,1491,20.69,86.17,-68.66,-24.8838,-142.7585,,
2026-08-20T02:29:03Z,SAT-EO-01,1492,20.85,86.39,-67.6,-25.2433,-142.7336,,
2026-08-20T02:29:09Z,SAT-EO-01,1493,20.86,85.87,-70.36,-25.5956,-142.7091,,
2026-08-20T02:29:15Z,SAT-EO-01,1494,21.03,86.37,-67.67,-25.9507,-142.6843,,
2026-08-20T02:29:21Z,SAT-EO-01,1495,21.03,86.17,-68.29,-26.3063,-142.6594,,
2026-08-20T02:29:27Z,SAT-EO-01,1496,20.53,85.47,-68.42,-26.6688,-142.634,,
2026-08-20T02:29:33Z,SAT-EO-01,1497,20.83,85.84,-67.11,-27.0191,-142.6093,,
2026-08-20T02:29:39Z,SAT-EO-01,1498,20.21,85.87,-68.26,-27.3657,-142.5848,,
2026-08-20T02:29:45Z,SAT-EO-01,1499,20.42,85.4,-68.67,-27.723,-142.5595,,
2026-08-20T02:29:51Z,SAT-EO-01,1500,19.89,85.54,-67.73,-28.0792,-142.5341,,
2026-08-20T02:29:57Z,SAT-EO-01,1501,19.76,86.02,-66.35,-28.4367,-142.5086,,
2026-08-20T02:30:03Z,SAT-EO-01,1502,20.36,85.96,-71.21,-28.7865,-142.4835,,
2026-08-20T02:30:09Z,SAT-EO-01,1503,20.38,85.94,-68.13,-29.1285,-142.4589,,
2026-08-20T02:30:15Z,SAT-EO-01,1504,20.11,85.52,-68.04,-29.4822,-142.4334,,
2026-08-20T02:30:21Z,SAT-EO-01,1505,19.91,85.53,-68.93,-29.8209,-142.4088,,
2026-08-20T02:30:27Z,SAT-EO-01,1506,19.71,85.43,-67.38,-30.1626,-142.384,,
2026-08-20T02:30:33Z,SAT-EO-01,1507,20.24,85.01,-68.29,-30.4994,-142.3594,,
2026-08-20T02:30:39Z,SAT-EO-01,1508,19.82,85.47,-68.47,-30.8416,-142.3343,,
2026-08-20T02:30:45Z,SAT-EO-01,1509,20.02,85.18,-68.71,-31.1883,-142.3088,,
2026-08-20T02:30:51Z,SAT-EO-01,1510,20.35,85.18,-68.72,-31.5183,-142.2844,,
2026-08-20T02:30:57Z,SAT-EO-01,1511,19.99,84.76,-67.91,-31.856,-142.2594,,
2026-08-20T02:31:03Z,SAT-EO-01,1512,20.19,85.56,-68.94,-32.1943,-142.2342,,
2026-08-20T02:31:09Z,SAT-EO-01,1513,20.09,84.95,-68.08,-32.5353,-142.2087,,
2026-08-20T02:31:15Z,SAT-EO-01,1514,20.17,85.26,-68.54,-32.8624,-142.1841,,
2026-08-20T02:31:21Z,SAT-EO-01,1515,20.17,85.06,-68.39,-33.2005,-142.1586,,
2026-08-20T02:31:27Z,SAT-EO-01,1516,19.32,84.68,-69.17,-33.5229,-142.1341,,
2026-08-20T02:31:33Z,SAT-EO-01,1517,19.8,84.75,-70.68,-33.8462,-142.1095,,
2026-08-20T02:31:39Z,SAT-EO-01,1518,19.86,85.04,-68.68,-34.1702,-142.0847,,
2026-08-20T02:31:45Z,SAT-EO-01,1519,20.27,84.93,-69.44,-34.4879,-142.0603,,
2026-08-20T02:31:51Z,SAT-EO-01,1520,19.79,85.26,-67.46,-34.8161,-142.035,,
2026-08-20T02:31:57Z,SAT-EO-01,1521,19.98,84.65,-69.04,-35.1313,-142.0106,,
2026-08-20T02:32:03Z,SAT-EO-01,1522,19.33,84.89,-69.14,-35.453,-141.9855,,
2026-08-20T02:32:09Z,SAT-EO-01,1523,19.68,84.88,-69.15,-35.7778,-141.9601,,
2026-08-20T02:32:15Z,SAT-EO-01,1524,19.45,84.22,-69.34,-36.0902,-141.9355,,
2026-08-20T02:32:21Z,SAT-EO-01,1525,19.7,84.49,-68.75,-36.4086,-141.9103,,
2026-08-20T02:32:27Z,SAT-EO-01,1526,19.63,84.96,-69.79,-36.716,-141.8859,,
2026-08-20T02:32:33Z,SAT-EO-01,1527,19.73,84.81,-70.07,-37.0218,-141.8615,,
2026-08-20T02:32:39Z,SAT-EO-01,1528,19.21,84.46,-67.74,-37.3265,-141.837,,
2026-08-20T02:32:45Z,SAT-EO-01,1529,19.75,84.2,-67.85,-37.6433,-141.8115,,
2026-08-20T02:32:51Z,SAT-EO-01,1530,19.6,84.43,-69.89,-37.9449,-141.787,,
2026-08-20T02:32:57Z,SAT-EO-01,1531,19.74,84.21,-69.08,-38.2551,-141.7617,,
2026-08-20T02:33:03Z,SAT-EO-01,1532,19.48,83.95,-69.26,-38.5667,-141.7362,,
2026-08-20T02:33:09Z,SAT-EO-01,1533,19.75,84.99,-69.63,-38.8658,-141.7115,,
2026-08-20T02:33:15Z,SAT-EO-01,1534,19.77,85.13,-71.47,-39.1702,-141.6862,,
2026-08-20T02:33:21Z,SAT-EO-01,1535,18.97,83.77,-69.36,-39.4665,-141.6615,,
2026-08-20T02:33:27Z,SAT-EO-01,1536,19.57,84.36,-70.11,-39.762,-141.6368,,
2026-08-20T02:33:33Z,SAT-EO-01,1537,19.67,84.16,-69.44,-40.0589,-141.6117,,
2026-08-20T02:33:39Z,SAT-EO-01,1538,19.39,84.77,-71.45,-40.3565,-141.5864,,
2026-08-20T02:33:45Z,SAT-EO-01,1539,18.64,84.17,-67.59,-40.6544,-141.561,,
2026-08-20T02:33:51Z,SAT-EO-01,1540,19.35,84.3,-69.26,-40.9408,-141.5364,,
2026-08-20T02:33:57Z,SAT-EO-01,1541,19.48,83.98,-71.78,-41.2319,-141.5112,,
2026-08-20T02:34:03Z,SAT-EO-01,1542,19.63,84.12,-70.55,-41.5206,-141.4861,,
2026-08-20T02:34:09Z,SAT-EO-01,1543,19.38,84.19,-70.8,-41.8015,-141.4615,,
2026-08-20T02:34:15Z,SAT-EO-01,1544,19.76,84.56,-70.71,-42.0795,-141.437,,
2026-08-20T02:34:20Z,SAT-EO-01,1545,19.38,84.4,-70.18,-42.3548,-141.4126,,
2026-08-20T02:34:26Z,SAT-EO-01,1546,19.26,84.1,-69.5,-42.6303,-141.388,,
2026-08-20T02:34:32Z,SAT-EO-01,1547,19.35,83.89,-71.59,-42.9051,-141.3634,,
2026-08-20T02:34:38Z,SAT-EO-01,1548,19.77,84.13,-70.99,-43.1797,-141.3385,,
2026-08-20T02:34:44Z,SAT-EO-01,1549,19.37,83.63,-71.34,-43.4607,-141.3129,,
2026-08-20T02:34:50Z,SAT-EO-01,1550,18.48,83.88,-69.14,-43.73,-141.2882,,
2026-08-20T02:34:56Z,SAT-EO-01,1551,18.88,83.73,-70.03,-44.0013,-141.2632,,
2026-08-20T02:35:02Z,SAT-EO-01,1552,19.02,83.61,-69.01,-44.2661,-141.2386,,
2026-08-20T02:35:08Z,SAT-EO-01,1553,18.38,83.68,-70.55,-44.5319,-141.2137,,
2026-08-20T02:35:14Z,SAT-EO-01,1554,18.92,83.46,-69.58,-44.799,-141.1885,,
2026-08-20T02:35:20Z,SAT-EO-01,1555,18.92,83.59,-70.91,-45.0615,-141.1635,,
2026-08-20T02:35:26Z,SAT-EO-01,1556,18.86,83.8,-71.14,-45.3197,-141.1388,,
2026-08-20T02:35:32Z,SAT-EO-01,1557,19.21,83.46,-69.44,-45.5732,-141.1143,,
2026-08-20T02:35:38Z,SAT-EO-01,1558,18.72,83.85,-71.52,-45.8311,-141.0893,,
2026-08-20T02:35:44Z,SAT-EO-01,1559,18.2,83.97,-70.0,-46.0813,-141.0647,,
2026-08-20T02:35:50Z,SAT-EO-01,1560,18.5,83.25,-70.96,-46.3391,-141.0393,,
2026-08-20T02:35:56Z,SAT-EO-01,1561,18.21,83.48,-70.8,-46.5872,-141.0146,,
2026-08-20T02:36:02Z,SAT-EO-01,1562,19.24,83.81,-70.96,-46.8347,-140.9897,,
2026-08-20T02:36:08Z,SAT-EO-01,1563,18.42,83.78,-70.66,-47.0835,-140.9645,,
2026-08-20T02:36:14Z,SAT-EO-01,1564,19.33,84.0,-70.76,-47.3272,-140.9397,,
2026-08-20T02:36:20Z,SAT-EO-01,1565,18.88,83.72,-71.49,-47.5642,-140.9153,,
2026-08-20T02:36:26Z,SAT-EO-01,1566,18.78,82.78,-70.89,-47.8044,-140.8904,,
2026-08-20T02:36:32Z,SAT-EO-01,1567,19.07,83.37,-69.84,-48.0452,-140.8651,,
2026-08-20T02:36:38Z,SAT-EO-01,1568,19.02,82.95,-71.72,-48.2773,-140.8406,,
2026-08-20T02:36:44Z,SAT-EO-01,1569,19.09,83.07,-69.92,-48.5127,-140.8155,,
2026-08-20T02:36:50Z,SAT-EO-01,1570,18.9,83.35,-71.81,-48.7408,-140.791,,
2026-08-20T02:36:56Z,SAT-EO-01,1571,18.21,83.07,-70.46,-48.9763,-140.7654,,
2026-08-20T02:37:02Z,SAT-EO-01,1572,18.87,83.32,-71.75,-49.2083,-140.74,,
2026-08-20T02:37:08Z,SAT-EO-01,1573,18.45,83.03,-70.99,-49.4378,-140.7146,,
2026-08-20T02:37:14Z,SAT-EO-01,1574,17.97,83.0,-70.05,-49.6623,-140.6895,,
2026-08-20T02:37:20Z,SAT-EO-01,1575,19.19,83.74,-72.2,-49.8851,-140.6644,,
2026-08-20T02:37:26Z,SAT-EO-01,1576,19.01,83.08,-71.51,-50.1,-140.6399,,
2026-08-20T02:37:32Z,SAT-EO-01,1577,18.9,83.34,-71.7,-50.3173,-140.6149,,
2026-08-20T02:37:38Z,SAT-EO-01,1578,19.12,82.8,-71.6,-50.5313,-140.59,,
2026-08-20T02:37:44Z,SAT-EO-01,1579,18.74,83.09,-71.86,-50.7395,-140.5656,,
2026-08-20T02:37:50Z,SAT-EO-01,1580,18.96,83.12,-71.23,-50.9537,-140.5402,,
2026-08-20T02:37:56Z,SAT-EO-01,1581,18.51,83.54,-72.01,-51.1611,-140.5153,,
2026-08-20T02:38:02Z,SAT-EO-01,1582,19.38,83.82,-70.68,-51.3641,-140.4907,,
2026-08-20T02:38:08Z,SAT-EO-01,1583,18.93,83.29,-71.16,-51.5713,-140.4653,,
2026-08-20T02:38:14Z,SAT-EO-01,1584,18.41,82.93,-71.77,-51.773,-140.4403,,
2026-08-20T02:38:20Z,SAT-EO-01,1585,18.76,82.78,-70.18,-51.9728,-140.4152,,
2026-08-20T02:38:26Z,SAT-EO-01,1586,18.81,83.17,-70.57,-52.174,-140.3897,,
2026-08-20T02:38:32Z,SAT-EO-01,1587,19.27,82.99,-70.3,-52.3678,-140.3649,,
2026-08-20T02:38:38Z,SAT-EO-01,1588,18.36,82.99,-71.0,-52.5606,-140.3398,,
2026-08-20T02:38:44Z,SAT-EO-01,1589,18.19,82.98,-70.95,-52.7546,-140.3143,,
2026-08-20T02:38:50Z,SAT-EO-01,1590,18.59,82.57,-71.22,-52.9408,-140.2896,,
2026-08-20T02:38:56Z,SAT-EO-01,1591,18.13,82.64,-72.46,-53.1275,-140.2644,,
2026-08-20T02:39:02Z,SAT-EO-01,1592,18.31,82.42,-72.2,-53.3144,-140.2389,,
2026-08-20T02:39:08Z,SAT-EO-01,1593,18.89,82.55,-71.82,-53.4948,-140.214,,
2026-08-20T02:39:14Z,SAT-EO-01,1594,18.63,82.44,-71.62,-53.6766,-140.1885,,
2026-08-20T02:39:20Z,SAT-EO-01,1595,19.22,82.77,-71.95,-53.8544,-140.1633,,
2026-08-20T02:39:26Z,SAT-EO-01,1596,18.79,82.68,-70.54,-54.0316,-140.1378,,
2026-08-20T02:39:32Z,SAT-EO-01,1597,18.32,82.71,-71.04,-54.2039,-140.1126,,
2026-08-20T02:39:38Z,SAT-EO-01,1598,17.9,82.65,-72.26,-54.3691,-140.0882,,
2026-08-20T02:39:44Z,SAT-EO-01,1599,17.84,82.53,-71.55,-54.5344,-140.0634,,
2026-08-20T02:39:50Z,SAT-EO-01,1600,18.09,82.46,-72.81,-54.6988,-140.0384,,
2026-08-20T02:39:56Z,SAT-EO-01,1601,18.67,82.8,-71.25,-54.8614,-140.0133,,
2026-08-20T02:40:02Z,SAT-EO-01,1602,18.8,82.49,-71.96,-55.0207,-139.9883,,
2026-08-20T02:40:08Z,SAT-EO-01,1603,18.36,82.95,-73.15,-55.1787,-139.9632,,
2026-08-20T02:40:14Z,SAT-EO-01,1604,18.05,82.73,-71.79,-55.3345,-139.938,,
2026-08-20T02:40:20Z,SAT-EO-01,1605,18.46,82.9,-72.07,-55.4855,-139.9132,,
2026-08-20T02:40:26Z,SAT-EO-01,1606,18.69,82.89,-71.77,-55.6354,-139.8882,,
2026-08-20T02:40:32Z,SAT-EO-01,1607,18.33,82.67,-72.48,-55.7862,-139.8626,,
2026-08-20T02:40:38Z,SAT-EO-01,1608,19.14,82.67,-71.55,-55.9281,-139.8381,,
2026-08-20T02:40:44Z,SAT-EO-01,1609,18.6,82.33,-71.78,-56.0693,-139.8133,,
2026-08-20T02:40:50Z,SAT-EO-01,1610,17.76,82.23,-70.88,-56.2123,-139.7878,,
2026-08-20T02:40:56Z,SAT-EO-01,1611,17.83,82.2,-73.36,-56.3512,-139.7625,,
2026-08-20T02:41:02Z,SAT-EO-01,1612,18.73,82.42,-72.7,-56.4832,-139.7381,,
2026-08-20T02:41:08Z,SAT-EO-01,1613,18.68,82.43,-72.42,-56.6175,-139.7128,,
2026-08-20T02:41:14Z,SAT-EO-01,1614,18.13,82.19,-72.44,-56.746,-139.6881,,
2026-08-20T02:41:20Z,SAT-EO-01,1615,18.33,82.35,-71.8,-56.8765,-139.6625,,
2026-08-20T02:41:26Z,SAT-EO-01,1616,18.26,82.45,-72.22,-56.9986,-139.6381,,
2026-08-20T02:41:32Z,SAT-EO-01,1617,18.16,82.12,-72.38,-57.1191,-139.6136,,
2026-08-20T02:41:38Z,SAT-EO-01,1618,18.47,82.5,-72.28,-57.2395,-139.5886,,
2026-08-20T02:41:44Z,SAT-EO-01,1619,17.99,82.37,-73.39,-57.3555,-139.5639,,
2026-08-20T02:41:50Z,SAT-EO-01,1620,18.31,82.21,-74.0,-57.4721,-139.5386,,
2026-08-20T02:41:56Z,SAT-EO-01,1621,18.37,82.1,-71.69,-57.5854,-139.5135,,
2026-08-20T02:42:02Z,SAT-EO-01,1622,17.73,82.08,-72.24,-57.6937,-139.4889,,
2026-08-20T02:42:08Z,SAT-EO-01,1623,18.45,82.05,-72.13,-57.801,-139.464,,
2026-08-20T02:42:14Z,SAT-EO-01,1624,18.04,82.36,-73.57,-57.9082,-139.4385,,
2026-08-20T02:42:20Z,SAT-EO-01,1625,18.68,82.04,-71.67,-58.0087,-139.4141,,
2026-08-20T02:42:26Z,SAT-EO-01,1626,18.67,82.01,-72.83,-58.1078,-139.3893,,
2026-08-20T02:42:32Z,SAT-EO-01,1627,18.79,82.22,-73.29,-58.2064,-139.3641,,
2026-08-20T02:42:38Z,SAT-EO-01,1628,17.73,82.21,-72.65,-58.3007,-139.3393,,
2026-08-20T02:42:44Z,SAT-EO-01,1629,17.95,82.18,-72.7,-58.3933,-139.3142,,
2026-08-20T02:42:50Z,SAT-EO-01,1630,18.35,82.51,-70.93,-58.4825,-139.2894,,
2026-08-20T02:42:56Z,SAT-EO-01,1631,18.77,81.95,-73.34,-58.5687,-139.2648,,
2026-08-20T02:43:02Z,SAT-EO-01,1632,17.8,81.98,-73.01,-58.6517,-139.2404,,
2026-08-20T02:43:08Z,SAT-EO-01,1633,18.35,82.26,-72.88,-58.7324,-139.2159,,
2026-08-20T02:43:14Z,SAT-EO-01,1634,17.77,81.72,-72.68,-58.8112,-139.1912,,
2026-08-20T02:43:20Z,SAT-EO-01,1635,18.13,82.35,-73.78,-58.8902,-139.1656,,
2026-08-20T02:43:26Z,SAT-EO-01,1636,17.54,82.03,-71.43,-58.9646,-139.1407,,
2026-08-20T02:43:32Z,SAT-EO-01,1637,18.02,82.22,-73.52,-59.0379,-139.1153,,
2026-08-20T02:43:38Z,SAT-EO-01,1638,18.11,81.77,-73.14,-59.1064,-139.0907,,
2026-08-20T02:43:44Z,SAT-EO-01,1639,18.01,81.79,-71.56,-59.1746,-139.0652,,
2026-08-20T02:43:50Z,SAT-EO-01,1640,18.36,82.14,-72.01,-59.2385,-139.0404,,
2026-08-20T02:43:56Z,SAT-EO-01,1641,18.03,81.89,-72.53,-59.3001,-139.0154,,
2026-08-20T02:44:02Z,SAT-EO-01,1642,18.46,81.81,-72.89,-59.3602,-138.99,,
2026-08-20T02:44:08Z,SAT-EO-01,1643,18.42,81.8,-73.42,-59.4153,-138.9656,,
2026-08-20T02:44:14Z,SAT-EO-01,1644,18.37,81.61,-74.16,-59.4693,-138.9406,,
2026-08-20T02:44:20Z,SAT-EO-01,1645,17.93,81.97,-73.35,-59.52,-138.916,,
2026-08-20T02:44:26Z,SAT-EO-01,1646,17.65,82.07,-72.13,-59.5684,-138.8911,,
2026-08-20T02:44:32Z,SAT-EO-01,1647,17.62,82.44,-73.24,-59.6147,-138.8661,,
2026-08-20T02:44:38Z,SAT-EO-01,1648,18.07,82.58,-74.42,-59.6574,-138.8416,,
2026-08-20T02:44:44Z,SAT-EO-01,1649,17.86,81.71,-73.65,-59.6992,-138.8162,,
2026-08-20T02:44:50Z,SAT-EO-01,1650,17.45,82.39,-72.93,-59.7369,-138.7916,,
2026-08-20T02:44:55Z,SAT-EO-01,1651,18.44,82.02,-73.02,-59.7726,-138.7667,,
2026-08-20T02:45:01Z,SAT-EO-01,1652,18.67,82.07,-72.19,-59.8055,-138.742,,
2026-08-20T02:45:07Z,SAT-EO-01,1653,18.3,81.86,-72.73,-59.8357,-138.7173,,
2026-08-20T02:45:13Z,SAT-EO-01,1654,17.88,82.28,-72.99,-59.8636,-138.6925,,
2026-08-20T02:45:19Z,SAT-EO-01,1655,17.79,82.03,-73.58,-59.8889,-138.6676,,
2026-08-20T02:45:25Z,SAT-EO-01,1656,18.13,82.45,-73.83,-59.9113,-138.643,,
2026-08-20T02:45:31Z,SAT-EO-01,1657,17.79,82.13,-72.56,-59.9318,-138.6178,,
2026-08-20T02:45:37Z,SAT-EO-01,1658,18.23,81.7,-73.66,-59.9495,-138.5927,,
2026-08-20T02:45:43Z,SAT-EO-01,1659,18.93,82.08,-73.3,-59.9642,-138.5681,,
2026-08-20T02:45:49Z,SAT-EO-01,1660,17.23,82.19,-72.78,-59.9765,-138.5433,,
2026-08-20T02:45:55Z,SAT-EO-01,1661,17.65,81.92,-71.86,-59.9861,-138.5187,,
2026-08-20T02:46:01Z,SAT-EO-01,1662,18.27,82.04,-73.51,-59.9935,-138.4932,,
2026-08-20T02:46:07Z,SAT-EO-01,1663,18.03,82.24,-72.23,-59.998,-138.4687,,
2026-08-20T02:46:13Z,SAT-EO-01,1664,18.17,81.81,-73.31,-59.9999,-138.4442,,
2026-08-20T02:46:19Z,SAT-EO-01,1665,17.86,82.02,-72.27,-59.9993,-138.4192,,
2026-08-20T02:46:25Z,SAT-EO-01,1666,17.94,81.74,-72.66,-59.996,-138.3936,,
2026-08-20T02:46:31Z,SAT-EO-01,1667,17.58,82.02,-72.91,-59.9899,-138.3681,,
2026-08-20T02:46:37Z,SAT-EO-01,1668,18.07,81.77,-72.48,-59.9812,-138.3428,,
2026-08-20T02:46:43Z,SAT-EO-01,1669,17.64,82.18,-71.83,-59.9701,-138.3182,,
2026-08-20T02:46:49Z,SAT-EO-01,1670,17.89,82.36,-73.17,-59.9561,-138.2928,,
2026-08-20T02:46:55Z,SAT-EO-01,1671,17.59,82.18,-73.73,-59.9393,-138.2674,,
2026-08-20T02:47:01Z,SAT-EO-01,1672,17.61,81.79,-73.53,-59.9205,-138.2429,,
2026-08-20T02:47:07Z,SAT-EO-01,1673,18.34,82.29,-74.54,-59.8988,-138.2179,,
2026-08-20T02:47:13Z,SAT-EO-01,1674,18.35,82.23,-73.84,-59.8741,-138.1926,,
2026-08-20T02:47:19Z,SAT-EO-01,1675,17.95,82.32,-73.96,-59.8478,-138.1682,,
2026-08-20T02:47:25Z,SAT-EO-01,1676,18.23,81.98,-71.73,-59.8179,-138.143,,
2026-08-20T02:47:31Z,SAT-EO-01,1677,18.35,82.0,-71.97,-59.7855,-138.1178,,
2026-08-20T02:47:37Z,SAT-EO-01,1678,18.02,81.67,-73.33,-59.7502,-138.0924,,
2026-08-20T02:47:43Z,SAT-EO-01,1679,17.84,82.19,-71.83,-59.7129,-138.0676,,
2026-08-20T02:47:49Z,SAT-EO-01,1680,18.06,81.72,-72.36,-59.6731,-138.0427,,
2026-08-20T02:47:55Z,SAT-EO-01,1681,17.99,82.06,-72.37,-59.6313,-138.0182,,
2026-08-20T02:48:01Z,SAT-EO-01,1682,17.88,81.94,-71.47,-59.5864,-137.9934,,
2026-08-20T02:48:07Z,SAT-EO-01,1683,17.98,82.01,-72.88,-59.5396,-137.9689,,
2026-08-20T02:48:13Z,SAT-EO-01,1684,18.06,81.65,-73.73,-59.4884,-137.9435,,
2026-08-20T02:48:19Z,SAT-EO-01,1685,19.02,81.81,-73.97,-59.4361,-137.9189,,
2026-08-20T02:48:25Z,SAT-EO-01,1686,18.3,82.07,-73.15,-59.3793,-137.8933,,
2026-08-20T02:48:31Z,SAT-EO-01,1687,18.8,81.69,-74.45,-59.3215,-137.8685,,
2026-08-20T02:48:37Z,SAT-EO-01,1688,17.53,82.31,-72.45,-59.26,-137.8432,,
2026-08-20T02:48:43Z,SAT-EO-01,1689,18.55,82.54,-73.04,-59.1974,-137.8185,,
2026-08-20T02:48:49Z,SAT-EO-01,1690,17.26,82.01,-73.2,-59.132,-137.7938,,
2026-08-20T02:48:55Z,SAT-EO-01,1691,18.46,82.43,-72.95,-59.0649,-137.7693,,
2026-08-20T02:49:01Z,SAT-EO-01,1692,18.46,82.12,-72.46,-58.9935,-137.7442,,
2026-08-20T02:49:07Z,SAT-EO-01,1693,18.8,81.77,-73.2,-58.9183,-137.7187,,
2026-08-20T02:49:13Z,SAT-EO-01,1694,18.04,81.82,-72.42,-58.8408,-137.6933,,
2026-08-20T02:49:19Z,SAT-EO-01,1695,18.39,82.33,-74.31,-58.7619,-137.6683,,
2026-08-20T02:49:25Z,SAT-EO-01,1696,18.1,81.91,-71.36,-58.6785,-137.6427,,
2026-08-20T02:49:31Z,SAT-EO-01,1697,17.79,82.37,-72.63,-58.5953,-137.618,,
2026-08-20T02:49:37Z,SAT-EO-01,1698,17.66,81.95,-72.47,-58.5096,-137.5932,,
2026-08-20T02:49:43Z,SAT-EO-01,1699,17.99,82.31,-72.27,-58.4197,-137.568,,
2026-08-20T02:49:49Z,SAT-EO-01,1700,18.59,82.57,-73.5,-58.3257,-137.5424,,
2026-08-20T02:49:55Z,SAT-EO-01,1701,18.29,82.18,-74.09,-58.2335,-137.518,,
2026-08-20T02:50:01Z,SAT-EO-01,1702,18.26,82.46,-71.55,-58.1385,-137.4935,,
2026-08-20T02:50:07Z,SAT-EO-01,1703,18.32,82.17,-73.52,-58.0398,-137.4686,,
2026-08-20T02:50:13Z,SAT-EO-01,1704,17.87,82.38,-73.28,-57.9377,-137.4436,,
2026-08-20T02:50:19Z,SAT-EO-01,1705,18.64,82.14,-73.08,-57.8339,-137.4187,,
2026-08-20T02:50:25Z,SAT-EO-01,1706,17.25,82.14,-72.67,-57.7276,-137.3939,,
2026-08-20T02:50:31Z,SAT-EO-01,1707,17.71,82.21,-72.13,-57.6172,-137.3686,,
2026-08-20T02:50:37Z,SAT-EO-01,1708,18.37,82.53,-73.63,-57.5053,-137.3437,,
2026-08-20T02:50:43Z,SAT-EO-01,1709,18.47,82.08,-73.1,-57.392,-137.3189,,
2026-08-20T02:50:49Z,SAT-EO-01,1710,18.04,82.33,-71.88,-57.2765,-137.2943,,
2026-08-20T02:50:55Z,SAT-EO-01,1711,18.12,82.57,-73.32,-57.1579,-137.2694,,
2026-08-20T02:51:01Z,SAT-EO-01,1712,18.01,82.63,-73.37,-57.0367,-137.2446,,
2026-08-20T02:51:07Z,SAT-EO-01,1713,17.99,82.39,-72.7,-56.9136,-137.2198,,
2026-08-20T02:51:13Z,SAT-EO-01,1714,17.8,82.75,-73.28,-56.784,-137.1943,,
2026-08-20T02:51:19Z,SAT-EO-01,1715,17.95,82.27,-71.93,-56.6561,-137.1696,,
2026-08-20T02:51:25Z,SAT-EO-01,1716,18.03,81.89,-71.53,-56.5275,-137.1452,,
2026-08-20T02:51:31Z,SAT-EO-01,1717,17.63,82.57,-71.47,-56.3932,-137.1202,,
2026-08-20T02:51:37Z,SAT-EO-01,1718,17.96,82.37,-71.67,-56.2539,-137.0947,,
2026-08-20T02:51:43Z,SAT-EO-01,1719,17.98,82.37,-71.69,-56.1142,-137.0697,,
2026-08-20T02:51:49Z,SAT-EO-01,1720,19.18,82.82,-72.4,-55.9747,-137.045,,
2026-08-20T02:51:55Z,SAT-EO-01,1721,18.35,82.26,-71.43,-55.8299,-137.0199,,
2026-08-20T02:52:01Z,SAT-EO-01,1722,18.56,82.62,-72.79,-55.6823,-136.9948,,
2026-08-20T02:52:07Z,SAT-EO-01,1723,18.31,82.43,-71.16,-55.532,-136.9695,,
2026-08-20T02:52:13Z,SAT-EO-01,1724,17.92,82.74,-71.97,-55.3827,-136.9449,,
2026-08-20T02:52:19Z,SAT-EO-01,1725,18.73,82.49,-71.07,-55.2265,-136.9195,,
2026-08-20T02:52:25Z,SAT-EO-01,1726,18.54,82.72,-72.61,-55.0734,-136.895,,
2026-08-20T02:52:31Z,SAT-EO-01,1727,17.95,82.95,-70.79,-54.9186,-136.8706,,
2026-08-20T02:52:36Z,SAT-EO-01,1728,18.7,82.76,-69.97,-54.7588,-136.8458,,
2026-08-20T02:52:43Z,SAT-EO-01,1729,17.46,82.72,-72.25,-54.5934,-136.8205,,
2026-08-20T02:52:49Z,SAT-EO-01,1730,18.39,82.87,-73.33,-54.429,-136.7957,,
2026-08-20T02:52:55Z,SAT-EO-01,1731,18.31,82.66,-71.89,-54.2579,-136.7703,,
2026-08-20T02:53:01Z,SAT-EO-01,1732,18.16,82.58,-71.71,-54.0832,-136.7447,,
2026-08-20T02:53:07Z,SAT-EO-01,1733,18.66,82.83,-70.61,-53.9129,-136.7201,,
2026-08-20T02:53:13Z,SAT-EO-01,1734,18.91,82.85,-71.37,-53.7417,-136.6957,,
2026-08-20T02:53:18Z,SAT-EO-01,1735,18.15,82.92,-72.2,-53.5663,-136.671,,
2026-08-20T02:53:24Z,SAT-EO-01,1736,18.14,81.96,-70.79,-53.3871,-136.6461,,
2026-08-20T02:53:30Z,SAT-EO-01,1737,18.54,82.7,-72.98,-53.2069,-136.6214,,
2026-08-20T02:53:36Z,SAT-EO-01,1738,18.24,82.97,-71.34,-53.0189,-136.5959,,
2026-08-20T02:53:42Z,SAT-EO-01,1739,18.68,82.65,-71.88,-52.832,-136.5709,,
2026-08-20T02:53:48Z,SAT-EO-01,1740,18.06,82.82,-71.52,-52.6469,-136.5465,,
2026-08-20T02:53:54Z,SAT-EO-01,1741,18.53,83.16,-71.04,-52.4515,-136.521,,
2026-08-20T02:54:01Z,SAT-EO-01,1742,19.07,83.26,-71.82,-52.2547,-136.4956,,
2026-08-20T02:54:07Z,SAT-EO-01,1743,18.59,83.1,-70.34,-52.0589,-136.4706,,
2026-08-20T02:54:13Z,SAT-EO-01,1744,18.54,82.63,-71.31,-51.8573,-136.4452,,
2026-08-20T02:54:19Z,SAT-EO-01,1745,19.38,82.86,-71.32,-51.6569,-136.4203,,
2026-08-20T02:54:25Z,SAT-EO-01,1746,19.05,82.71,-72.18,-51.457,-136.3957,,
2026-08-20T02:54:31Z,SAT-EO-01,1747,18.56,83.08,-71.59,-51.2515,-136.3706,,
2026-08-20T02:54:37Z,SAT-EO-01,1748,18.13,82.97,-70.11,-51.0438,-136.3456,,
2026-08-20T02:54:43Z,SAT-EO-01,1749,18.38,83.14,-71.48,-50.8311,-136.3202,,
2026-08-20T02:54:49Z,SAT-EO-01,1750,18.29,83.22,-70.03,-50.6202,-136.2954,,
2026-08-20T02:54:55Z,SAT-EO-01,1751,18.54,82.97,-72.65,-50.4073,-136.2705,,
2026-08-20T02:55:01Z,SAT-EO-01,1752,19.35,83.27,-71.99,-50.1908,-136.2455,,
2026-08-20T02:55:07Z,SAT-EO-01,1753,18.73,82.74,-71.81,-49.9684,-136.22,,
2026-08-20T02:55:13Z,SAT-EO-01,1754,18.83,83.43,-70.57,-49.7464,-136.1949,,
2026-08-20T02:55:19Z,SAT-EO-01,1755,18.36,83.77,-70.47,-49.5212,-136.1697,,
2026-08-20T02:55:25Z,SAT-EO-01,1756,18.8,82.69,-69.55,-49.2951,-136.1446,,
2026-08-20T02:55:31Z,SAT-EO-01,1757,17.99,83.32,-70.72,-49.0711,-136.1199,,
2026-08-20T02:55:37Z,SAT-EO-01,1758,18.82,83.03,-71.09,-48.8434,-136.0951,,
2026-08-20T02:55:43Z,SAT-EO-01,1759,18.98,83.69,-71.41,-48.6171,-136.0707,,
2026-08-20T02:55:49Z,SAT-EO-01,1760,19.03,83.15,-71.5,-48.3827,-136.0456,,
2026-08-20T02:55:54Z,SAT-EO-01,1761,18.75,83.19,-71.47,-48.1527,-136.0212,,
2026-08-20T02:56:00Z,SAT-EO-01,1762,18.77,83.24,-70.72,-47.9185,-135.9966,,
2026-08-20T02:56:06Z,SAT-EO-01,1763,18.79,83.43,-71.67,-47.6743,-135.9711,,
2026-08-20T02:56:12Z,SAT-EO-01,1764,19.57,83.62,-71.66,-47.4351,-135.9464,,
2026-08-20T02:56:18Z,SAT-EO-01,1765,19.15,83.26,-69.83,-47.1921,-135.9215,,
2026-08-20T02:56:24Z,SAT-EO-01,1766,19.05,83.69,-69.81,-46.9507,-135.897,,
2026-08-20T02:56:30Z,SAT-EO-01,1767,18.81,84.0,-71.65,-46.7074,-135.8725,,
2026-08-20T02:56:36Z,SAT-EO-01,1768,19.55,83.64,-70.66,-46.4516,-135.8469,,
2026-08-20T02:56:42Z,SAT-EO-01,1769,19.33,83.45,-69.87,-46.1943,-135.8214,,
2026-08-20T02:56:48Z,SAT-EO-01,1770,18.11,83.53,-71.9,-45.9426,-135.7966,,
2026-08-20T02:56:54Z,SAT-EO-01,1771,19.21,83.85,-70.29,-45.6906,-135.7721,,
2026-08-20T02:57:00Z,SAT-EO-01,1772,18.86,83.74,-70.51,-45.4304,-135.7469,,
2026-08-20T02:57:06Z,SAT-EO-01,1773,19.44,83.93,-70.38,-45.1646,-135.7213,,
2026-08-20T02:57:12Z,SAT-EO-01,1774,18.82,83.88,-70.75,-44.9059,-135.6967,,
2026-08-20T02:57:18Z,SAT-EO-01,1775,19.4,83.78,-70.31,-44.6466,-135.6721,,
2026-08-20T02:57:24Z,SAT-EO-01,1776,19.22,83.64,-71.7,-44.3849,-135.6475,,
2026-08-20T02:57:30Z,SAT-EO-01,1777,19.36,83.68,-70.43,-44.1195,-135.6228,,
2026-08-20T02:57:36Z,SAT-EO-01,1778,19.37,84.21,-69.46,-43.8538,-135.5982,,
2026-08-20T02:57:42Z,SAT-EO-01,1779,18.84,83.71,-69.21,-43.5795,-135.5729,,
2026-08-20T02:57:48Z,SAT-EO-01,1780,19.2,83.66,-70.33,-43.3064,-135.548,,
2026-08-20T02:57:54Z,SAT-EO-01,1781,19.13,83.99,-68.92,-43.0318,-135.5231,,
2026-08-20T02:58:00Z,SAT-EO-01,1782,19.19,84.19,-69.85,-42.7518,-135.4979,,
2026-08-20T02:58:06Z,SAT-EO-01,1783,19.82,84.12,-71.58,-42.4792,-135.4735,,
2026-08-20T02:58:12Z,SAT-EO-01,1784,19.5,84.06,-69.17,-42.2032,-135.4489,,
2026-08-20T02:58:18Z,SAT-EO-01,1785,19.97,84.32,-69.47,-41.9148,-135.4234,,
2026-08-20T02:58:24Z,SAT-EO-01,1786,19.76,84.5,-69.84,-41.6314,-135.3986,,
2026-08-20T02:58:30Z,SAT-EO-01,1787,19.12,84.12,-70.69,-41.3465,-135.3737,,
2026-08-20T02:58:36Z,SAT-EO-01,1788,20.04,84.09,-69.65,-41.0594,-135.3488,,
2026-08-20T02:58:42Z,SAT-EO-01,1789,19.66,84.37,-69.12,-40.7678,-135.3237,,
2026-08-20T02:58:48Z,SAT-EO-01,1790,19.58,84.48,-69.66,-40.476,-135.2987,,
2026-08-20T02:58:54Z,SAT-EO-01,1791,18.89,84.21,-70.94,-40.1763,-135.2732,,
2026-08-20T02:59:00Z,SAT-EO-01,1792,18.99,84.51,-69.99,-39.8838,-135.2485,,
2026-08-20T02:59:06Z,SAT-EO-01,1793,19.2,84.51,-70.02,-39.5929,-135.224,,
2026-08-20T02:59:12Z,SAT-EO-01,1794,19.49,84.52,-69.34,-39.2973,-135.1993,,
2026-08-20T02:59:18Z,SAT-EO-01,1795,18.9,83.85,-69.26,-39.0008,-135.1747,,
2026-08-20T02:59:24Z,SAT-EO-01,1796,19.77,84.71,-69.14,-38.6982,-135.1497,,
2026-08-20T02:59:29Z,SAT-EO-01,1797,19.91,84.47,-69.22,-38.4015,-135.1253,,
2026-08-20T02:59:35Z,SAT-EO-01,1798,20.23,84.63,-71.14,-38.0953,-135.1002,,
2026-08-20T02:59:41Z,SAT-EO-01,1799,20.24,84.43,-69.41,-37.7855,-135.075,,
2026-08-20T02:59:47Z,SAT-EO-01,1800,19.7,85.05,-70.0,-37.4772,-135.0501,,
2026-08-20T02:59:53Z,SAT-EO-01,1801,20.02,84.74,-68.64,-37.1704,-135.0254,,
2026-08-20T03:00:00Z,SAT-EO-01,1802,19.68,84.64,-69.56,-36.8503,-134.9998,,
2026-08-20T03:00:06Z,SAT-EO-01,1803,20.18,84.74,-69.18,-36.5293,-134.9742,,
2026-08-20T03:00:12Z,SAT-EO-01,1804,19.69,84.67,-68.62,-36.2172,-134.9495,,
2026-08-20T03:00:18Z,SAT-EO-01,1805,19.42,84.98,-69.22,-35.8971,-134.9243,,
2026-08-20T03:00:24Z,SAT-EO-01,1806,19.67,84.98,-68.67,-35.5817,-134.8996,,
2026-08-20T03:00:30Z,SAT-EO-01,1807,20.39,85.28,-69.3,-35.2621,-134.8746,,
2026-08-20T03:00:36Z,SAT-EO-01,1808,20.31,84.99,-70.4,-34.9438,-134.8499,,
2026-08-20T03:00:42Z,SAT-EO-01,1809,19.6,84.93,-69.73,-34.6213,-134.825,,
2026-08-20T03:00:47Z,SAT-EO-01,1810,20.17,84.64,-69.33,-34.3014,-134.8003,,
2026-08-20T03:00:53Z,SAT-EO-01,1811,19.66,84.51,-70.06,-33.9737,-134.7752,,
2026-08-20T03:00:59Z,SAT-EO-01,1812,20.04,85.03,-68.09,-33.6515,-134.7507,,
2026-08-20T03:01:05Z,SAT-EO-01,1813,20.0,84.98,-67.26,-33.3237,-134.7258,,
2026-08-20T03:01:11Z,SAT-EO-01,1814,20.67,85.01,-69.39,-32.9895,-134.7005,,
2026-08-20T03:01:17Z,SAT-EO-01,1815,19.53,85.19,-68.92,-32.6522,-134.6751,,
2026-08-20T03:01:23Z,SAT-EO-01,1816,19.92,85.3,-67.28,-32.3245,-134.6506,,
2026-08-20T03:01:29Z,SAT-EO-01,1817,20.24,84.97,-67.96,-31.9954,-134.626,,
2026-08-20T03:01:35Z,SAT-EO-01,1818,19.51,85.29,-68.77,-31.6621,-134.6012,,
2026-08-20T03:01:41Z,SAT-EO-01,1819,20.81,85.13,-66.68,-31.3297,-134.5766,,
2026-08-20T03:01:47Z,SAT-EO-01,1820,20.33,85.19,-66.63,-30.9827,-134.551,,
2026-08-20T03:01:53Z,SAT-EO-01,1821,19.81,85.24,-68.54,-30.6409,-134.526,,
2026-08-20T03:01:59Z,SAT-EO-01,1822,19.62,85.27,-68.53,-30.2949,-134.5007,,
2026-08-20T03:02:05Z,SAT-EO-01,1823,20.04,85.73,-69.16,-29.9478,-134.4754,,
2026-08-20T03:02:12Z,SAT-EO-01,1824,20.93,85.57,-67.49,-29.5966,-134.4499,,
2026-08-20T03:02:18Z,SAT-EO-01,1825,20.3,85.85,-67.55,-29.2474,-134.4246,,
2026-08-20T03:02:24Z,SAT-EO-01,1826,20.05,85.88,-68.63,-28.9052,-134.4,,
2026-08-20T03:02:30Z,SAT-EO-01,1827,19.89,85.56,-69.44,-28.5529,-134.3747,,
2026-08-20T03:02:35Z,SAT-EO-01,1828,20.07,85.49,-67.65,-28.2089,-134.3501,,
2026-08-20T03:02:41Z,SAT-EO-01,1829,20.48,85.74,-68.88,-27.8589,-134.3252,,
2026-08-20T03:02:47Z,SAT-EO-01,1830,20.37,86.21,-67.03,-27.514,-134.3007,,
2026-08-20T03:02:53Z,SAT-EO-01,1831,20.24,85.81,-67.42,-27.1622,-134.2758,,
2026-08-20T03:02:59Z,SAT-EO-01,1832,21.72,85.93,-68.87,-26.814,-134.2512,,
2026-08-20T03:03:05Z,SAT-EO-01,1833,20.27,85.78,-68.74,-26.4638,-134.2266,,
2026-08-20T03:03:11Z,SAT-EO-01,1834,20.15,85.85,-68.14,-26.1123,-134.202,,
2026-08-20T03:03:17Z,SAT-EO-01,1835,20.9,86.01,-67.77,-25.7514,-134.1768,,
2026-08-20T03:03:23Z,SAT-EO-01,1836,20.43,85.97,-68.86,-25.3871,-134.1514,,
2026-08-20T03:03:29Z,SAT-EO-01,1837,20.32,85.86,-69.73,-25.033,-134.1268,,
2026-08-20T03:03:35Z,SAT-EO-01,1838,21.12,86.31,-68.59,-24.6637,-134.1012,,
2026-08-20T03:03:41Z,SAT-EO-01,1839,21.05,85.84,-68.86,-24.3043,-134.0764,,
2026-08-20T03:03:47Z,SAT-EO-01,1840,21.6,86.1,-67.77,-23.941,-134.0515,,
2026-08-20T03:03:53Z,SAT-EO-01,1841,20.88,86.07,-69.55,-23.5736,-134.0262,,
2026-08-20T03:03:59Z,SAT-EO-01,1842,20.3,86.02,-67.88,-23.2148,-134.0017,,
2026-08-20T03:04:05Z,SAT-EO-01,1843,20.51,86.55,-67.67,-22.8488,-133.9767,,
2026-08-20T03:04:11Z,SAT-EO-01,1844,20.81,86.31,-66.92,-22.4779,-133.9515,,
2026-08-20T03:04:17Z,SAT-EO-01,1845,20.69,86.1,-68.16,-22.1046,-133.9262,,
2026-08-20T03:04:23Z,SAT-EO-01,1846,21.21,86.63,-66.47,-21.7323,-133.901,,
2026-08-20T03:04:29Z,SAT-EO-01,1847,20.25,86.73,-68.05,-21.3646,-133.8761,,
2026-08-20T03:04:35Z,SAT-EO-01,1848,21.17,86.3,-69.02,-20.9905,-133.851,,
2026-08-20T03:04:41Z,SAT-EO-01,1849,20.6,86.16,-67.63,-20.6227,-133.8263,,
2026-08-20T03:04:47Z,SAT-EO-01,1850,21.61,86.64,-68.16,-20.2413,-133.8007,,
2026-08-20T03:04:53Z,SAT-EO-01,1851,21.4,86.74,-67.26,-19.8658,-133.7756,,
2026-08-20T03:04:59Z,SAT-EO-01,1852,20.92,86.78,-67.53,-19.4999,-133.7512,,
2026-08-20T03:05:05Z,SAT-EO-01,1853,20.86,86.75,-67.66,-19.1212,-133.726,,
2026-08-20T03:05:11Z,SAT-EO-01,1854,21.38,86.77,-66.02,-18.7535,-133.7016,,
2026-08-20T03:05:17Z,SAT-EO-01,1855,21.79,87.15,-66.48,-18.3833,-133.6771,,
2026-08-20T03:05:23Z,SAT-EO-01,1856,21.16,86.72,-66.17,-17.9983,-133.6516,,
2026-08-20T03:05:29Z,SAT-EO-01,1857,20.72,87.27,-67.74,-17.6181,-133.6265,,
2026-08-20T03:05:35Z,SAT-EO-01,1858,20.97,87.09,-68.6,-17.2408,-133.6017,,
2026-08-20T03:05:41Z,SAT-EO-01,1859,21.23,87.02,-67.0,-16.8614,-133.5768,,
2026-08-20T03:05:47Z,SAT-EO-01,1860,21.6,86.81,-66.55,-16.4759,-133.5515,,
2026-08-20T03:05:53Z,SAT-EO-01,1861,21.56,86.99,-67.44,-16.1016,-133.527,,
2026-08-20T03:05:59Z,SAT-EO-01,1862,21.46,87.06,-68.08,-15.7284,-133.5026,,
2026-08-20T03:06:05Z,SAT-EO-01,1863,21.6,87.15,-66.83,-15.3436,-133.4775,,
2026-08-20T03:06:11Z,SAT-EO-01,1864,21.65,87.62,-66.3,-14.9576,-133.4524,,
2026-08-20T03:06:17Z,SAT-EO-01,1865,21.51,87.31,-66.66,-14.5705,-133.4272,,
2026-08-20T03:06:23Z,SAT-EO-01,1866,21.69,87.91,-69.52,-14.178,-133.4017,,
2026-08-20T03:06:29Z,SAT-EO-01,1867,22.18,86.99,-67.76,-13.7858,-133.3763,,
2026-08-20T03:06:35Z,SAT-EO-01,1868,21.51,87.35,-67.04,-13.397,-133.3512,,
2026-08-20T03:06:41Z,SAT-EO-01,1869,21.12,87.56,-68.37,-13.0081,-133.3261,,
2026-08-20T03:06:47Z,SAT-EO-01,1870,21.37,87.79,-65.98,-12.6268,-133.3015,,
2026-08-20T03:06:53Z,SAT-EO-01,1871,21.03,87.34,-69.08,-12.2358,-133.2763,,
2026-08-20T03:06:59Z,SAT-EO-01,1872,21.34,87.57,-66.89,-11.8399,-133.2508,,
2026-08-20T03:07:05Z,SAT-EO-01,1873,21.8,87.28,-66.58,-11.4436,-133.2254,,
2026-08-20T03:07:11Z,SAT-EO-01,1874,21.48,87.23,-66.59,-11.0634,-133.201,,
2026-08-20T03:07:17Z,SAT-EO-01,1875,22.04,87.85,-66.35,-10.6766,-133.1762,,
2026-08-20T03:07:23Z,SAT-EO-01,1876,21.84,87.1,-66.3,-10.2905,-133.1515,,
2026-08-20T03:07:29Z,SAT-EO-01,1877,22.44,88.02,-65.93,-9.9089,-133.1271,,
2026-08-20T03:07:35Z,SAT-EO-01,1878,22.0,87.5,-66.62,-9.5159,-133.102,,
2026-08-20T03:07:41Z,SAT-EO-01,1879,22.38,87.41,-66.17,-9.1321,-133.0776,,
2026-08-20T03:07:47Z,SAT-EO-01,1880,21.52,88.27,-67.74,-8.7369,-133.0524,,
2026-08-20T03:07:53Z,SAT-EO-01,1881,22.15,88.54,-66.67,-8.3412,-133.0272,,
2026-08-20T03:07:59Z,SAT-EO-01,1882,21.85,87.7,-66.68,-7.9417,-133.0018,,
2026-08-20T03:08:05Z,SAT-EO-01,1883,21.83,87.59,-66.98,-7.5541,-132.9772,,
2026-08-20T03:08:11Z,SAT-EO-01,1884,21.3,88.61,-66.93,-7.1668,-132.9526,,
2026-08-20T03:08:17Z,SAT-EO-01,1885,21.48,88.51,-66.54,-6.7739,-132.9277,,
2026-08-20T03:08:23Z,SAT-EO-01,1886,21.42,87.84,-66.57,-6.3795,-132.9027,,
2026-08-20T03:08:29Z,SAT-EO-01,1887,21.97,88.27,-66.98,-5.9874,-132.8778,,
2026-08-20T03:08:35Z,SAT-EO-01,1888,21.98,88.34,-66.18,-5.5969,-132.8531,,
2026-08-20T03:08:41Z,SAT-EO-01,1889,21.28,88.48,-67.83,-5.2056,-132.8284,,
2026-08-20T03:08:47Z,SAT-EO-01,1890,22.2,87.97,-67.77,-4.8003,-132.8027,,
2026-08-20T03:08:53Z,SAT-EO-01,1891,22.54,88.38,-65.63,-4.4005,-132.7775,,
2026-08-20T03:08:59Z,SAT-EO-01,1892,22.07,88.65,-66.47,-4.0124,-132.753,,
2026-08-20T03:09:05Z,SAT-EO-01,1893,22.08,88.37,-67.4,-3.6221,-132.7283,,
2026-08-20T03:09:11Z,SAT-EO-01,1894,22.24,88.77,-66.94,-3.2279,-132.7035,,
2026-08-20T03:09:17Z,SAT-EO-01,1895,22.36,89.0,-67.07,-2.8313,-132.6784,,
2026-08-20T03:09:23Z,SAT-EO-01,1896,22.25,88.54,-67.57,-2.4333,-132.6533,,
2026-08-20T03:09:29Z,SAT-EO-01,1897,22.16,89.1,-69.58,-2.0427,-132.6287,,
2026-08-20T03:09:35Z,SAT-EO-01,1898,22.51,88.68,-67.0,-1.6509,-132.604,,
2026-08-20T03:09:40Z,SAT-EO-01,1899,22.51,88.97,-66.53,-1.2615,-132.5795,,
2026-08-20T03:09:46Z,SAT-EO-01,1900,21.51,89.11,-66.44,-0.8673,-132.5546,,
2026-08-20T03:09:52Z,SAT-EO-01,1901,22.16,89.11,-67.31,-0.4653,-132.5293,,
2026-08-20T03:09:58Z,SAT-EO-01,1902,21.77,88.8,-66.07,-0.0718,-132.5045,,
2026-08-20T03:10:04Z,SAT-EO-01,1903,22.62,89.02,-66.56,0.3178,-132.48,,
2026-08-20T03:10:10Z,SAT-EO-01,1904,22.08,89.08,-67.63,0.7133,-132.4551,,
2026-08-20T03:10:16Z,SAT-EO-01,1905,22.96,89.14,-67.39,1.1141,-132.4298,,
2026-08-20T03:10:22Z,SAT-EO-01,1906,22.53,89.47,-68.52,1.5195,-132.4043,,
2026-08-20T03:10:29Z,SAT-EO-01,1907,23.06,88.98,-67.34,1.922,-132.3789,,
2026-08-20T03:10:34Z,SAT-EO-01,1908,22.42,89.13,-66.5,2.3115,-132.3543,,
2026-08-20T03:10:41Z,SAT-EO-01,1909,22.72,89.49,-68.66,2.7123,-132.3291,,
2026-08-20T03:10:46Z,SAT-EO-01,1910,23.48,89.97,-67.48,3.1052,-132.3043,,
2026-08-20T03:10:53Z,SAT-EO-01,1911,22.73,89.66,-66.42,3.5111,-132.2787,,
2026-08-20T03:10:59Z,SAT-EO-01,1912,22.9,89.43,-66.63,3.905,-132.2538,,
2026-08-20T03:11:05Z,SAT-EO-01,1913,22.87,89.52,-66.38,4.3029,-132.2287,,
2026-08-20T03:11:11Z,SAT-EO-01,1914,22.56,89.77,-67.62,4.6991,-132.2037,,
2026-08-20T03:11:17Z,SAT-EO-01,1915,22.44,89.88,-65.15,5.0956,-132.1786,,
2026-08-20T03:11:23Z,SAT-EO-01,1916,22.78,90.08,-66.98,5.489,-132.1537,,
2026-08-20T03:11:29Z,SAT-EO-01,1917,22.55,89.25,-66.17,5.8823,-132.1288,,
2026-08-20T03:11:35Z,SAT-EO-01,1918,22.17,89.45,-67.07,6.2779,-132.1038,,
2026-08-20T03:11:41Z,SAT-EO-01,1919,22.98,89.77,-66.95,6.6724,-132.0788,,
2026-08-20T03:11:47Z,SAT-EO-01,1920,23.26,90.03,-67.24,7.0697,-132.0536,,
2026-08-20T03:11:53Z,SAT-EO-01,1921,22.84,90.19,-67.3,7.4664,-132.0284,,
2026-08-20T03:11:59Z,SAT-EO-01,1922,23.19,89.67,-67.85,7.8555,-132.0037,,
2026-08-20T03:12:05Z,SAT-EO-01,1923,22.82,89.8,-66.55,8.2557,-131.9782,,
2026-08-20T03:12:11Z,SAT-EO-01,1924,22.93,90.01,-67.19,8.6498,-131.9532,,
2026-08-20T03:12:17Z,SAT-EO-01,1925,23.3,89.87,-66.29,9.0405,-131.9283,,
2026-08-20T03:12:23Z,SAT-EO-01,1926,23.55,90.21,-66.83,9.4371,-131.903,,
2026-08-20T03:12:29Z,SAT-EO-01,1927,23.49,90.6,-67.23,9.8208,-131.8785,,
2026-08-20T03:12:35Z,SAT-EO-01,1928,23.49,90.38,-67.21,10.214,-131.8534,,
2026-08-20T03:12:41Z,SAT-EO-01,1929,23.99,90.24,-66.88,10.5965,-131.8289,,
2026-08-20T03:12:47Z,SAT-EO-01,1930,23.8,90.2,-67.25,10.9949,-131.8034,,
2026-08-20T03:12:53Z,SAT-EO-01,1931,23.66,90.35,-67.07,11.3814,-131.7786,,
2026-08-20T03:12:59Z,SAT-EO-01,1932,23.09,90.49,-67.46,11.7714,-131.7536,,
2026-08-20T03:13:05Z,SAT-EO-01,1933,23.73,90.36,-66.1,12.1686,-131.728,,
2026-08-20T03:13:11Z,SAT-EO-01,1934,23.2,90.89,-67.53,12.5564,-131.7031,,
2026-08-20T03:13:17Z,SAT-EO-01,1935,24.16,90.5,-66.28,12.9416,-131.6782,,
2026-08-20T03:13:23Z,SAT-EO-01,1936,23.13,90.54,-65.78,13.3327,-131.653,,
2026-08-20T03:13:29Z,SAT-EO-01,1937,22.5,90.44,-67.81,13.7273,-131.6275,,
2026-08-20T03:13:35Z,SAT-EO-01,1938,23.22,90.31,-66.77,14.1045,-131.603,,
2026-08-20T03:13:41Z,SAT-EO-01,1939,23.34,90.97,-67.88,14.4861,-131.5783,,
2026-08-20T03:13:47Z,SAT-EO-01,1940,23.44,90.7,-68.23,14.8762,-131.5529,,
2026-08-20T03:13:53Z,SAT-EO-01,1941,24.0,91.14,-68.23,15.2604,-131.5279,,
2026-08-20T03:13:59Z,SAT-EO-01,1942,23.33,90.57,-68.3,15.6371,-131.5034,,
2026-08-20T03:14:05Z,SAT-EO-01,1943,23.31,91.25,-68.17,16.0203,-131.4783,,
2026-08-20T03:14:11Z,SAT-EO-01,1944,24.17,90.81,-67.42,16.3983,-131.4536,,
2026-08-20T03:14:17Z,SAT-EO-01,1945,23.98,90.93,-67.83,16.7717,-131.4291,,
2026-08-20T03:14:23Z,SAT-EO-01,1946,23.87,91.18,-66.31,17.1589,-131.4037,,
2026-08-20T03:14:29Z,SAT-EO-01,1947,23.33,90.93,-65.16,17.5449,-131.3783,,
2026-08-20T03:14:35Z,SAT-EO-01,1948,24.1,91.25,-67.46,17.9247,-131.3533,,
2026-08-20T03:14:41Z,SAT-EO-01,1949,23.96,91.21,-67.59,18.3106,-131.3278,,
2026-08-20T03:14:47Z,SAT-EO-01,1950,23.29,91.6,-67.55,18.6947,-131.3023,,
2026-08-20T03:14:53Z,SAT-EO-01,1951,24.23,91.0,-67.97,19.0645,-131.2778,,
2026-08-20T03:14:59Z,SAT-EO-01,1952,23.6,91.6,-68.39,19.436,-131.2531,,
2026-08-20T03:15:05Z,SAT-EO-01,1953,23.67,91.34,-68.06,19.8085,-131.2282,,
2026-08-20T03:15:11Z,SAT-EO-01,1954,24.43,91.14,-67.13,20.1854,-131.203,,
2026-08-20T03:15:17Z,SAT-EO-01,1955,23.63,91.89,-68.31,20.5658,-131.1776,,
2026-08-20T03:15:23Z,SAT-EO-01,1956,24.3,91.59,-66.98,20.9352,-131.1528,,
2026-08-20T03:15:29Z,SAT-EO-01,1957,24.7,91.37,-68.79,21.3115,-131.1274,,
2026-08-20T03:15:35Z,SAT-EO-01,1958,23.95,92.03,-68.14,21.6845,-131.1023,,
2026-08-20T03:15:41Z,SAT-EO-01,1959,24.32,91.73,-67.35,22.0548,-131.0772,,
2026-08-20T03:15:47Z,SAT-EO-01,1960,24.32,91.83,-68.11,22.4261,-131.052,,
2026-08-20T03:15:53Z,SAT-EO-01,1961,24.1,91.74,-67.51,22.7882,-131.0274,,
2026-08-20T03:15:59Z,SAT-EO-01,1962,24.53,91.63,-66.93,23.1552,-131.0024,,
2026-08-20T03:16:05Z,SAT-EO-01,1963,24.28,91.28,-66.81,23.5152,-130.9778,,
2026-08-20T03:16:11Z,SAT-EO-01,1964,24.34,92.14,-67.62,23.8851,-130.9524,,
2026-08-20T03:16:17Z,SAT-EO-01,1965,24.28,91.78,-68.6,24.243,-130.9278,,
2026-08-20T03:16:23Z,SAT-EO-01,1966,24.93,92.04,-69.38,24.6122,-130.9023,,
2026-08-20T03:16:29Z,SAT-EO-01,1967,24.74,91.94,-68.22,24.9714,-130.8775,,
2026-08-20T03:16:35Z,SAT-EO-01,1968,24.54,92.11,-68.01,25.331,-130.8525,,
2026-08-20T03:16:41Z,SAT-EO-01,1969,24.7,91.77,-68.12,25.6991,-130.8269,,
2026-08-20T03:16:47Z,SAT-EO-01,1970,24.37,92.17,-69.54,26.0569,-130.8019,,
2026-08-20T03:16:53Z,SAT-EO-01,1971,24.37,91.79,-68.0,26.4102,-130.7771,,
2026-08-20T03:16:59Z,SAT-EO-01,1972,23.96,91.81,-68.17,26.7606,-130.7525,,
2026-08-20T03:17:05Z,SAT-EO-01,1973,24.38,92.24,-68.84,27.1183,-130.7273,,
2026-08-20T03:17:11Z,SAT-EO-01,1974,24.54,92.26,-69.63,27.4734,-130.7022,,
2026-08-20T03:17:17Z,SAT-EO-01,1975,24.62,92.44,-69.71,27.8259,-130.6772,,
2026-08-20T03:17:23Z,SAT-EO-01,1976,25.14,92.11,-67.57,28.1847,-130.6516,,
2026-08-20T03:17:29Z,SAT-EO-01,1977,25.07,92.27,-68.72,28.5404,-130.6262,,
2026-08-20T03:17:35Z,SAT-EO-01,1978,24.83,92.12,-69.24,28.8924,-130.6009,,
2026-08-20T03:17:41Z,SAT-EO-01,1979,24.37,92.6,-68.92,29.236,-130.5762,,
2026-08-20T03:17:47Z,SAT-EO-01,1980,24.25,92.21,-67.51,29.5815,-130.5512,,
2026-08-20T03:17:53Z,SAT-EO-01,1981,25.48,92.28,-68.75,29.9229,-130.5264,,
2026-08-20T03:17:59Z,SAT-EO-01,1982,24.64,92.36,-69.65,30.2724,-130.501,,
2026-08-20T03:18:05Z,SAT-EO-01,1983,24.36,92.89,-68.64,30.6207,-130.4755,,
2026-08-20T03:18:11Z,SAT-EO-01,1984,25.43,92.62,-67.88,30.9666,-130.4501,,
2026-08-20T03:18:17Z,SAT-EO-01,1985,25.52,92.56,-68.81,31.3035,-130.4253,,
2026-08-20T03:18:24Z,SAT-EO-01,1986,24.98,92.6,-68.17,31.6484,-130.3998,,
2026-08-20T03:18:29Z,SAT-EO-01,1987,24.78,92.57,-67.72,31.9782,-130.3753,,
2026-08-20T03:18:36Z,SAT-EO-01,1988,25.09,92.78,-70.56,32.3199,-130.3498,,
2026-08-20T03:18:41Z,SAT-EO-01,1989,24.58,92.68,-69.19,32.646,-130.3253,,
2026-08-20T03:18:47Z,SAT-EO-01,1990,25.72,92.99,-68.88,32.9781,-130.3004,,
2026-08-20T03:18:53Z,SAT-EO-01,1991,25.6,92.92,-68.25,33.3042,-130.2757,,
2026-08-20T03:18:59Z,SAT-EO-01,1992,25.06,92.71,-68.95,33.6316,-130.2509,,
2026-08-20T03:19:05Z,SAT-EO-01,1993,24.77,92.84,-67.53,33.9612,-130.2257,,
2026-08-20T03:19:11Z,SAT-EO-01,1994,25.91,93.23,-67.77,34.2807,-130.2013,,
2026-08-20T03:19:17Z,SAT-EO-01,1995,25.72,92.97,-70.9,34.6006,-130.1766,,
2026-08-20T03:19:23Z,SAT-EO-01,1996,25.35,93.23,-68.91,34.9212,-130.1519,,
2026-08-20T03:19:29Z,SAT-EO-01,1997,25.12,92.91,-68.26,35.2459,-130.1267,,
2026-08-20T03:19:35Z,SAT-EO-01,1998,25.03,93.66,-69.82,35.565,-130.1018,,
2026-08-20T03:19:41Z,SAT-EO-01,1999,25.22,93.08,-69.57,35.8881,-130.0764,,
2026-08-20T03:19:47Z,SAT-EO-01,2000,24.84,92.71,-69.49,36.203,-130.0516,,
2026-08-20T03:19:53Z,SAT-EO-01,2001,25.45,93.25,-68.59,36.5124,-130.0271,,
2026-08-20T03:19:59Z,SAT-EO-01,2002,25.73,93.78,-69.22,36.8288,-130.0019,,
2026-08-20T03:20:05Z,SAT-EO-01,2003,25.41,93.81,-70.52,37.1426,-129.9768,,
2026-08-20T03:20:11Z,SAT-EO-01,2004,24.91,93.37,-68.54,37.4554,-129.9517,,
2026-08-20T03:20:17Z,SAT-EO-01,2005,25.03,93.35,-70.6,37.7696,-129.9262,,
2026-08-20T03:20:23Z,SAT-EO-01,2006,24.96,93.26,-70.13,38.0804,-129.901,,
2026-08-20T03:20:29Z,SAT-EO-01,2007,25.25,93.17,-68.51,38.387,-129.8759,,
2026-08-20T03:20:35Z,SAT-EO-01,2008,25.2,93.61,-69.97,38.6913,-129.8509,,
2026-08-20T03:20:41Z,SAT-EO-01,2009,25.17,93.2,-71.26,38.9922,-129.826,,
2026-08-20T03:20:47Z,SAT-EO-01,2010,25.44,93.52,-69.62,39.2891,-129.8014,,
2026-08-20T03:20:53Z,SAT-EO-01,2011,25.89,93.79,-69.64,39.5922,-129.776,,
2026-08-20T03:20:59Z,SAT-EO-01,2012,25.97,93.88,-68.81,39.8851,-129.7514,,
2026-08-20T03:21:05Z,SAT-EO-01,2013,25.65,93.73,-70.37,40.177,-129.7267,,
2026-08-20T03:21:11Z,SAT-EO-01,2014,25.75,93.68,-70.27,40.47,-129.7018,,
2026-08-20T03:21:17Z,SAT-EO-01,2015,25.01,93.49,-68.97,40.7656,-129.6765,,
2026-08-20T03:21:23Z,SAT-EO-01,2016,25.67,93.52,-70.1,41.0493,-129.652,,
2026-08-20T03:21:29Z,SAT-EO-01,2017,25.71,93.64,-70.57,41.3406,-129.6268,,
2026-08-20T03:21:35Z,SAT-EO-01,2018,25.4,93.85,-70.16,41.6336,-129.6012,,
2026-08-20T03:21:41Z,SAT-EO-01,2019,25.73,92.97,-70.57,41.9116,-129.5768,,
2026-08-20T03:21:47Z,SAT-EO-01,2020,25.53,94.2,-69.43,42.1929,-129.552,,
2026-08-20T03:21:53Z,SAT-EO-01,2021,25.23,94.05,-70.65,42.4746,-129.527,,
2026-08-20T03:21:59Z,SAT-EO-01,2022,25.53,94.01,-71.28,42.7504,-129.5023,,
2026-08-20T03:22:05Z,SAT-EO-01,2023,26.11,94.14,-71.37,43.0288,-129.4772,,
2026-08-20T03:22:11Z,SAT-EO-01,2024,25.89,94.23,-70.9,43.3012,-129.4525,,
2026-08-20T03:22:17Z,SAT-EO-01,2025,26.42,93.98,-71.04,43.5788,-129.4271,,
2026-08-20T03:22:23Z,SAT-EO-01,2026,25.66,94.27,-70.12,43.8492,-129.4023,,
2026-08-20T03:22:29Z,SAT-EO-01,2027,25.08,94.17,-70.6,44.1133,-129.3778,,
2026-08-20T03:22:35Z,SAT-EO-01,2028,25.83,94.23,-69.24,44.3788,-129.353,,
2026-08-20T03:22:41Z,SAT-EO-01,2029,25.5,93.94,-69.44,44.6443,-129.3281,,
2026-08-20T03:22:47Z,SAT-EO-01,2030,25.73,93.73,-71.31,44.9145,-129.3025,,
2026-08-20T03:22:53Z,SAT-EO-01,2031,26.42,93.74,-69.79,45.1812,-129.2771,,
2026-08-20T03:22:59Z,SAT-EO-01,2032,25.61,94.44,-69.94,45.4417,-129.252,,
2026-08-20T03:23:05Z,SAT-EO-01,2033,26.24,94.49,-71.3,45.6962,-129.2274,,
2026-08-20T03:23:11Z,SAT-EO-01,2034,25.78,93.85,-71.06,45.946,-129.203,,
2026-08-20T03:23:17Z,SAT-EO-01,2035,26.08,94.32,-71.23,46.2009,-129.1779,,
2026-08-20T03:23:23Z,SAT-EO-01,2036,25.72,94.04,-70.6,46.4529,-129.153,,
2026-08-20T03:23:29Z,SAT-EO-01,2037,26.19,94.25,-70.81,46.7002,-129.1283,,
2026-08-20T03:23:35Z,SAT-EO-01,2038,26.56,94.32,-70.34,46.9509,-129.103,,
2026-08-20T03:23:41Z,SAT-EO-01,2039,25.87,94.64,-70.9,47.2027,-129.0774,,
2026-08-20T03:23:47Z,SAT-EO-01,2040,25.99,94.48,-69.43,47.4423,-129.0529,,
2026-08-20T03:23:53Z,SAT-EO-01,2041,26.29,94.93,-69.96,47.6876,-129.0275,,
2026-08-20T03:23:59Z,SAT-EO-01,2042,25.6,94.31,-70.12,47.9215,-129.0031,,
2026-08-20T03:24:05Z,SAT-EO-01,2043,25.88,94.87,-71.48,48.1615,-128.9779,,
2026-08-20T03:24:11Z,SAT-EO-01,2044,26.02,94.46,-70.34,48.397,-128.9529,,
2026-08-20T03:24:17Z,SAT-EO-01,2045,26.26,94.34,-71.14,48.6278,-128.9282,,
2026-08-20T03:24:23Z,SAT-EO-01,2046,26.28,94.84,-71.51,48.8607,-128.903,,
2026-08-20T03:24:29Z,SAT-EO-01,2047,26.08,94.42,-71.15,49.0881,-128.8782,,
2026-08-20T03:24:35Z,SAT-EO-01,2048,26.7,94.37,-69.99,49.3157,-128.8532,,
2026-08-20T03:24:41Z,SAT-EO-01,2049,26.35,94.82,-69.86,49.5394,-128.8283,,
2026-08-20T03:24:47Z,SAT-EO-01,2050,26.32,94.81,-72.31,49.7577,-128.8038,,
2026-08-20T03:24:52Z,SAT-EO-01,2051,26.29,94.41,-68.99,49.9731,-128.7794,,
2026-08-20T03:24:59Z,SAT-EO-01,2052,26.45,94.59,-69.76,50.1962,-128.7539,,
2026-08-20T03:25:05Z,SAT-EO-01,2053,26.06,95.03,-70.93,50.4171,-128.7283,,
2026-08-20T03:25:11Z,SAT-EO-01,2054,26.01,95.08,-70.61,50.6318,-128.7033,,
2026-08-20T03:25:17Z,SAT-EO-01,2055,26.32,95.01,-70.66,50.8449,-128.6781,,
2026-08-20T03:25:23Z,SAT-EO-01,2056,26.08,95.16,-70.04,51.0593,-128.6525,,
2026-08-20T03:25:29Z,SAT-EO-01,2057,25.85,94.66,-70.33,51.2662,-128.6276,,
2026-08-20T03:25:35Z,SAT-EO-01,2058,26.61,95.0,-72.55,51.473,-128.6024,,
2026-08-20T03:25:41Z,SAT-EO-01,2059,27.29,94.6,-70.9,51.6788,-128.577,,
2026-08-20T03:25:47Z,SAT-EO-01,2060,26.8,95.26,-72.21,51.8784,-128.5521,,
2026-08-20T03:25:53Z,SAT-EO-01,2061,26.77,94.82,-71.7,52.0797,-128.5267,,
2026-08-20T03:25:59Z,SAT-EO-01,2062,26.09,95.4,-72.96,52.279,-128.5013,,
2026-08-20T03:26:05Z,SAT-EO-01,2063,26.5,95.14,-71.5,52.4726,-128.4763,,
2026-08-20T03:26:11Z,SAT-EO-01,2064,26.23,94.94,-71.65,52.6673,-128.4508,,
2026-08-20T03:26:17Z,SAT-EO-01,2065,26.14,95.05,-71.6,52.8568,-128.4258,,
2026-08-20T03:26:23Z,SAT-EO-01,2066,26.9,95.34,-70.92,53.0475,-128.4002,,
2026-08-20T03:26:29Z,SAT-EO-01,2067,26.02,95.13,-71.61,53.2272,-128.3758,,
2026-08-20T03:26:35Z,SAT-EO-01,2068,25.86,95.34,-72.81,53.4071,-128.3511,,
2026-08-20T03:26:41Z,SAT-EO-01,2069,26.46,95.11,-71.44,53.5831,-128.3266,,
2026-08-20T03:26:47Z,SAT-EO-01,2070,27.14,94.78,-71.05,53.7598,-128.3017,,
2026-08-20T03:26:53Z,SAT-EO-01,2071,26.6,95.19,-71.75,53.9386,-128.2762,,
2026-08-20T03:26:59Z,SAT-EO-01,2072,26.61,95.57,-72.67,54.1085,-128.2516,,
2026-08-20T03:27:05Z,SAT-EO-01,2073,26.78,95.55,-72.31,54.2753,-128.2271,,
2026-08-20T03:27:11Z,SAT-EO-01,2074,26.68,95.59,-71.53,54.4451,-128.2018,,
2026-08-20T03:27:17Z,SAT-EO-01,2075,26.57,95.32,-71.82,54.6069,-128.1774,,
2026-08-20T03:27:23Z,SAT-EO-01,2076,26.21,95.66,-72.27,54.7735,-128.1519,,
2026-08-20T03:27:29Z,SAT-EO-01,2077,26.84,95.34,-71.85,54.9303,-128.1275,,
2026-08-20T03:27:35Z,SAT-EO-01,2078,26.34,95.01,-72.46,55.0884,-128.1026,,
2026-08-20T03:27:41Z,SAT-EO-01,2079,27.2,95.81,-72.8,55.2473,-128.0771,,
2026-08-20T03:27:47Z,SAT-EO-01,2080,26.68,95.41,-72.37,55.4005,-128.0522,,
2026-08-20T03:27:53Z,SAT-EO-01,2081,26.44,95.4,-70.54,55.5479,-128.0278,,
2026-08-20T03:27:59Z,SAT-EO-01,2082,26.57,95.18,-71.4,55.6994,-128.0023,,
2026-08-20T03:28:05Z,SAT-EO-01,2083,26.27,95.29,-74.48,55.844,-127.9776,,
2026-08-20T03:28:11Z,SAT-EO-01,2084,26.89,95.27,-70.96,55.988,-127.9526,,
2026-08-20T03:28:17Z,SAT-EO-01,2085,26.55,95.29,-71.56,56.1277,-127.9279,,
2026-08-20T03:28:23Z,SAT-EO-01,2086,27.0,95.68,-73.43,56.2678,-127.9027,,
2026-08-20T03:28:29Z,SAT-EO-01,2087,27.73,95.36,-70.04,56.4049,-127.8776,,
2026-08-20T03:28:35Z,SAT-EO-01,2088,26.62,95.67,-72.7,56.5404,-127.8524,,
2026-08-20T03:28:41Z,SAT-EO-01,2089,26.29,95.55,-71.32,56.6695,-127.8278,,
2026-08-20T03:28:47Z,SAT-EO-01,2090,26.74,95.27,-71.34,56.8016,-127.8023,,
2026-08-20T03:28:53Z,SAT-EO-01,2091,26.97,95.57,-72.27,56.9288,-127.7771,,
2026-08-20T03:28:59Z,SAT-EO-01,2092,27.15,95.6,-71.37,57.0518,-127.7524,,
2026-08-20T03:29:05Z,SAT-EO-01,2093,27.25,95.64,-73.52,57.1724,-127.7276,,
2026-08-20T03:29:11Z,SAT-EO-01,2094,26.63,95.43,-72.88,57.2908,-127.7027,,
2026-08-20T03:29:17Z,SAT-EO-01,2095,27.2,95.68,-72.42,57.408,-127.6776,,
2026-08-20T03:29:23Z,SAT-EO-01,2096,26.72,95.82,-72.28,57.5236,-127.6523,,
2026-08-20T03:29:29Z,SAT-EO-01,2097,26.75,95.86,-72.81,57.6365,-127.627,,
2026-08-20T03:29:35Z,SAT-EO-01,2098,26.83,95.64,-72.75,57.7428,-127.6026,,
2026-08-20T03:29:41Z,SAT-EO-01,2099,26.6,95.87,-71.53,57.8481,-127.5779,,
2026-08-20T03:29:47Z,SAT-EO-01,2100,27.26,95.84,-72.0,57.9496,-127.5535,,
2026-08-20T03:29:53Z,SAT-EO-01,2101,26.74,95.92,-73.34,58.0505,-127.5287,,
2026-08-20T03:29:59Z,SAT-EO-01,2102,26.91,95.69,-73.04,58.1516,-127.5032,,
2026-08-20T03:30:05Z,SAT-EO-01,2103,27.08,96.13,-72.79,58.2483,-127.4781,,
2026-08-20T03:30:11Z,SAT-EO-01,2104,27.35,95.98,-74.67,58.3441,-127.4526,,
2026-08-20T03:30:17Z,SAT-EO-01,2105,27.41,95.75,-74.27,58.4353,-127.4276,,
2026-08-20T03:30:23Z,SAT-EO-01,2106,26.99,95.85,-73.1,58.523,-127.4029,,
2026-08-20T03:30:29Z,SAT-EO-01,2107,27.04,95.6,-71.83,58.6081,-127.3783,,
2026-08-20T03:30:35Z,SAT-EO-01,2108,27.18,95.97,-71.82,58.6918,-127.3533,,
2026-08-20T03:30:41Z,SAT-EO-01,2109,26.81,95.51,-71.68,58.7722,-127.3285,,
2026-08-20T03:30:47Z,SAT-EO-01,2110,27.65,95.74,-72.78,58.8513,-127.3033,,
2026-08-20T03:30:53Z,SAT-EO-01,2111,26.7,96.28,-73.41,58.9277,-127.2782,,
2026-08-20T03:30:59Z,SAT-EO-01,2112,27.18,95.78,-73.65,59.0001,-127.2535,,
2026-08-20T03:31:05Z,SAT-EO-01,2113,26.79,96.17,-71.54,59.0722,-127.2281,,
2026-08-20T03:31:11Z,SAT-EO-01,2114,27.16,95.95,-72.79,59.1396,-127.2034,,
2026-08-20T03:31:17Z,SAT-EO-01,2115,26.59,96.09,-72.77,59.2047,-127.1786,,
2026-08-20T03:31:23Z,SAT-EO-01,2116,26.34,95.78,-73.44,59.2672,-127.1538,,
2026-08-20T03:31:28Z,SAT-EO-01,2117,26.92,96.39,-72.68,59.3264,-127.1294,,
2026-08-20T03:31:34Z,SAT-EO-01,2118,26.66,96.04,-73.11,59.3833,-127.1049,,
2026-08-20T03:31:40Z,SAT-EO-01,2119,27.38,95.93,-71.58,59.4393,-127.0797,,
2026-08-20T03:31:47Z,SAT-EO-01,2120,27.28,96.09,-73.95,59.4934,-127.054,,
2026-08-20T03:31:53Z,SAT-EO-01,2121,27.08,95.74,-71.59,59.5435,-127.0291,,
2026-08-20T03:31:58Z,SAT-EO-01,2122,27.7,96.15,-72.96,59.5899,-127.0047,,
2026-08-20T03:32:04Z,SAT-EO-01,2123,27.42,96.1,-72.85,59.6347,-126.9798,,
2026-08-20T03:32:10Z,SAT-EO-01,2124,27.5,96.19,-73.14,59.6779,-126.9544,,
2026-08-20T03:32:16Z,SAT-EO-01,2125,26.94,95.95,-73.25,59.7171,-126.9297,,
2026-08-20T03:32:22Z,SAT-EO-01,2126,27.45,96.05,-73.12,59.7538,-126.905,,
2026-08-20T03:32:28Z,SAT-EO-01,2127,27.73,96.22,-74.87,59.789,-126.8796,,
2026-08-20T03:32:35Z,SAT-EO-01,2128,26.79,95.92,-73.77,59.8216,-126.8541,,
2026-08-20T03:32:40Z,SAT-EO-01,2129,25.89,95.95,-73.88,59.8506,-126.8293,,
2026-08-20T03:32:46Z,SAT-EO-01,2130,27.01,95.81,-73.43,59.8773,-126.8043,,
2026-08-20T03:32:52Z,SAT-EO-01,2131,26.85,96.36,-71.85,59.9009,-126.7798,,
2026-08-20T03:32:58Z,SAT-EO-01,2132,27.27,95.41,-73.48,59.9225,-126.7546,,
2026-08-20T03:33:04Z,SAT-EO-01,2133,26.97,96.56,-73.15,59.9413,-126.7297,,
2026-08-20T03:33:10Z,SAT-EO-01,2134,26.93,95.93,-72.7,59.9576,-126.7046,,
2026-08-20T03:33:17Z,SAT-EO-01,2135,27.33,96.19,-73.5,59.9715,-126.679,,
2026-08-20T03:33:23Z,SAT-EO-01,2136,26.75,95.87,-73.71,59.9824,-126.654,,
2026-08-20T03:33:28Z,SAT-EO-01,2137,26.85,95.88,-73.43,59.9906,-126.6292,,
2026-08-20T03:33:34Z,SAT-EO-01,2138,27.16,96.06,-72.95,59.9962,-126.6048,,
2026-08-20T03:33:40Z,SAT-EO-01,2139,27.06,95.75,-72.92,59.9994,-126.58,,
2026-08-20T03:33:46Z,SAT-EO-01,2140,27.05,96.11,-74.54,59.9999,-126.5549,,
2026-08-20T03:33:52Z,SAT-EO-01,2141,27.41,96.23,-72.97,59.9978,-126.5304,,
2026-08-20T03:33:58Z,SAT-EO-01,2142,26.87,95.85,-72.55,59.9931,-126.5051,,
2026-08-20T03:34:04Z,SAT-EO-01,2143,26.27,96.04,-73.06,59.9859,-126.4804,,
2026-08-20T03:34:10Z,SAT-EO-01,2144,27.4,96.36,-72.66,59.9758,-126.4551,,
2026-08-20T03:34:16Z,SAT-EO-01,2145,26.81,96.19,-74.16,59.9633,-126.4303,,
2026-08-20T03:34:22Z,SAT-EO-01,2146,27.08,95.71,-73.7,59.9481,-126.4053,,
2026-08-20T03:34:28Z,SAT-EO-01,2147,27.15,95.86,-73.83,59.9299,-126.3797,,
2026-08-20T03:34:34Z,SAT-EO-01,2148,27.29,96.15,-73.1,59.9099,-126.3553,,
2026-08-20T03:34:40Z,SAT-EO-01,2149,27.01,96.65,-72.05,59.8874,-126.3309,,
2026-08-20T03:34:46Z,SAT-EO-01,2150,27.4,95.97,-73.44,59.8616,-126.3057,,
2026-08-20T03:34:52Z,SAT-EO-01,2151,26.82,95.51,-73.89,59.8335,-126.2808,,
2026-08-20T03:34:58Z,SAT-EO-01,2152,26.29,96.56,-73.26,59.8019,-126.2552,,
2026-08-20T03:35:04Z,SAT-EO-01,2153,26.65,95.49,-74.36,59.7677,-126.2298,,
2026-08-20T03:35:10Z,SAT-EO-01,2154,26.54,95.93,-73.7,59.7308,-126.2043,,
2026-08-20T03:35:16Z,SAT-EO-01,2155,26.62,96.05,-73.12,59.6927,-126.1798,,
2026-08-20T03:35:22Z,SAT-EO-01,2156,26.98,95.91,-71.31,59.6517,-126.155,,
2026-08-20T03:35:28Z,SAT-EO-01,2157,26.85,96.18,-72.22,59.6066,-126.1294,,
2026-08-20T03:35:35Z,SAT-EO-01,2158,26.64,96.02,-73.06,59.5589,-126.1039,,
2026-08-20T03:35:41Z,SAT-EO-01,2159,27.06,96.4,-74.13,59.5101,-126.0791,,
2026-08-20T03:35:47Z,SAT-EO-01,2160,26.92,95.99,-73.97,59.4576,-126.0539,,
2026-08-20T03:35:52Z,SAT-EO-01,2161,26.73,95.75,-74.04,59.4038,-126.0292,,
2026-08-20T03:35:58Z,SAT-EO-01,2162,26.79,96.02,-72.32,59.3467,-126.0042,,
2026-08-20T03:36:05Z,SAT-EO-01,2163,27.04,95.78,-72.48,59.2868,-125.9791,,
2026-08-20T03:36:10Z,SAT-EO-01,2164,26.75,95.46,-73.65,59.2253,-125.9544,,
2026-08-20T03:36:17Z,SAT-EO-01,2165,27.0,95.64,-72.48,59.1592,-125.929,,
2026-08-20T03:36:23Z,SAT-EO-01,2166,26.67,95.77,-75.06,59.0903,-125.9035,,
2026-08-20T03:36:29Z,SAT-EO-01,2167,26.31,96.63,-71.41,59.0187,-125.8779,,
2026-08-20T03:36:35Z,SAT-EO-01,2168,27.17,95.81,-71.77,58.9474,-125.8534,,
2026-08-20T03:36:41Z,SAT-EO-01,2169,26.73,96.18,-72.57,58.8737,-125.8289,,
2026-08-20T03:36:47Z,SAT-EO-01,2170,26.64,96.15,-73.11,58.7944,-125.8035,,
2026-08-20T03:36:53Z,SAT-EO-01,2171,27.46,96.23,-72.14,58.7145,-125.7786,,
2026-08-20T03:36:59Z,SAT-EO-01,2172,26.81,95.87,-72.74,58.6315,-125.7536,,
2026-08-20T03:37:05Z,SAT-EO-01,2173,26.91,95.5,-72.27,58.546,-125.7286,,
2026-08-20T03:37:11Z,SAT-EO-01,2174,27.11,95.57,-72.01,58.4566,-125.7033,,
2026-08-20T03:37:17Z,SAT-EO-01,2175,26.85,95.83,-72.59,58.3642,-125.6778,,
2026-08-20T03:37:23Z,SAT-EO-01,2176,27.22,95.64,-72.61,58.2702,-125.6526,,
2026-08-20T03:37:29Z,SAT-EO-01,2177,27.64,95.81,-75.71,58.1731,-125.6273,,
2026-08-20T03:37:35Z,SAT-EO-01,2178,27.29,95.58,-73.02,58.0763,-125.6028,,
2026-08-20T03:37:41Z,SAT-EO-01,2179,27.06,95.37,-73.46,57.9769,-125.5781,,
2026-08-20T03:37:47Z,SAT-EO-01,2180,26.96,95.58,-71.99,57.8719,-125.5528,,
2026-08-20T03:37:53Z,SAT-EO-01,2181,26.66,95.8,-71.37,57.7671,-125.528,,
2026-08-20T03:37:59Z,SAT-EO-01,2182,26.11,96.27,-73.43,57.6603,-125.5034,,
2026-08-20T03:38:05Z,SAT-EO-01,2183,27.01,95.83,-71.78,57.5502,-125.4786,,
2026-08-20T03:38:11Z,SAT-EO-01,2184,26.64,95.64,-72.3,57.439,-125.4541,,
2026-08-20T03:38:16Z,SAT-EO-01,2185,26.65,96.23,-72.67,57.3255,-125.4297,,
2026-08-20T03:38:22Z,SAT-EO-01,2186,27.05,94.9,-72.41,57.2084,-125.4049,,
2026-08-20T03:38:28Z,SAT-EO-01,2187,27.15,95.86,-71.7,57.0884,-125.3801,,
2026-08-20T03:38:34Z,SAT-EO-01,2188,26.43,95.58,-70.8,56.9657,-125.3552,,
2026-08-20T03:38:40Z,SAT-EO-01,2189,26.7,95.97,-72.95,56.8367,-125.3296,,
2026-08-20T03:38:46Z,SAT-EO-01,2190,26.28,95.8,-69.64,56.7114,-125.3052,,
2026-08-20T03:38:52Z,SAT-EO-01,2191,26.6,95.34,-73.84,56.5805,-125.2802,,
2026-08-20T03:38:58Z,SAT-EO-01,2192,26.37,96.24,-71.62,56.4452,-125.2548,,
2026-08-20T03:39:04Z,SAT-EO-01,2193,26.61,95.64,-72.7,56.3069,-125.2294,,
2026-08-20T03:39:10Z,SAT-EO-01,2194,27.31,95.55,-72.78,56.1701,-125.2046,,
2026-08-20T03:39:16Z,SAT-EO-01,2195,27.0,95.27,-72.83,56.0304,-125.1798,,
2026-08-20T03:39:22Z,SAT-EO-01,2196,26.97,95.56,-71.74,55.8905,-125.1554,,
2026-08-20T03:39:28Z,SAT-EO-01,2197,26.49,95.41,-73.08,55.7462,-125.1306,,
2026-08-20T03:39:34Z,SAT-EO-01,2198,26.8,95.07,-71.56,55.598,-125.1056,,
2026-08-20T03:39:40Z,SAT-EO-01,2199,26.36,95.75,-72.38,55.4511,-125.0811,,
2026-08-20T03:39:46Z,SAT-EO-01,2200,27.13,95.91,-72.01,55.2987,-125.0562,,
2026-08-20T03:39:52Z,SAT-EO-01,2201,26.69,95.18,-72.58,55.1453,-125.0315,,
2026-08-20T03:39:58Z,SAT-EO-01,2202,25.96,96.01,-72.13,54.9865,-125.0063,,
2026-08-20T03:40:04Z,SAT-EO-01,2203,26.92,95.65,-70.43,54.8262,-124.9813,,
2026-08-20T03:40:10Z,SAT-EO-01,2204,26.73,94.89,-73.19,54.6607,-124.9558,,
2026-08-20T03:40:16Z,SAT-EO-01,2205,26.33,95.39,-71.28,54.4937,-124.9305,,
2026-08-20T03:40:22Z,SAT-EO-01,2206,26.85,95.37,-72.39,54.3226,-124.9049,,
2026-08-20T03:40:28Z,SAT-EO-01,2207,26.34,95.25,-72.61,54.1536,-124.88,,
2026-08-20T03:40:34Z,SAT-EO-01,2208,27.49,95.66,-71.31,53.9849,-124.8555,,
2026-08-20T03:40:40Z,SAT-EO-01,2209,26.47,95.49,-72.49,53.8082,-124.8301,,
2026-08-20T03:40:46Z,SAT-EO-01,2210,26.35,95.62,-73.29,53.6321,-124.8052,,
2026-08-20T03:40:52Z,SAT-EO-01,2211,26.53,95.65,-71.89,53.4522,-124.7801,,
2026-08-20T03:40:58Z,SAT-EO-01,2212,26.41,95.41,-71.36,53.2749,-124.7557,,
2026-08-20T03:41:04Z,SAT-EO-01,2213,26.53,95.37,-70.87,53.0918,-124.7308,,
2026-08-20T03:41:10Z,SAT-EO-01,2214,26.6,95.35,-71.87,52.9077,-124.706,,
2026-08-20T03:41:16Z,SAT-EO-01,2215,26.51,95.11,-71.56,52.7156,-124.6805,,
2026-08-20T03:41:22Z,SAT-EO-01,2216,26.43,95.48,-69.57,52.5252,-124.6556,,
2026-08-20T03:41:28Z,SAT-EO-01,2217,26.29,95.18,-71.1,52.334,-124.6308,,
2026-08-20T03:41:34Z,SAT-EO-01,2218,26.86,95.24,-71.87,52.1396,-124.6059,,
2026-08-20T03:41:40Z,SAT-EO-01,2219,27.16,95.3,-71.54,51.9401,-124.5806,,
2026-08-20T03:41:46Z,SAT-EO-01,2220,26.07,95.19,-72.35,51.7434,-124.556,,
2026-08-20T03:41:52Z,SAT-EO-01,2221,25.9,94.9,-70.72,51.5372,-124.5305,,
2026-08-20T03:41:58Z,SAT-EO-01,2222,26.47,95.02,-70.52,51.3303,-124.5052,,
2026-08-20T03:42:04Z,SAT-EO-01,2223,26.2,94.74,-71.16,51.1211,-124.4799,,
2026-08-20T03:42:10Z,SAT-EO-01,2224,25.46,94.82,-72.17,50.9077,-124.4543,,
2026-08-20T03:42:16Z,SAT-EO-01,2225,26.59,94.97,-71.2,50.6988,-124.4296,,
2026-08-20T03:42:22Z,SAT-EO-01,2226,26.39,94.53,-71.15,50.4819,-124.4042,,
2026-08-20T03:42:29Z,SAT-EO-01,2227,26.84,94.96,-71.68,50.266,-124.3792,,
2026-08-20T03:42:34Z,SAT-EO-01,2228,25.82,94.82,-70.73,50.0497,-124.3543,,
2026-08-20T03:42:41Z,SAT-EO-01,2229,25.94,95.04,-70.4,49.827,-124.329,,
2026-08-20T03:42:47Z,SAT-EO-01,2230,26.28,94.9,-70.96,49.6051,-124.304,,
2026-08-20T03:42:53Z,SAT-EO-01,2231,26.29,95.05,-70.56,49.3771,-124.2786,,
2026-08-20T03:42:59Z,SAT-EO-01,2232,26.13,94.16,-69.7,49.1513,-124.2537,,
2026-08-20T03:43:05Z,SAT-EO-01,2233,25.95,94.7,-71.11,48.9219,-124.2286,,
2026-08-20T03:43:11Z,SAT-EO-01,2234,26.5,94.88,-71.76,48.6901,-124.2035,,
2026-08-20T03:43:17Z,SAT-EO-01,2235,26.11,94.68,-71.35,48.4618,-124.179,,
2026-08-20T03:43:22Z,SAT-EO-01,2236,25.94,94.74,-70.62,48.2325,-124.1546,,
2026-08-20T03:43:28Z,SAT-EO-01,2237,25.89,94.38,-70.35,47.994,-124.1295,,
2026-08-20T03:43:34Z,SAT-EO-01,2238,26.07,94.46,-69.47,47.7579,-124.1048,,
2026-08-20T03:43:40Z,SAT-EO-01,2239,25.8,94.52,-71.27,47.5191,-124.0801,,
2026-08-20T03:43:46Z,SAT-EO-01,2240,26.3,94.57,-70.86,47.273,-124.0548,,
2026-08-20T03:43:52Z,SAT-EO-01,2241,26.02,94.61,-71.32,47.0238,-124.0294,,
2026-08-20T03:43:58Z,SAT-EO-01,2242,26.5,94.15,-70.81,46.7802,-124.0048,,
2026-08-20T03:44:04Z,SAT-EO-01,2243,26.06,94.22,-70.08,46.5246,-123.9792,,
2026-08-20T03:44:11Z,SAT-EO-01,2244,26.74,94.43,-71.37,46.271,-123.954,,
2026-08-20T03:44:16Z,SAT-EO-01,2245,25.64,94.21,-71.41,46.0201,-123.9292,,
2026-08-20T03:44:22Z,SAT-EO-01,2246,26.19,94.42,-69.95,45.7643,-123.9042,,
2026-08-20T03:44:28Z,SAT-EO-01,2247,25.65,93.77,-70.08,45.508,-123.8794,,
2026-08-20T03:44:34Z,SAT-EO-01,2248,25.51,94.39,-69.93,45.2502,-123.8545,,
2026-08-20T03:44:40Z,SAT-EO-01,2249,25.45,94.11,-70.43,44.9872,-123.8294,,
2026-08-20T03:44:46Z,SAT-EO-01,2250,26.39,94.1,-70.67,44.7272,-123.8047,,
2026-08-20T03:44:52Z,SAT-EO-01,2251,25.89,93.8,-68.52,44.4581,-123.7794,,
2026-08-20T03:44:59Z,SAT-EO-01,2252,25.34,94.12,-69.39,44.1855,-123.7539,,
2026-08-20T03:45:04Z,SAT-EO-01,2253,26.46,93.79,-68.63,43.9227,-123.7295,,
2026-08-20T03:45:10Z,SAT-EO-01,2254,26.04,93.82,-69.78,43.6561,-123.705,,
2026-08-20T03:45:16Z,SAT-EO-01,2255,26.2,93.82,-70.23,43.3795,-123.6796,,
2026-08-20T03:45:22Z,SAT-EO-01,2256,25.54,94.2,-70.6,43.1015,-123.6544,,
2026-08-20T03:45:28Z,SAT-EO-01,2257,25.09,94.26,-68.05,42.8227,-123.6292,,
2026-08-20T03:45:34Z,SAT-EO-01,2258,25.53,93.82,-68.6,42.5442,-123.6043,,
2026-08-20T03:45:40Z,SAT-EO-01,2259,26.04,93.72,-70.46,42.2676,-123.5796,,
2026-08-20T03:45:47Z,SAT-EO-01,2260,25.86,94.11,-69.93,41.9786,-123.5541,,
2026-08-20T03:45:53Z,SAT-EO-01,2261,25.48,93.92,-70.64,41.6912,-123.5288,,
2026-08-20T03:45:59Z,SAT-EO-01,2262,26.06,94.09,-70.27,41.4007,-123.5034,,
2026-08-20T03:46:05Z,SAT-EO-01,2263,25.41,93.54,-71.21,41.118,-123.4789,,
2026-08-20T03:46:11Z,SAT-EO-01,2264,25.19,93.7,-70.36,40.8242,-123.4536,,
2026-08-20T03:46:17Z,SAT-EO-01,2265,25.23,93.37,-69.35,40.5276,-123.4282,,
2026-08-20T03:46:23Z,SAT-EO-01,2266,26.0,93.58,-69.44,40.232,-123.403,,
2026-08-20T03:46:29Z,SAT-EO-01,2267,25.72,94.08,-69.39,39.9317,-123.3776,,
2026-08-20T03:46:35Z,SAT-EO-01,2268,25.7,93.57,-71.85,39.6391,-123.3529,,
2026-08-20T03:46:41Z,SAT-EO-01,2269,25.47,94.07,-69.52,39.347,-123.3285,,
2026-08-20T03:46:47Z,SAT-EO-01,2270,25.84,93.48,-70.24,39.0507,-123.3038,,
2026-08-20T03:46:53Z,SAT-EO-01,2271,25.59,93.52,-68.75,38.7522,-123.2791,,
2026-08-20T03:46:59Z,SAT-EO-01,2272,25.45,93.78,-69.53,38.4461,-123.2539,,
2026-08-20T03:47:05Z,SAT-EO-01,2273,25.22,93.63,-68.68,38.1411,-123.229,,
2026-08-20T03:47:11Z,SAT-EO-01,2274,25.41,93.41,-69.92,37.8272,-123.2034,,
2026-08-20T03:47:17Z,SAT-EO-01,2275,25.74,93.51,-68.99,37.5202,-123.1786,,
2026-08-20T03:47:23Z,SAT-EO-01,2276,24.69,93.4,-69.54,37.2065,-123.1533,,
2026-08-20T03:47:29Z,SAT-EO-01,2277,25.22,93.41,-69.26,36.8927,-123.1282,,
2026-08-20T03:47:35Z,SAT-EO-01,2278,24.9,93.31,-67.92,36.5855,-123.1037,,
2026-08-20T03:47:41Z,SAT-EO-01,2279,25.28,93.08,-70.49,36.2722,-123.0789,,
2026-08-20T03:47:47Z,SAT-EO-01,2280,25.42,93.08,-70.63,35.9488,-123.0534,,
2026-08-20T03:47:53Z,SAT-EO-01,2281,24.93,93.1,-67.95,35.6296,-123.0283,,
2026-08-20T03:47:59Z,SAT-EO-01,2282,24.58,93.04,-68.97,35.3093,-123.0033,,
2026-08-20T03:48:05Z,SAT-EO-01,2283,24.97,93.34,-69.9,34.9912,-122.9786,,
2026-08-20T03:48:11Z,SAT-EO-01,2284,25.22,92.94,-69.25,34.6751,-122.9541,,
2026-08-20T03:48:16Z,SAT-EO-01,2285,25.98,93.11,-68.48,34.3535,-122.9293,,
2026-08-20T03:48:22Z,SAT-EO-01,2286,25.45,92.78,-70.93,34.0256,-122.9042,,
2026-08-20T03:48:28Z,SAT-EO-01,2287,24.87,93.08,-68.72,33.6995,-122.8793,,
2026-08-20T03:48:35Z,SAT-EO-01,2288,24.94,93.51,-68.94,33.3645,-122.8539,,
2026-08-20T03:48:41Z,SAT-EO-01,2289,25.22,93.25,-69.45,33.0377,-122.8291,,
2026-08-20T03:48:47Z,SAT-EO-01,2290,25.19,93.24,-70.19,32.7001,-122.8037,,
2026-08-20T03:48:53Z,SAT-EO-01,2291,24.81,93.02,-68.23,32.3605,-122.7783,,
2026-08-20T03:48:59Z,SAT-EO-01,2292,24.66,92.75,-68.86,32.0267,-122.7533,,
2026-08-20T03:49:05Z,SAT-EO-01,2293,24.49,92.4,-67.65,31.6877,-122.7281,,
2026-08-20T03:49:11Z,SAT-EO-01,2294,24.45,92.48,-68.07,31.3575,-122.7037,,
2026-08-20T03:49:16Z,SAT-EO-01,2295,25.39,92.43,-67.69,31.0256,-122.6792,,
2026-08-20T03:49:22Z,SAT-EO-01,2296,24.87,92.13,-66.26,30.6884,-122.6544,,
2026-08-20T03:49:28Z,SAT-EO-01,2297,24.86,92.26,-69.41,30.3493,-122.6296,,
2026-08-20T03:49:34Z,SAT-EO-01,2298,24.95,92.8,-67.83,30.0082,-122.6048,,
2026-08-20T03:49:40Z,SAT-EO-01,2299,24.75,92.49,-66.62,29.6648,-122.5798,,
2026-08-20T03:49:46Z,SAT-EO-01,2300,24.21,92.66,-68.24,29.3159,-122.5546,,
2026-08-20T03:49:52Z,SAT-EO-01,2301,24.33,92.21,-68.09,28.9715,-122.5298,,
2026-08-20T03:49:58Z,SAT-EO-01,2302,24.93,92.6,-68.09,28.6205,-122.5046,,
2026-08-20T03:50:04Z,SAT-EO-01,2303,24.5,92.52,-68.17,28.2715,-122.4796,,
2026-08-20T03:50:10Z,SAT-EO-01,2304,24.75,92.58,-66.32,27.9251,-122.4549,,
2026-08-20T03:50:16Z,SAT-EO-01,2305,23.98,92.43,-67.57,27.5796,-122.4303,,
2026-08-20T03:50:22Z,SAT-EO-01,2306,24.66,92.23,-70.02,27.2235,-122.4051,,
2026-08-20T03:50:28Z,SAT-EO-01,2307,24.69,92.18,-67.78,26.8662,-122.3799,,
2026-08-20T03:50:34Z,SAT-EO-01,2308,24.45,91.36,-69.09,26.5071,-122.3547,,
2026-08-20T03:50:40Z,SAT-EO-01,2309,24.42,91.76,-66.87,26.1494,-122.3296,,
2026-08-20T03:50:46Z,SAT-EO-01,2310,24.23,92.04,-67.65,25.7863,-122.3042,,
2026-08-20T03:50:52Z,SAT-EO-01,2311,25.02,92.13,-67.91,25.4318,-122.2795,,
2026-08-20T03:50:58Z,SAT-EO-01,2312,24.52,91.57,-69.41,25.0742,-122.2547,,
2026-08-20T03:51:04Z,SAT-EO-01,2313,24.74,92.03,-67.5,24.7192,-122.2301,,
2026-08-20T03:51:10Z,SAT-EO-01,2314,24.38,92.08,-67.33,24.3631,-122.2055,,
2026-08-20T03:51:16Z,SAT-EO-01,2315,24.4,91.88,-68.07,24.0074,-122.181,,
2026-08-20T03:51:22Z,SAT-EO-01,2316,24.14,91.33,-67.74,23.643,-122.156,,
2026-08-20T03:51:28Z,SAT-EO-01,2317,24.09,91.68,-67.67,23.2702,-122.1305,,
2026-08-20T03:51:34Z,SAT-EO-01,2318,23.56,91.51,-68.19,22.9056,-122.1056,,
2026-08-20T03:51:40Z,SAT-EO-01,2319,24.71,91.26,-68.45,22.5325,-122.0802,,
2026-08-20T03:51:46Z,SAT-EO-01,2320,24.69,91.15,-66.14,22.1568,-122.0547,,
2026-08-20T03:51:52Z,SAT-EO-01,2321,24.1,91.47,-69.35,21.7848,-122.0295,,
2026-08-20T03:51:58Z,SAT-EO-01,2322,24.0,91.63,-67.15,21.4108,-122.0043,,
2026-08-20T03:52:05Z,SAT-EO-01,2323,24.29,91.36,-68.26,21.0306,-121.9787,,
2026-08-20T03:52:11Z,SAT-EO-01,2324,24.49,91.45,-67.89,20.6541,-121.9534,,
2026-08-20T03:52:17Z,SAT-EO-01,2325,24.36,91.04,-68.64,20.2805,-121.9283,,
2026-08-20T03:52:23Z,SAT-EO-01,2326,24.2,91.79,-69.08,19.9153,-121.9039,,
2026-08-20T03:52:29Z,SAT-EO-01,2327,23.98,91.47,-67.94,19.5335,-121.8784,,
2026-08-20T03:52:35Z,SAT-EO-01,2328,24.49,91.1,-68.58,19.1532,-121.8531,,
2026-08-20T03:52:41Z,SAT-EO-01,2329,23.79,91.48,-66.66,18.7742,-121.828,,
2026-08-20T03:52:47Z,SAT-EO-01,2330,23.82,90.9,-68.51,18.3917,-121.8026,,
2026-08-20T03:52:53Z,SAT-EO-01,2331,23.43,91.16,-67.04,18.0102,-121.7774,,
2026-08-20T03:52:59Z,SAT-EO-01,2332,23.72,90.97,-65.9,17.6277,-121.7522,,
2026-08-20T03:53:05Z,SAT-EO-01,2333,23.82,90.94,-68.42,17.2509,-121.7273,,
2026-08-20T03:53:11Z,SAT-EO-01,2334,23.13,91.06,-67.59,16.8641,-121.7019,,
2026-08-20T03:53:17Z,SAT-EO-01,2335,24.18,91.22,-68.11,16.489,-121.6773,,
2026-08-20T03:53:23Z,SAT-EO-01,2336,23.3,90.69,-66.51,16.1007,-121.6519,,
2026-08-20T03:53:29Z,SAT-EO-01,2337,23.38,90.83,-67.02,15.7175,-121.6269,,
2026-08-20T03:53:35Z,SAT-EO-01,2338,23.92,90.88,-67.26,15.3256,-121.6013,,
2026-08-20T03:53:41Z,SAT-EO-01,2339,23.73,90.76,-67.59,14.9406,-121.5762,,
2026-08-20T03:53:47Z,SAT-EO-01,2340,23.62,91.14,-66.66,14.5516,-121.551,,
2026-08-20T03:53:53Z,SAT-EO-01,2341,23.65,90.49,-66.63,14.1569,-121.5254,,
2026-08-20T03:53:59Z,SAT-EO-01,2342,23.05,90.51,-67.7,13.7688,-121.5002,,
2026-08-20T03:54:05Z,SAT-EO-01,2343,23.37,90.41,-67.69,13.38,-121.4751,,
2026-08-20T03:54:11Z,SAT-EO-01,2344,23.8,90.89,-68.53,12.9931,-121.4501,,
2026-08-20T03:54:18Z,SAT-EO-01,2345,23.2,90.65,-67.32,12.6004,-121.4248,,
2026-08-20T03:54:23Z,SAT-EO-01,2346,23.32,90.67,-66.24,12.2191,-121.4002,,
2026-08-20T03:54:29Z,SAT-EO-01,2347,23.21,90.55,-65.74,11.8392,-121.3758,,
2026-08-20T03:54:35Z,SAT-EO-01,2348,23.09,90.16,-67.3,11.4513,-121.3509,,
2026-08-20T03:54:41Z,SAT-EO-01,2349,23.4,90.32,-68.49,11.0634,-121.326,,
2026-08-20T03:54:47Z,SAT-EO-01,2350,22.66,90.59,-67.41,10.6692,-121.3007,,
2026-08-20T03:54:53Z,SAT-EO-01,2351,23.37,89.99,-67.14,10.2763,-121.2756,,
2026-08-20T03:54:59Z,SAT-EO-01,2352,22.76,90.13,-66.32,9.8846,-121.2506,,
2026-08-20T03:55:05Z,SAT-EO-01,2353,23.37,90.02,-67.37,9.4973,-121.2258,,
2026-08-20T03:55:11Z,SAT-EO-01,2354,22.75,90.03,-65.9,9.1114,-121.2012,,
2026-08-20T03:55:17Z,SAT-EO-01,2355,23.5,89.92,-65.74,8.7219,-121.1764,,
2026-08-20T03:55:23Z,SAT-EO-01,2356,23.27,89.9,-66.57,8.3212,-121.1509,,
2026-08-20T03:55:29Z,SAT-EO-01,2357,23.07,89.86,-67.35,7.9192,-121.1254,,
2026-08-20T03:55:35Z,SAT-EO-01,2358,23.25,90.1,-68.33,7.5301,-121.1006,,
2026-08-20T03:55:41Z,SAT-EO-01,2359,23.22,89.91,-67.93,7.1375,-121.0757,,
2026-08-20T03:55:47Z,SAT-EO-01,2360,23.22,89.61,-67.44,6.7348,-121.0502,,
2026-08-20T03:55:53Z,SAT-EO-01,2361,22.63,89.78,-67.41,6.3484,-121.0257,,
2026-08-20T03:55:59Z,SAT-EO-01,2362,22.68,90.0,-66.74,5.958,-121.001,,
2026-08-20T03:56:05Z,SAT-EO-01,2363,22.61,89.44,-67.23,5.5578,-120.9756,,
2026-08-20T03:56:11Z,SAT-EO-01,2364,22.99,89.42,-68.6,5.1537,-120.9501,,
2026-08-20T03:56:18Z,SAT-EO-01,2365,22.26,89.76,-65.69,4.7541,-120.9248,,
2026-08-20T03:56:23Z,SAT-EO-01,2366,22.97,89.5,-67.25,4.3675,-120.9004,,
2026-08-20T03:56:29Z,SAT-EO-01,2367,22.41,89.62,-68.11,3.9789,-120.8759,,
2026-08-20T03:56:35Z,SAT-EO-01,2368,22.66,89.53,-67.62,3.5819,-120.8508,,
2026-08-20T03:56:41Z,SAT-EO-01,2369,22.75,89.13,-66.52,3.1943,-120.8263,,
2026-08-20T03:56:47Z,SAT-EO-01,2370,22.69,89.45,-65.93,2.7891,-120.8008,,
2026-08-20T03:56:53Z,SAT-EO-01,2371,22.85,89.24,-65.88,2.3936,-120.7758,,
2026-08-20T03:56:59Z,SAT-EO-01,2372,23.29,89.09,-68.49,2.0023,-120.7512,,
2026-08-20T03:57:05Z,SAT-EO-01,2373,22.55,89.23,-66.74,1.6133,-120.7266,,
2026-08-20T03:57:11Z,SAT-EO-01,2374,22.79,88.69,-66.49,1.2232,-120.7021,,
2026-08-20T03:57:17Z,SAT-EO-01,2375,22.46,89.36,-67.93,0.8328,-120.6775,,
2026-08-20T03:57:23Z,SAT-EO-01,2376,22.41,88.97,-66.28,0.4383,-120.6526,,
2026-08-20T03:57:29Z,SAT-EO-01,2377,22.59,88.95,-66.47,0.0326,-120.6271,,
2026-08-20T03:57:35Z,SAT-EO-01,2378,21.93,88.99,-66.82,-0.3702,-120.6017,,
2026-08-20T03:57:41Z,SAT-EO-01,2379,22.31,89.28,-67.53,-0.7688,-120.5766,,
2026-08-20T03:57:47Z,SAT-EO-01,2380,22.88,88.72,-65.72,-1.1605,-120.5519,,
2026-08-20T03:57:53Z,SAT-EO-01,2381,22.6,88.76,-67.25,-1.5668,-120.5263,,
2026-08-20T03:57:59Z,SAT-EO-01,2382,22.83,89.18,-67.27,-1.9717,-120.5008,,
2026-08-20T03:58:05Z,SAT-EO-01,2383,22.09,88.57,-65.79,-2.3676,-120.4758,,
2026-08-20T03:58:11Z,SAT-EO-01,2384,22.14,88.4,-66.23,-2.7662,-120.4507,,
2026-08-20T03:58:17Z,SAT-EO-01,2385,22.26,88.66,-66.08,-3.1622,-120.4257,,
2026-08-20T03:58:23Z,SAT-EO-01,2386,22.79,88.79,-67.65,-3.5641,-120.4003,,
2026-08-20T03:58:29Z,SAT-EO-01,2387,22.38,88.05,-67.15,-3.9639,-120.3751,,
2026-08-20T03:58:36Z,SAT-EO-01,2388,21.77,88.78,-67.25,-4.3673,-120.3496,,
2026-08-20T03:58:42Z,SAT-EO-01,2389,22.26,88.12,-69.05,-4.7648,-120.3245,,
2026-08-20T03:58:48Z,SAT-EO-01,2390,22.17,88.22,-67.16,-5.1527,-120.3,,
2026-08-20T03:58:53Z,SAT-EO-01,2391,21.49,88.17,-67.21,-5.54,-120.2755,,
2026-08-20T03:58:59Z,SAT-EO-01,2392,22.29,88.77,-66.84,-5.9401,-120.2502,,
2026-08-20T03:59:05Z,SAT-EO-01,2393,22.04,88.44,-67.42,-6.3301,-120.2255,,
2026-08-20T03:59:11Z,SAT-EO-01,2394,22.37,87.87,-67.16,-6.7167,-120.201,,
2026-08-20T03:59:17Z,SAT-EO-01,2395,21.96,88.27,-67.06,-7.1134,-120.1758,,
2026-08-20T03:59:23Z,SAT-EO-01,2396,22.41,87.95,-66.32,-7.5072,-120.1508,,
2026-08-20T03:59:29Z,SAT-EO-01,2397,21.8,87.71,-66.08,-7.9017,-120.1258,,
2026-08-20T03:59:35Z,SAT-EO-01,2398,21.86,87.96,-67.15,-8.3027,-120.1003,,
2026-08-20T03:59:42Z,SAT-EO-01,2399,22.0,87.7,-67.18,-8.7026,-120.0748,,
2026-08-20T03:59:48Z,SAT-EO-01,2400,21.7,87.9,-67.85,-9.1046,-120.0492,,
2026-08-20T03:59:54Z,SAT-EO-01,2401,21.72,87.86,-68.34,-9.4928,-120.0244,,
2026-08-20T04:00:00Z,SAT-EO-01,2402,22.16,87.59,-66.63,-9.8878,-119.9992,,
2026-08-20T04:00:06Z,SAT-EO-01,2403,21.41,87.94,-65.98,-10.286,-119.9738,,
2026-08-20T04:00:12Z,SAT-EO-01,2404,21.95,87.85,-66.26,-10.6731,-119.949,,
2026-08-20T04:00:18Z,SAT-EO-01,2405,22.39,88.1,-67.47,-11.0612,-119.9241,,
2026-08-20T04:00:24Z,SAT-EO-01,2406,21.24,88.02,-67.65,-11.4479,-119.8993,,
2026-08-20T04:00:30Z,SAT-EO-01,2407,21.56,87.69,-66.13,-11.8369,-119.8744,,
2026-08-20T04:00:36Z,SAT-EO-01,2408,21.44,87.41,-67.19,-12.2266,-119.8493,,
2026-08-20T04:00:42Z,SAT-EO-01,2409,21.8,87.44,-68.19,-12.6128,-119.8244,,
2026-08-20T04:00:48Z,SAT-EO-01,2410,21.97,87.37,-68.06,-13.0014,-119.7994,,
2026-08-20T04:00:54Z,SAT-EO-01,2411,21.53,87.31,-67.57,-13.3853,-119.7746,,
2026-08-20T04:01:00Z,SAT-EO-01,2412,21.82,87.04,-66.15,-13.7765,-119.7493,,
2026-08-20T04:01:06Z,SAT-EO-01,2413,21.7,87.46,-66.11,-14.1555,-119.7247,,
2026-08-20T04:01:11Z,SAT-EO-01,2414,21.56,87.35,-66.38,-14.5333,-119.7002,,
2026-08-20T04:01:18Z,SAT-EO-01,2415,21.75,87.18,-67.36,-14.9216,-119.675,,
2026-08-20T04:01:24Z,SAT-EO-01,2416,21.67,87.42,-66.97,-15.3075,-119.6499,,
2026-08-20T04:01:29Z,SAT-EO-01,2417,21.29,87.51,-69.16,-15.6836,-119.6253,,
2026-08-20T04:01:35Z,SAT-EO-01,2418,20.8,87.14,-66.9,-16.0664,-119.6003,,
2026-08-20T04:01:42Z,SAT-EO-01,2419,21.47,86.88,-67.0,-16.4571,-119.5748,,
2026-08-20T04:01:48Z,SAT-EO-01,2420,21.59,87.31,-67.32,-16.8404,-119.5496,,
2026-08-20T04:01:54Z,SAT-EO-01,2421,20.67,86.86,-67.65,-17.227,-119.5242,,
2026-08-20T04:02:00Z,SAT-EO-01,2422,21.55,86.71,-67.53,-17.6126,-119.4988,,
2026-08-20T04:02:06Z,SAT-EO-01,2423,21.0,86.47,-67.74,-17.9964,-119.4735,,
2026-08-20T04:02:12Z,SAT-EO-01,2424,20.95,86.96,-68.34,-18.3798,-119.4482,,
2026-08-20T04:02:18Z,SAT-EO-01,2425,21.44,86.95,-67.82,-18.7651,-119.4226,,
2026-08-20T04:02:24Z,SAT-EO-01,2426,20.9,86.99,-66.51,-19.149,-119.3972,,
2026-08-20T04:02:30Z,SAT-EO-01,2427,20.85,86.7,-67.1,-19.5277,-119.372,,
2026-08-20T04:02:36Z,SAT-EO-01,2428,21.38,86.61,-67.09,-19.902,-119.347,,
2026-08-20T04:02:42Z,SAT-EO-01,2429,21.08,86.72,-68.56,-20.2721,-119.3222,,
2026-08-20T04:02:48Z,SAT-EO-01,2430,20.97,86.3,-66.46,-20.6398,-119.2976,,
2026-08-20T04:02:54Z,SAT-EO-01,2431,21.36,86.41,-68.56,-21.0183,-119.2722,,
2026-08-20T04:03:00Z,SAT-EO-01,2432,20.74,86.71,-67.94,-21.3808,-119.2478,,
2026-08-20T04:03:06Z,SAT-EO-01,2433,20.81,86.45,-69.16,-21.7463,-119.2231,,
2026-08-20T04:03:12Z,SAT-EO-01,2434,20.98,85.89,-67.97,-22.1077,-119.1986,,
2026-08-20T04:03:18Z,SAT-EO-01,2435,21.03,86.46,-68.65,-22.4746,-119.1737,,
2026-08-20T04:03:24Z,SAT-EO-01,2436,20.25,86.25,-66.01,-22.8441,-119.1486,,
2026-08-20T04:03:30Z,SAT-EO-01,2437,21.34,86.17,-68.29,-23.2088,-119.1237,,
2026-08-20T04:03:36Z,SAT-EO-01,2438,20.63,86.19,-67.96,-23.5715,-119.0989,,
2026-08-20T04:03:42Z,SAT-EO-01,2439,21.07,85.75,-67.76,-23.9416,-119.0735,,
2026-08-20T04:03:48Z,SAT-EO-01,2440,20.99,86.36,-68.33,-24.3131,-119.0479,,
2026-08-20T04:03:54Z,SAT-EO-01,2441,21.07,86.25,-68.51,-24.6844,-119.0223,,
2026-08-20T04:04:00Z,SAT-EO-01,2442,21.04,86.21,-67.32,-25.0469,-118.9972,,
2026-08-20T04:04:06Z,SAT-EO-01,2443,20.28,85.93,-67.85,-25.3984,-118.9728,,
2026-08-20T04:04:12Z,SAT-EO-01,2444,20.5,85.82,-68.93,-25.749,-118.9484,,
2026-08-20T04:04:18Z,SAT-EO-01,2445,20.02,86.0,-68.53,-26.109,-118.9233,,
2026-08-20T04:04:24Z,SAT-EO-01,2446,20.3,85.74,-68.21,-26.4657,-118.8983,,
2026-08-20T04:04:30Z,SAT-EO-01,2447,20.9,85.54,-67.77,-26.8254,-118.873,,
2026-08-20T04:04:36Z,SAT-EO-01,2448,19.88,85.79,-68.03,-27.1846,-118.8476,,
2026-08-20T04:04:42Z,SAT-EO-01,2449,20.71,85.77,-68.27,-27.5348,-118.8228,,
2026-08-20T04:04:48Z,SAT-EO-01,2450,20.02,85.51,-68.63,-27.8799,-118.7983,,
2026-08-20T04:04:54Z,SAT-EO-01,2451,20.85,85.29,-68.97,-28.233,-118.7732,,
2026-08-20T04:05:00Z,SAT-EO-01,2452,20.94,85.48,-68.49,-28.5774,-118.7485,,
2026-08-20T04:05:06Z,SAT-EO-01,2453,20.04,85.35,-66.18,-28.9291,-118.7233,,
2026-08-20T04:05:12Z,SAT-EO-01,2454,20.22,85.26,-68.73,-29.2774,-118.6982,,
2026-08-20T04:05:18Z,SAT-EO-01,2455,19.95,85.71,-68.66,-29.6273,-118.6729,,
2026-08-20T04:05:24Z,SAT-EO-01,2456,19.58,85.72,-67.33,-29.9709,-118.648,,
2026-08-20T04:05:30Z,SAT-EO-01,2457,19.88,85.72,-69.05,-30.3165,-118.6228,,
2026-08-20T04:05:36Z,SAT-EO-01,2458,19.55,85.45,-69.37,-30.655,-118.598,,
2026-08-20T04:05:42Z,SAT-EO-01,2459,19.88,85.56,-68.44,-31.0015,-118.5726,,
2026-08-20T04:05:48Z,SAT-EO-01,2460,19.27,85.83,-68.56,-31.3459,-118.5472,,
2026-08-20T04:05:54Z,SAT-EO-01,2461,19.58,85.41,-67.11,-31.677,-118.5227,,
2026-08-20T04:06:00Z,SAT-EO-01,2462,19.75,85.19,-69.05,-32.0092,-118.498,,
2026-08-20T04:06:06Z,SAT-EO-01,2463,20.12,84.96,-68.41,-32.3395,-118.4733,,
2026-08-20T04:06:12Z,SAT-EO-01,2464,20.35,85.62,-68.38,-32.6697,-118.4486,,
2026-08-20T04:06:18Z,SAT-EO-01,2465,20.32,85.24,-68.64,-33.0056,-118.4233,,
2026-08-20T04:06:24Z,SAT-EO-01,2466,20.36,85.39,-68.46,-33.3351,-118.3984,,
2026-08-20T04:06:30Z,SAT-EO-01,2467,20.35,85.05,-68.99,-33.6562,-118.374,,
2026-08-20T04:06:36Z,SAT-EO-01,2468,19.41,84.74,-69.23,-33.978,-118.3494,,
2026-08-20T04:06:42Z,SAT-EO-01,2469,19.77,84.9,-68.88,-34.3021,-118.3246,,
2026-08-20T04:06:48Z,SAT-EO-01,2470,19.34,85.14,-69.62,-34.628,-118.2995,,
2026-08-20T04:06:54Z,SAT-EO-01,2471,19.96,85.07,-67.91,-34.9483,-118.2748,,
2026-08-20T04:07:00Z,SAT-EO-01,2472,19.75,84.64,-70.09,-35.2752,-118.2494,,
2026-08-20T04:07:06Z,SAT-EO-01,2473,20.32,84.79,-69.09,-35.6024,-118.2238,,
2026-08-20T04:07:12Z,SAT-EO-01,2474,19.81,84.86,-69.85,-35.9216,-118.1988,,
2026-08-20T04:07:18Z,SAT-EO-01,2475,19.79,84.73,-68.92,-36.243,-118.1734,,
2026-08-20T04:07:24Z,SAT-EO-01,2476,20.02,84.59,-68.46,-36.5661,-118.1478,,
2026-08-20T04:07:30Z,SAT-EO-01,2477,19.95,84.61,-69.01,-36.8873,-118.1222,,
2026-08-20T04:07:36Z,SAT-EO-01,2478,19.88,84.68,-70.14,-37.2005,-118.0972,,
2026-08-20T04:07:42Z,SAT-EO-01,2479,19.92,84.81,-69.66,-37.5088,-118.0723,,
2026-08-20T04:07:48Z,SAT-EO-01,2480,19.77,84.6,-69.52,-37.8112,-118.0479,,
2026-08-20T04:07:54Z,SAT-EO-01,2481,19.63,84.59,-68.53,-38.1205,-118.0227,,
2026-08-20T04:08:00Z,SAT-EO-01,2482,19.09,84.99,-70.29,-38.4311,-117.9973,,
2026-08-20T04:08:06Z,SAT-EO-01,2483,19.07,84.47,-69.97,-38.7404,-117.9719,,
2026-08-20T04:08:12Z,SAT-EO-01,2484,19.69,84.58,-70.96,-39.0387,-117.9472,,
2026-08-20T04:08:18Z,SAT-EO-01,2485,19.41,84.45,-69.58,-39.3377,-117.9223,,
2026-08-20T04:08:24Z,SAT-EO-01,2486,19.15,84.28,-69.76,-39.634,-117.8975,,
2026-08-20T04:08:30Z,SAT-EO-01,2487,19.25,84.43,-70.29,-39.9369,-117.872,,
2026-08-20T04:08:36Z,SAT-EO-01,2488,20.09,84.5,-69.13,-40.2352,-117.8468,,
2026-08-20T04:08:42Z,SAT-EO-01,2489,19.38,84.26,-69.6,-40.5284,-117.8218,,
2026-08-20T04:08:48Z,SAT-EO-01,2490,19.68,84.32,-69.49,-40.8158,-117.7972,,
2026-08-20T04:08:54Z,SAT-EO-01,2491,19.67,84.11,-71.09,-41.1019,-117.7725,,
2026-08-20T04:09:00Z,SAT-EO-01,2492,19.32,83.98,-69.76,-41.3928,-117.7473,,
2026-08-20T04:09:06Z,SAT-EO-01,2493,18.96,84.03,-70.21,-41.6743,-117.7227,,
2026-08-20T04:09:12Z,SAT-EO-01,2494,19.83,83.88,-69.96,-41.9531,-117.6982,,
2026-08-20T04:09:18Z,SAT-EO-01,2495,19.53,83.97,-70.95,-42.2307,-117.6736,,
2026-08-20T04:09:24Z,SAT-EO-01,2496,19.0,84.26,-69.6,-42.5123,-117.6486,,
2026-08-20T04:09:30Z,SAT-EO-01,2497,19.39,84.04,-69.36,-42.7963,-117.6232,,
2026-08-20T04:09:36Z,SAT-EO-01,2498,19.28,83.86,-69.42,-43.0799,-117.5976,,
2026-08-20T04:09:42Z,SAT-EO-01,2499,18.56,84.45,-69.44,-43.351,-117.5729,,
2026-08-20T04:09:48Z,SAT-EO-01,2500,18.94,83.66,-71.43,-43.6189,-117.5485,,
2026-08-20T04:09:54Z,SAT-EO-01,2501,19.25,83.85,-69.55,-43.8921,-117.5233,,
2026-08-20T04:10:00Z,SAT-EO-01,2502,19.15,83.67,-70.6,-44.1613,-117.4983,,
2026-08-20T04:10:06Z,SAT-EO-01,2503,18.83,83.84,-69.14,-44.4223,-117.474,,
2026-08-20T04:10:12Z,SAT-EO-01,2504,18.54,83.92,-70.82,-44.6851,-117.4492,,
2026-08-20T04:10:18Z,SAT-EO-01,2505,18.99,83.94,-70.51,-44.9548,-117.4237,,
2026-08-20T04:10:24Z,SAT-EO-01,2506,19.25,83.69,-70.57,-45.2187,-117.3985,,
2026-08-20T04:10:30Z,SAT-EO-01,2507,19.36,83.71,-69.61,-45.4821,-117.3731,,
2026-08-20T04:10:36Z,SAT-EO-01,2508,19.0,83.85,-70.75,-45.7392,-117.3482,,
2026-08-20T04:10:42Z,SAT-EO-01,2509,19.24,83.32,-69.38,-45.9995,-117.3228,,
2026-08-20T04:10:48Z,SAT-EO-01,2510,18.38,83.59,-70.23,-46.2578,-117.2973,,
2026-08-20T04:10:54Z,SAT-EO-01,2511,19.16,83.97,-72.09,-46.504,-117.2729,,
2026-08-20T04:11:00Z,SAT-EO-01,2512,18.82,83.84,-71.24,-46.7537,-117.2479,,
2026-08-20T04:11:06Z,SAT-EO-01,2513,19.02,83.78,-70.21,-47.002,-117.2228,,
2026-08-20T04:11:12Z,SAT-EO-01,2514,18.8,83.62,-71.71,-47.2483,-117.1978,,
2026-08-20T04:11:18Z,SAT-EO-01,2515,18.88,83.76,-71.14,-47.4901,-117.1729,,
2026-08-20T04:11:24Z,SAT-EO-01,2516,19.01,83.31,-71.41,-47.7304,-117.1481,,
2026-08-20T04:11:30Z,SAT-EO-01,2517,19.34,83.59,-70.78,-47.9677,-117.1233,,
2026-08-20T04:11:36Z,SAT-EO-01,2518,19.47,83.12,-71.01,-48.2087,-117.0979,,
2026-08-20T04:11:42Z,SAT-EO-01,2519,19.51,83.6,-71.01,-48.4447,-117.0728,,
2026-08-20T04:11:48Z,SAT-EO-01,2520,19.1,83.22,-72.53,-48.6758,-117.048,,
2026-08-20T04:11:54Z,SAT-EO-01,2521,19.17,83.23,-70.82,-48.9058,-117.0231,,
2026-08-20T04:12:00Z,SAT-EO-01,2522,18.34,83.38,-69.84,-49.1292,-116.9987,,
2026-08-20T04:12:06Z,SAT-EO-01,2523,18.73,83.14,-70.24,-49.3573,-116.9736,,
2026-08-20T04:12:12Z,SAT-EO-01,2524,19.48,82.79,-70.8,-49.5831,-116.9484,,
2026-08-20T04:12:18Z,SAT-EO-01,2525,18.35,83.3,-70.99,-49.8027,-116.9237,,
2026-08-20T04:12:24Z,SAT-EO-01,2526,18.69,82.91,-69.79,-50.0256,-116.8984,,
2026-08-20T04:12:30Z,SAT-EO-01,2527,19.02,83.02,-71.85,-50.241,-116.8737,,
2026-08-20T04:12:36Z,SAT-EO-01,2528,19.07,83.11,-71.26,-50.456,-116.8488,,
2026-08-20T04:12:42Z,SAT-EO-01,2529,18.97,82.95,-70.15,-50.672,-116.8235,,
2026-08-20T04:12:48Z,SAT-EO-01,2530,18.64,82.88,-70.33,-50.8865,-116.7982,,
2026-08-20T04:12:54Z,SAT-EO-01,2531,18.79,83.06,-70.91,-51.0951,-116.7732,,
2026-08-20T04:13:00Z,SAT-EO-01,2532,18.57,83.59,-71.97,-51.2997,-116.7485,,
2026-08-20T04:13:06Z,SAT-EO-01,2533,18.44,82.91,-71.67,-51.502,-116.7238,,
2026-08-20T04:13:12Z,SAT-EO-01,2534,18.34,82.75,-71.27,-51.7071,-116.6985,,
2026-08-20T04:13:18Z,SAT-EO-01,2535,18.77,82.97,-72.28,-51.9108,-116.673,,
2026-08-20T04:13:24Z,SAT-EO-01,2536,18.77,82.87,-71.48,-52.1084,-116.6481,,
2026-08-20T04:13:30Z,SAT-EO-01,2537,18.45,82.76,-71.95,-52.2993,-116.6237,,
2026-08-20T04:13:36Z,SAT-EO-01,2538,17.6,83.11,-70.25,-52.4891,-116.5991,,
2026-08-20T04:13:42Z,SAT-EO-01,2539,18.17,82.77,-70.45,-52.6783,-116.5744,,
2026-08-20T04:13:48Z,SAT-EO-01,2540,18.04,82.66,-72.61,-52.8676,-116.5493,,
2026-08-20T04:13:54Z,SAT-EO-01,2541,18.66,82.96,-73.34,-53.0551,-116.5242,,
2026-08-20T04:14:00Z,SAT-EO-01,2542,18.79,82.75,-71.67,-53.238,-116.4994,,
2026-08-20T04:14:06Z,SAT-EO-01,2543,18.15,82.76,-71.3,-53.4208,-116.4742,,
2026-08-20T04:14:12Z,SAT-EO-01,2544,18.37,82.57,-71.91,-53.6008,-116.4492,,
2026-08-20T04:14:18Z,SAT-EO-01,2545,18.77,83.11,-74.06,-53.7798,-116.4239,,
2026-08-20T04:14:24Z,SAT-EO-01,2546,18.61,82.28,-71.22,-53.9554,-116.3988,,
2026-08-20T04:14:30Z,SAT-EO-01,2547,18.28,82.79,-71.07,-54.1274,-116.3738,,
2026-08-20T04:14:36Z,SAT-EO-01,2548,18.02,82.57,-71.67,-54.2959,-116.3491,,
2026-08-20T04:14:42Z,SAT-EO-01,2549,18.48,82.87,-72.93,-54.4657,-116.3237,,
2026-08-20T04:14:48Z,SAT-EO-01,2550,18.16,82.69,-71.97,-54.632,-116.2986,,
2026-08-20T04:14:54Z,SAT-EO-01,2551,18.09,83.12,-70.4,-54.7987,-116.273,,
2026-08-20T04:15:00Z,SAT-EO-01,2552,18.34,82.45,-72.21,-54.956,-116.2485,,
2026-08-20T04:15:06Z,SAT-EO-01,2553,18.34,82.22,-72.12,-55.1107,-116.224,,
2026-08-20T04:15:12Z,SAT-EO-01,2554,18.88,82.58,-72.75,-55.2651,-116.1992,,
2026-08-20T04:15:18Z,SAT-EO-01,2555,18.44,82.55,-72.29,-55.4167,-116.1745,,
2026-08-20T04:15:24Z,SAT-EO-01,2556,18.23,82.44,-71.58,-55.5674,-116.1496,,
2026-08-20T04:15:30Z,SAT-EO-01,2557,18.71,82.67,-72.02,-55.7195,-116.1239,,
2026-08-20T04:15:36Z,SAT-EO-01,2558,18.84,82.07,-71.52,-55.8676,-116.0986,,
2026-08-20T04:15:42Z,SAT-EO-01,2559,18.76,82.5,-72.27,-56.0115,-116.0735,,
2026-08-20T04:15:48Z,SAT-EO-01,2560,18.39,82.5,-72.47,-56.1544,-116.0482,,
2026-08-20T04:15:54Z,SAT-EO-01,2561,18.24,82.34,-73.02,-56.2921,-116.0233,,
2026-08-20T04:16:00Z,SAT-EO-01,2562,18.36,82.17,-71.33,-56.4311,-115.9978,,
2026-08-20T04:16:06Z,SAT-EO-01,2563,18.48,82.77,-73.15,-56.5639,-115.9729,,
2026-08-20T04:16:12Z,SAT-EO-01,2564,18.8,81.97,-72.88,-56.695,-115.9479,,
2026-08-20T04:16:18Z,SAT-EO-01,2565,17.97,82.62,-73.89,-56.8253,-115.9226,,
2026-08-20T04:16:24Z,SAT-EO-01,2566,17.7,81.94,-72.57,-56.9545,-115.897,,
2026-08-20T04:16:30Z,SAT-EO-01,2567,19.1,82.28,-72.61,-57.0805,-115.8715,,
2026-08-20T04:16:36Z,SAT-EO-01,2568,17.93,81.89,-71.65,-57.2042,-115.846,,
2026-08-20T04:16:43Z,SAT-EO-01,2569,18.11,82.42,-72.01,-57.3234,-115.8208,,
2026-08-20T04:16:48Z,SAT-EO-01,2570,18.19,82.49,-71.31,-57.4374,-115.7962,,
2026-08-20T04:16:54Z,SAT-EO-01,2571,17.71,82.02,-73.36,-57.5519,-115.771,,
2026-08-20T04:17:00Z,SAT-EO-01,2572,18.41,82.26,-72.18,-57.6624,-115.7461,,
2026-08-20T04:17:07Z,SAT-EO-01,2573,18.26,81.99,-72.09,-57.7734,-115.7205,,
2026-08-20T04:17:13Z,SAT-EO-01,2574,17.94,82.36,-73.57,-57.8807,-115.6951,,
2026-08-20T04:17:19Z,SAT-EO-01,2575,17.89,82.16,-72.6,-57.9864,-115.6695,,
2026-08-20T04:17:25Z,SAT-EO-01,2576,17.66,82.33,-73.37,-58.0886,-115.6442,,
2026-08-20T04:17:31Z,SAT-EO-01,2577,18.58,81.9,-71.56,-58.1858,-115.6194,,
2026-08-20T04:17:37Z,SAT-EO-01,2578,18.08,82.34,-73.53,-58.2797,-115.5948,,
2026-08-20T04:17:43Z,SAT-EO-01,2579,17.84,81.9,-73.85,-58.3744,-115.5694,,
2026-08-20T04:17:49Z,SAT-EO-01,2580,18.18,82.05,-72.37,-58.4663,-115.544,,
2026-08-20T04:17:55Z,SAT-EO-01,2581,17.87,82.46,-73.1,-58.554,-115.519,,
2026-08-20T04:18:01Z,SAT-EO-01,2582,18.15,82.23,-72.97,-58.6398,-115.4939,,
2026-08-20T04:18:07Z,SAT-EO-01,2583,18.37,82.03,-72.85,-58.7219,-115.4691,,
2026-08-20T04:18:13Z,SAT-EO-01,2584,17.9,82.26,-72.96,-58.8016,-115.4442,,
2026-08-20T04:18:19Z,SAT-EO-01,2585,18.14,82.06,-72.03,-58.8802,-115.4189,,
2026-08-20T04:18:25Z,SAT-EO-01,2586,18.1,82.13,-70.58,-58.9545,-115.3942,,
2026-08-20T04:18:31Z,SAT-EO-01,2587,17.57,82.06,-73.05,-59.027,-115.3692,,
2026-08-20T04:18:37Z,SAT-EO-01,2588,18.62,82.32,-73.73,-59.0984,-115.3436,,
2026-08-20T04:18:43Z,SAT-EO-01,2589,18.36,82.19,-73.2,-59.1671,-115.3181,,
2026-08-20T04:18:49Z,SAT-EO-01,2590,18.43,82.12,-73.81,-59.232,-115.2929,,
2026-08-20T04:18:55Z,SAT-EO-01,2591,18.12,82.5,-74.11,-59.2932,-115.2683,,
2026-08-20T04:19:01Z,SAT-EO-01,2592,17.84,82.01,-72.59,-59.3541,-115.2426,,
2026-08-20T04:19:07Z,SAT-EO-01,2593,18.11,81.83,-73.36,-59.4122,-115.2171,,
2026-08-20T04:19:14Z,SAT-EO-01,2594,18.48,81.78,-73.07,-59.4675,-115.1915,,
2026-08-20T04:19:20Z,SAT-EO-01,2595,18.36,82.18,-71.06,-59.5189,-115.1665,,
2026-08-20T04:19:25Z,SAT-EO-01,2596,17.68,81.65,-72.59,-59.5672,-115.1418,,
2026-08-20T04:19:32Z,SAT-EO-01,2597,17.3,81.99,-73.37,-59.6145,-115.1162,,
2026-08-20T04:19:38Z,SAT-EO-01,2598,17.78,82.23,-72.76,-59.6588,-115.0908,,
2026-08-20T04:19:44Z,SAT-EO-01,2599,18.06,82.04,-73.81,-59.6992,-115.0661,,
2026-08-20T04:19:50Z,SAT-EO-01,2600,18.41,81.89,-72.22,-59.7383,-115.0407,,
2026-08-20T04:19:56Z,SAT-EO-01,2601,17.96,81.64,-74.31,-59.7734,-115.0161,,
2026-08-20T04:20:02Z,SAT-EO-01,2602,17.8,81.84,-72.17,-59.806,-114.9915,,
2026-08-20T04:20:07Z,SAT-EO-01,2603,17.85,81.93,-71.23,-59.8362,-114.9668,,
2026-08-20T04:20:14Z,SAT-EO-01,2604,18.38,81.72,-72.16,-59.8645,-114.9416,,
2026-08-20T04:20:19Z,SAT-EO-01,2605,17.62,82.35,-73.42,-59.8896,-114.9168,,
2026-08-20T04:20:25Z,SAT-EO-01,2606,17.57,81.91,-72.58,-59.9121,-114.8921,,
2026-08-20T04:20:31Z,SAT-EO-01,2607,17.72,82.18,-73.5,-59.9319,-114.8676,,
2026-08-20T04:20:37Z,SAT-EO-01,2608,17.95,82.15,-72.53,-59.9493,-114.843,,
2026-08-20T04:20:43Z,SAT-EO-01,2609,17.7,81.91,-72.55,-59.9641,-114.8183,,
2026-08-20T04:20:49Z,SAT-EO-01,2610,18.72,82.1,-72.64,-59.9766,-114.793,,
2026-08-20T04:20:55Z,SAT-EO-01,2611,18.19,81.73,-72.9,-59.9862,-114.7686,,
2026-08-20T04:21:01Z,SAT-EO-01,2612,17.99,81.9,-72.34,-59.9934,-114.7434,,
2026-08-20T04:21:07Z,SAT-EO-01,2613,18.02,81.69,-73.26,-59.9981,-114.7178,,
2026-08-20T04:21:13Z,SAT-EO-01,2614,18.49,81.99,-72.8,-59.9999,-114.6928,,
2026-08-20T04:21:19Z,SAT-EO-01,2615,17.61,82.43,-72.96,-59.9992,-114.6677,,
2026-08-20T04:21:25Z,SAT-EO-01,2616,17.92,81.87,-73.41,-59.9959,-114.6433,,
2026-08-20T04:21:31Z,SAT-EO-01,2617,17.95,81.92,-72.79,-59.9899,-114.6181,,
2026-08-20T04:21:37Z,SAT-EO-01,2618,17.61,81.76,-72.3,-59.9812,-114.5929,,
2026-08-20T04:21:43Z,SAT-EO-01,2619,17.95,81.81,-73.35,-59.9702,-114.5684,,
2026-08-20T04:21:49Z,SAT-EO-01,2620,17.91,82.28,-71.89,-59.9563,-114.5433,,
2026-08-20T04:21:55Z,SAT-EO-01,2621,17.61,82.0,-72.21,-59.9396,-114.5178,,
2026-08-20T04:22:01Z,SAT-EO-01,2622,17.57,82.5,-72.72,-59.9203,-114.4927,,
2026-08-20T04:22:07Z,SAT-EO-01,2623,18.08,82.25,-73.55,-59.8984,-114.4675,,
2026-08-20T04:22:13Z,SAT-EO-01,2624,18.29,81.96,-72.32,-59.8738,-114.4423,,
2026-08-20T04:22:19Z,SAT-EO-01,2625,17.95,82.04,-73.79,-59.8464,-114.4169,,
2026-08-20T04:22:26Z,SAT-EO-01,2626,18.09,82.01,-72.93,-59.816,-114.3914,,
2026-08-20T04:22:31Z,SAT-EO-01,2627,17.41,82.29,-72.92,-59.7842,-114.3668,,
2026-08-20T04:22:37Z,SAT-EO-01,2628,17.84,82.07,-72.74,-59.7495,-114.342,,
2026-08-20T04:22:44Z,SAT-EO-01,2629,17.77,81.82,-72.42,-59.7113,-114.3166,,
2026-08-20T04:22:50Z,SAT-EO-01,2630,17.77,82.2,-72.65,-59.6702,-114.291,,
2026-08-20T04:22:56Z,SAT-EO-01,2631,17.59,81.57,-73.38,-59.6271,-114.2658,,
2026-08-20T04:23:02Z,SAT-EO-01,2632,18.66,81.62,-72.56,-59.5815,-114.2408,,
2026-08-20T04:23:08Z,SAT-EO-01,2633,17.21,81.9,-73.07,-59.5334,-114.2158,,
2026-08-20T04:23:14Z,SAT-EO-01,2634,18.49,81.98,-72.46,-59.4825,-114.1907,,
2026-08-20T04:23:20Z,SAT-EO-01,2635,17.73,81.83,-72.68,-59.4304,-114.1663,,
2026-08-20T04:23:25Z,SAT-EO-01,2636,18.29,82.42,-72.27,-59.3758,-114.1418,,
2026-08-20T04:23:32Z,SAT-EO-01,2637,17.68,81.88,-72.31,-59.3163,-114.1163,,
2026-08-20T04:23:38Z,SAT-EO-01,2638,17.97,82.07,-71.48,-59.2551,-114.0912,,
2026-08-20T04:23:43Z,SAT-EO-01,2639,18.08,81.91,-73.57,-59.1929,-114.0668,,
2026-08-20T04:23:50Z,SAT-EO-01,2640,18.31,82.01,-71.81,-59.126,-114.0415,,
2026-08-20T04:23:56Z,SAT-EO-01,2641,18.66,81.88,-73.62,-59.0564,-114.0162,,
2026-08-20T04:24:02Z,SAT-EO-01,2642,17.46,82.28,-73.59,-58.9862,-113.9917,,
2026-08-20T04:24:08Z,SAT-EO-01,2643,17.66,82.03,-73.08,-58.9107,-113.9661,,
2026-08-20T04:24:14Z,SAT-EO-01,2644,17.47,82.33,-73.47,-58.835,-113.9414,,
2026-08-20T04:24:19Z,SAT-EO-01,2645,18.59,82.19,-72.22,-58.7578,-113.917,,
2026-08-20T04:24:25Z,SAT-EO-01,2646,17.57,81.98,-71.14,-58.6755,-113.8918,,
2026-08-20T04:24:31Z,SAT-EO-01,2647,18.28,82.33,-73.26,-58.592,-113.867,,
2026-08-20T04:24:37Z,SAT-EO-01,2648,18.01,82.22,-73.39,-58.5071,-113.8425,,
2026-08-20T04:24:43Z,SAT-EO-01,2649,18.54,81.99,-71.89,-58.4199,-113.8181,,
2026-08-20T04:24:49Z,SAT-EO-01,2650,17.85,82.4,-73.4,-58.327,-113.7928,,
2026-08-20T04:24:55Z,SAT-EO-01,2651,17.67,82.09,-71.99,-58.2315,-113.7675,,
2026-08-20T04:25:01Z,SAT-EO-01,2652,18.15,82.35,-73.38,-58.1339,-113.7423,,
2026-08-20T04:25:07Z,SAT-EO-01,2653,18.69,82.38,-71.52,-58.0348,-113.7174,,
2026-08-20T04:25:13Z,SAT-EO-01,2654,18.18,81.98,-72.32,-57.9316,-113.6921,,
2026-08-20T04:25:19Z,SAT-EO-01,2655,17.57,82.23,-71.91,-57.8253,-113.6667,,
2026-08-20T04:25:25Z,SAT-EO-01,2656,18.5,82.23,-72.42,-57.7201,-113.6421,,
2026-08-20T04:25:31Z,SAT-EO-01,2657,17.49,82.16,-72.77,-57.6088,-113.6168,,
2026-08-20T04:25:38Z,SAT-EO-01,2658,18.08,82.03,-72.4,-57.4958,-113.5916,,
2026-08-20T04:25:43Z,SAT-EO-01,2659,18.24,82.25,-72.7,-57.3833,-113.5671,,
2026-08-20T04:25:49Z,SAT-EO-01,2660,18.25,82.39,-72.01,-57.2658,-113.542,,
2026-08-20T04:25:56Z,SAT-EO-01,2661,18.37,82.44,-73.86,-57.1435,-113.5164,,
2026-08-20T04:26:01Z,SAT-EO-01,2662,18.45,82.62,-73.6,-57.023,-113.4918,,
2026-08-20T04:26:07Z,SAT-EO-01,2663,18.15,81.94,-72.01,-56.9004,-113.4672,,
2026-08-20T04:26:13Z,SAT-EO-01,2664,17.74,82.58,-71.42,-56.7705,-113.4417,,
2026-08-20T04:26:20Z,SAT-EO-01,2665,17.77,82.38,-72.57,-56.6403,-113.4166,,
2026-08-20T04:26:25Z,SAT-EO-01,2666,18.41,82.23,-71.89,-56.5109,-113.3921,,
2026-08-20T04:26:31Z,SAT-EO-01,2667,18.62,82.54,-71.56,-56.3772,-113.3672,,
2026-08-20T04:26:37Z,SAT-EO-01,2668,18.17,82.22,-72.63,-56.2421,-113.3426,,
2026-08-20T04:26:43Z,SAT-EO-01,2669,18.94,82.13,-72.03,-56.1018,-113.3175,,
2026-08-20T04:26:49Z,SAT-EO-01,2670,18.85,82.43,-71.92,-55.9589,-113.2923,,
2026-08-20T04:26:55Z,SAT-EO-01,2671,18.58,82.86,-72.54,-55.8156,-113.2675,,
2026-08-20T04:27:01Z,SAT-EO-01,2672,17.93,82.19,-72.41,-55.669,-113.2425,,
2026-08-20T04:27:07Z,SAT-EO-01,2673,18.3,82.92,-71.6,-55.5166,-113.217,,
2026-08-20T04:27:13Z,SAT-EO-01,2674,18.45,82.61,-73.41,-55.3676,-113.1924,,
2026-08-20T04:27:19Z,SAT-EO-01,2675,17.62,82.39,-72.77,-55.2112,-113.1671,,
2026-08-20T04:27:25Z,SAT-EO-01,2676,18.18,82.55,-71.62,-55.0523,-113.1417,,
2026-08-20T04:27:32Z,SAT-EO-01,2677,18.36,82.92,-72.58,-54.8897,-113.1161,,
2026-08-20T04:27:38Z,SAT-EO-01,2678,19.05,82.65,-72.26,-54.7278,-113.0911,,
2026-08-20T04:27:44Z,SAT-EO-01,2679,18.56,82.74,-72.57,-54.5676,-113.0666,,
2026-08-20T04:27:50Z,SAT-EO-01,2680,18.03,82.26,-71.35,-54.4016,-113.0416,,
2026-08-20T04:27:56Z,SAT-EO-01,2681,18.33,82.64,-71.52,-54.2322,-113.0165,,
2026-08-20T04:28:01Z,SAT-EO-01,2682,17.49,82.41,-71.74,-54.0643,-112.992,,
2026-08-20T04:28:07Z,SAT-EO-01,2683,18.16,82.64,-72.68,-53.89,-112.9668,,
2026-08-20T04:28:13Z,SAT-EO-01,2684,18.3,82.31,-72.37,-53.7155,-112.942,,
2026-08-20T04:28:19Z,SAT-EO-01,2685,18.42,82.94,-72.27,-53.5361,-112.9168,,
2026-08-20T04:28:26Z,SAT-EO-01,2686,18.21,82.42,-69.94,-53.3526,-112.8913,,
2026-08-20T04:28:31Z,SAT-EO-01,2687,17.91,82.7,-71.68,-53.1731,-112.8668,,
2026-08-20T04:28:37Z,SAT-EO-01,2688,18.23,83.06,-71.87,-52.9906,-112.8421,,
2026-08-20T04:28:43Z,SAT-EO-01,2689,18.16,82.68,-71.24,-52.8031,-112.8171,,
2026-08-20T04:28:49Z,SAT-EO-01,2690,18.98,82.7,-72.51,-52.6138,-112.7921,,
2026-08-20T04:28:56Z,SAT-EO-01,2691,17.7,83.01,-70.36,-52.4175,-112.7666,,
2026-08-20T04:29:01Z,SAT-EO-01,2692,18.62,82.99,-72.53,-52.2248,-112.7418,,
2026-08-20T04:29:08Z,SAT-EO-01,2693,18.82,83.02,-72.04,-52.0266,-112.7166,,
2026-08-20T04:29:14Z,SAT-EO-01,2694,18.54,83.45,-72.32,-51.8232,-112.691,,
2026-08-20T04:29:20Z,SAT-EO-01,2695,18.13,83.03,-70.85,-51.6204,-112.6658,,
2026-08-20T04:29:26Z,SAT-EO-01,2696,18.86,82.75,-71.43,-51.4165,-112.6407,,
2026-08-20T04:29:32Z,SAT-EO-01,2697,18.21,82.75,-71.18,-51.2151,-112.6162,,
2026-08-20T04:29:38Z,SAT-EO-01,2698,19.42,83.04,-71.17,-51.0108,-112.5916,,
2026-08-20T04:29:43Z,SAT-EO-01,2699,19.07,83.07,-71.57,-50.8049,-112.5671,,
2026-08-20T04:29:49Z,SAT-EO-01,2700,18.9,83.46,-69.76,-50.5976,-112.5427,,
2026-08-20T04:29:55Z,SAT-EO-01,2701,18.82,83.18,-70.84,-50.3798,-112.5173,,
2026-08-20T04:30:01Z,SAT-EO-01,2702,18.76,82.54,-71.2,-50.1578,-112.4917,,
2026-08-20T04:30:08Z,SAT-EO-01,2703,18.76,83.0,-71.41,-49.9377,-112.4666,,
2026-08-20T04:30:14Z,SAT-EO-01,2704,18.91,83.17,-70.58,-49.7174,-112.4416,,
2026-08-20T04:30:19Z,SAT-EO-01,2705,19.1,82.54,-70.13,-49.4958,-112.4168,,
2026-08-20T04:30:25Z,SAT-EO-01,2706,18.99,83.29,-69.98,-49.2709,-112.3919,,
2026-08-20T04:30:31Z,SAT-EO-01,2707,19.27,83.51,-71.54,-49.0452,-112.3671,,
2026-08-20T04:30:37Z,SAT-EO-01,2708,18.87,83.05,-71.76,-48.8194,-112.3425,,
2026-08-20T04:30:43Z,SAT-EO-01,2709,18.54,83.06,-72.13,-48.5856,-112.3173,,
2026-08-20T04:30:49Z,SAT-EO-01,2710,18.93,83.33,-71.57,-48.3472,-112.2918,,
2026-08-20T04:30:56Z,SAT-EO-01,2711,18.36,83.6,-69.51,-48.107,-112.2664,,
2026-08-20T04:31:02Z,SAT-EO-01,2712,18.68,83.34,-70.21,-47.8631,-112.2408,,
2026-08-20T04:31:08Z,SAT-EO-01,2713,18.76,83.57,-69.48,-47.6167,-112.2152,,
2026-08-20T04:31:14Z,SAT-EO-01,2714,18.77,83.48,-72.02,-47.3727,-112.19,,
2026-08-20T04:31:20Z,SAT-EO-01,2715,18.77,83.75,-70.28,-47.1229,-112.1645,,
2026-08-20T04:31:26Z,SAT-EO-01,2716,18.72,83.3,-70.64,-46.8802,-112.1399,,
2026-08-20T04:31:32Z,SAT-EO-01,2717,19.24,83.49,-70.97,-46.6262,-112.1143,,
2026-08-20T04:31:38Z,SAT-EO-01,2718,19.01,83.39,-70.56,-46.3703,-112.0888,,
2026-08-20T04:31:44Z,SAT-EO-01,2719,19.25,83.58,-69.93,-46.1224,-112.0643,,
2026-08-20T04:31:50Z,SAT-EO-01,2720,19.2,83.71,-71.53,-45.8693,-112.0395,,
2026-08-20T04:31:56Z,SAT-EO-01,2721,18.81,83.82,-70.37,-45.6107,-112.0143,,
2026-08-20T04:32:02Z,SAT-EO-01,2722,19.24,83.13,-69.55,-45.3474,-111.9889,,
2026-08-20T04:32:08Z,SAT-EO-01,2723,19.48,83.8,-70.29,-45.0803,-111.9633,,
2026-08-20T04:32:14Z,SAT-EO-01,2724,19.25,83.63,-70.76,-44.8168,-111.9382,,
2026-08-20T04:32:20Z,SAT-EO-01,2725,18.81,83.45,-71.01,-44.5552,-111.9135,,
2026-08-20T04:32:26Z,SAT-EO-01,2726,19.12,83.94,-68.68,-44.2946,-111.8891,,
2026-08-20T04:32:32Z,SAT-EO-01,2727,19.58,83.97,-68.7,-44.0267,-111.8642,,
2026-08-20T04:32:38Z,SAT-EO-01,2728,18.88,83.83,-69.25,-43.75,-111.8386,,
2026-08-20T04:32:44Z,SAT-EO-01,2729,19.32,83.61,-70.14,-43.4755,-111.8134,,
2026-08-20T04:32:50Z,SAT-EO-01,2730,19.4,83.83,-70.04,-43.1952,-111.7879,,
2026-08-20T04:32:56Z,SAT-EO-01,2731,19.08,84.2,-70.59,-42.9176,-111.7628,,
2026-08-20T04:33:02Z,SAT-EO-01,2732,19.62,84.01,-69.86,-42.6436,-111.7382,,
2026-08-20T04:33:08Z,SAT-EO-01,2733,19.72,84.57,-69.79,-42.3621,-111.713,,
2026-08-20T04:33:14Z,SAT-EO-01,2734,19.55,84.03,-69.73,-42.0815,-111.6881,,
2026-08-20T04:33:20Z,SAT-EO-01,2735,19.41,84.25,-69.5,-41.7971,-111.6631,,
2026-08-20T04:33:26Z,SAT-EO-01,2736,19.76,84.15,-69.81,-41.5066,-111.6377,,
2026-08-20T04:33:32Z,SAT-EO-01,2737,20.07,84.15,-69.67,-41.2239,-111.6131,,
2026-08-20T04:33:38Z,SAT-EO-01,2738,19.41,83.91,-70.12,-40.9318,-111.5878,,
2026-08-20T04:33:44Z,SAT-EO-01,2739,19.29,83.76,-70.27,-40.6429,-111.563,,
2026-08-20T04:33:50Z,SAT-EO-01,2740,19.13,84.48,-68.95,-40.3545,-111.5384,,
2026-08-20T04:33:56Z,SAT-EO-01,2741,19.77,84.27,-69.56,-40.0579,-111.5132,,
2026-08-20T04:34:02Z,SAT-EO-01,2742,18.98,84.86,-70.87,-39.7677,-111.4887,,
2026-08-20T04:34:08Z,SAT-EO-01,2743,19.71,83.9,-69.89,-39.4694,-111.4637,,
2026-08-20T04:34:14Z,SAT-EO-01,2744,19.6,84.19,-69.46,-39.1761,-111.4392,,
2026-08-20T04:34:20Z,SAT-EO-01,2745,19.67,84.15,-70.28,-38.8819,-111.4148,,
2026-08-20T04:34:26Z,SAT-EO-01,2746,19.83,84.61,-70.43,-38.5763,-111.3896,,
2026-08-20T04:34:32Z,SAT-EO-01,2747,19.36,84.48,-69.18,-38.2728,-111.3647,,
2026-08-20T04:34:38Z,SAT-EO-01,2748,19.46,84.95,-68.78,-37.9596,-111.3392,,
2026-08-20T04:34:44Z,SAT-EO-01,2749,19.62,84.57,-67.48,-37.6474,-111.3139,,
2026-08-20T04:34:50Z,SAT-EO-01,2750,20.03,84.57,-69.84,-37.3369,-111.2888,,
2026-08-20T04:34:56Z,SAT-EO-01,2751,19.29,84.58,-67.84,-37.0324,-111.2644,,
2026-08-20T04:35:02Z,SAT-EO-01,2752,19.95,84.22,-70.18,-36.7189,-111.2393,,
2026-08-20T04:35:08Z,SAT-EO-01,2753,20.02,84.54,-69.58,-36.3989,-111.2139,,
2026-08-20T04:35:14Z,SAT-EO-01,2754,20.32,84.56,-69.22,-36.0858,-111.1892,,
2026-08-20T04:35:20Z,SAT-EO-01,2755,19.79,84.81,-68.17,-35.7752,-111.1647,,
2026-08-20T04:35:26Z,SAT-EO-01,2756,19.85,84.71,-69.26,-35.4601,-111.14,,
2026-08-20T04:35:32Z,SAT-EO-01,2757,20.27,84.95,-69.06,-35.1381,-111.115,,
2026-08-20T04:35:38Z,SAT-EO-01,2758,19.95,85.67,-68.64,-34.8182,-111.0902,,
2026-08-20T04:35:44Z,SAT-EO-01,2759,20.21,84.98,-68.14,-34.489,-111.0648,,
2026-08-20T04:35:50Z,SAT-EO-01,2760,20.08,85.12,-68.25,-34.1692,-111.0402,,
2026-08-20T04:35:56Z,SAT-EO-01,2761,19.95,84.93,-68.02,-33.8477,-111.0156,,
2026-08-20T04:36:02Z,SAT-EO-01,2762,19.55,84.84,-70.4,-33.5137,-110.9902,,
2026-08-20T04:36:08Z,SAT-EO-01,2763,20.1,85.17,-70.05,-33.1758,-110.9646,,
2026-08-20T04:36:14Z,SAT-EO-01,2764,19.91,85.02,-68.54,-32.8459,-110.9397,,
2026-08-20T04:36:20Z,SAT-EO-01,2765,20.03,85.06,-68.37,-32.517,-110.915,,
2026-08-20T04:36:26Z,SAT-EO-01,2766,20.16,85.51,-67.97,-32.1871,-110.8903,,
2026-08-20T04:36:32Z,SAT-EO-01,2767,19.77,85.16,-69.12,-31.8486,-110.8651,,
2026-08-20T04:36:38Z,SAT-EO-01,2768,21.06,84.84,-69.22,-31.5077,-110.8398,,
2026-08-20T04:36:44Z,SAT-EO-01,2769,19.92,85.15,-68.83,-31.1728,-110.8151,,
2026-08-20T04:36:50Z,SAT-EO-01,2770,19.94,85.55,-69.18,-30.841,-110.7906,,
2026-08-20T04:36:56Z,SAT-EO-01,2771,20.64,85.68,-68.13,-30.5029,-110.7659,,
2026-08-20T04:37:02Z,SAT-EO-01,2772,20.27,85.44,-68.36,-30.1687,-110.7415,,
2026-08-20T04:37:07Z,SAT-EO-01,2773,20.39,85.23,-69.28,-29.828,-110.7167,,
2026-08-20T04:37:14Z,SAT-EO-01,2774,20.69,85.38,-67.06,-29.4824,-110.6916,,
2026-08-20T04:37:20Z,SAT-EO-01,2775,19.85,85.75,-67.96,-29.13,-110.6662,,
2026-08-20T04:37:26Z,SAT-EO-01,2776,20.37,85.24,-68.97,-28.7758,-110.6407,,
2026-08-20T04:37:32Z,SAT-EO-01,2777,20.01,85.7,-69.22,-28.4316,-110.616,,
2026-08-20T04:37:38Z,SAT-EO-01,2778,20.16,85.51,-67.27,-28.0733,-110.5904,,
2026-08-20T04:37:44Z,SAT-EO-01,2779,19.9,85.79,-67.28,-27.7291,-110.566,,
2026-08-20T04:37:50Z,SAT-EO-01,2780,20.49,85.97,-66.52,-27.3745,-110.5408,,
2026-08-20T04:37:56Z,SAT-EO-01,2781,20.48,86.04,-68.53,-27.0133,-110.5153,,
2026-08-20T04:38:02Z,SAT-EO-01,2782,19.84,85.89,-66.36,-26.6639,-110.4907,,
2026-08-20T04:38:08Z,SAT-EO-01,2783,20.49,85.58,-68.02,-26.3149,-110.4662,,
2026-08-20T04:38:14Z,SAT-EO-01,2784,20.89,86.18,-69.62,-25.9544,-110.4409,,
2026-08-20T04:38:20Z,SAT-EO-01,2785,20.44,86.05,-69.61,-25.597,-110.416,,
2026-08-20T04:38:26Z,SAT-EO-01,2786,20.59,86.08,-69.64,-25.2407,-110.3912,,
2026-08-20T04:38:32Z,SAT-EO-01,2787,21.17,85.97,-68.38,-24.8736,-110.3658,,
2026-08-20T04:38:38Z,SAT-EO-01,2788,20.95,86.4,-68.36,-24.5139,-110.3409,,
2026-08-20T04:38:44Z,SAT-EO-01,2789,21.07,85.89,-69.43,-24.1594,-110.3165,,
2026-08-20T04:38:50Z,SAT-EO-01,2790,21.37,86.15,-69.02,-23.7949,-110.2914,,
2026-08-20T04:38:56Z,SAT-EO-01,2791,20.65,86.38,-67.63,-23.4301,-110.2664,,
2026-08-20T04:39:01Z,SAT-EO-01,2792,21.09,86.05,-68.58,-23.073,-110.242,,
2026-08-20T04:39:07Z,SAT-EO-01,2793,20.34,85.99,-67.05,-22.7084,-110.2172,,
2026-08-20T04:39:13Z,SAT-EO-01,2794,20.29,86.48,-67.52,-22.3468,-110.1926,,
2026-08-20T04:39:19Z,SAT-EO-01,2795,20.7,86.59,-67.78,-21.9784,-110.1676,,
2026-08-20T04:39:25Z,SAT-EO-01,2796,20.83,86.71,-67.66,-21.6095,-110.1427,,
2026-08-20T04:39:31Z,SAT-EO-01,2797,21.36,86.69,-68.13,-21.2301,-110.1171,,
2026-08-20T04:39:37Z,SAT-EO-01,2798,21.51,86.79,-68.99,-20.8595,-110.0921,,
2026-08-20T04:39:43Z,SAT-EO-01,2799,20.57,86.72,-67.85,-20.4928,-110.0675,,
2026-08-20T04:39:49Z,SAT-EO-01,2800,20.82,86.7,-68.71,-20.1244,-110.0429,,
2026-08-20T04:39:55Z,SAT-EO-01,2801,20.85,86.14,-68.32,-19.7505,-110.0179,,
2026-08-20T04:40:01Z,SAT-EO-01,2802,20.6,86.71,-67.52,-19.3725,-109.9927,,
2026-08-20T04:40:07Z,SAT-EO-01,2803,20.98,86.69,-67.67,-18.9901,-109.9673,,
2026-08-20T04:40:13Z,SAT-EO-01,2804,21.4,86.97,-67.95,-18.6213,-109.9428,,
2026-08-20T04:40:19Z,SAT-EO-01,2805,21.23,86.96,-66.6,-18.24,-109.9176,,
2026-08-20T04:40:25Z,SAT-EO-01,2806,20.93,86.73,-67.78,-17.8661,-109.8929,,
2026-08-20T04:40:31Z,SAT-EO-01,2807,21.25,86.5,-67.14,-17.4786,-109.8673,,
2026-08-20T04:40:37Z,SAT-EO-01,2808,21.18,87.13,-67.17,-17.1017,-109.8425,,
2026-08-20T04:40:43Z,SAT-EO-01,2809,21.73,86.88,-67.32,-16.7222,-109.8176,,
2026-08-20T04:40:49Z,SAT-EO-01,2810,21.38,87.03,-66.74,-16.346,-109.793,,
2026-08-20T04:40:55Z,SAT-EO-01,2811,21.16,87.25,-67.06,-15.9623,-109.7679,,
2026-08-20T04:41:01Z,SAT-EO-01,2812,21.81,87.11,-68.38,-15.5719,-109.7424,,
2026-08-20T04:41:07Z,SAT-EO-01,2813,21.82,87.05,-66.64,-15.1819,-109.717,,
2026-08-20T04:41:13Z,SAT-EO-01,2814,22.02,87.16,-66.89,-14.7971,-109.6919,,
2026-08-20T04:41:19Z,SAT-EO-01,2815,21.53,87.04,-67.98,-14.4133,-109.667,,
2026-08-20T04:41:25Z,SAT-EO-01,2816,21.03,87.19,-65.89,-14.0284,-109.642,,
2026-08-20T04:41:32Z,SAT-EO-01,2817,21.2,87.47,-65.74,-13.6352,-109.6166,,
2026-08-20T04:41:37Z,SAT-EO-01,2818,21.62,87.73,-67.45,-13.2535,-109.5919,,
2026-08-20T04:41:43Z,SAT-EO-01,2819,21.4,87.08,-67.96,-12.8726,-109.5673,,
2026-08-20T04:41:49Z,SAT-EO-01,2820,22.07,87.48,-67.87,-12.4765,-109.5418,,
2026-08-20T04:41:56Z,SAT-EO-01,2821,21.83,87.3,-66.12,-12.084,-109.5165,,
2026-08-20T04:42:01Z,SAT-EO-01,2822,21.71,87.6,-65.15,-11.6983,-109.4917,,
2026-08-20T04:42:08Z,SAT-EO-01,2823,21.95,87.91,-67.16,-11.3001,-109.4662,,
2026-08-20T04:42:14Z,SAT-EO-01,2824,21.47,87.7,-67.02,-10.9108,-109.4412,,
2026-08-20T04:42:20Z,SAT-EO-01,2825,21.19,87.64,-66.3,-10.5248,-109.4165,,
2026-08-20T04:42:26Z,SAT-EO-01,2826,21.8,87.91,-68.57,-10.1274,-109.3911,,
2026-08-20T04:42:32Z,SAT-EO-01,2827,21.71,88.06,-68.42,-9.7442,-109.3666,,
2026-08-20T04:42:38Z,SAT-EO-01,2828,21.5,87.74,-68.24,-9.3532,-109.3417,,
2026-08-20T04:42:44Z,SAT-EO-01,2829,21.65,88.17,-66.28,-8.9552,-109.3163,,
2026-08-20T04:42:49Z,SAT-EO-01,2830,21.83,87.94,-66.86,-8.5714,-109.2918,,
2026-08-20T04:42:56Z,SAT-EO-01,2831,22.37,88.58,-66.69,-8.1749,-109.2666,,
2026-08-20T04:43:02Z,SAT-EO-01,2832,21.19,88.25,-67.57,-7.7755,-109.2412,,
2026-08-20T04:43:08Z,SAT-EO-01,2833,22.15,87.96,-67.07,-7.3838,-109.2164,,
2026-08-20T04:43:13Z,SAT-EO-01,2834,21.66,88.48,-68.42,-6.9984,-109.1919,,
2026-08-20T04:43:19Z,SAT-EO-01,2835,21.5,87.75,-67.27,-6.603,-109.1668,,
2026-08-20T04:43:26Z,SAT-EO-01,2836,21.5,88.26,-67.01,-6.1995,-109.1413,,
2026-08-20T04:43:31Z,SAT-EO-01,2837,22.08,88.51,-65.86,-5.814,-109.1168,,
2026-08-20T04:43:37Z,SAT-EO-01,2838,22.16,88.49,-67.06,-5.4226,-109.0921,,
2026-08-20T04:43:43Z,SAT-EO-01,2839,22.35,88.24,-67.39,-5.0238,-109.0669,,
2026-08-20T04:43:50Z,SAT-EO-01,2840,21.64,88.43,-66.21,-4.62,-109.0413,,
2026-08-20T04:43:56Z,SAT-EO-01,2841,21.63,88.59,-67.44,-4.226,-109.0165,,
2026-08-20T04:44:02Z,SAT-EO-01,2842,22.02,88.46,-67.03,-3.8306,-108.9915,,
2026-08-20T04:44:07Z,SAT-EO-01,2843,22.77,88.35,-67.35,-3.4415,-108.9669,,
2026-08-20T04:44:13Z,SAT-EO-01,2844,21.76,88.56,-66.43,-3.0441,-108.9419,,
2026-08-20T04:44:19Z,SAT-EO-01,2845,22.89,88.67,-67.16,-2.6549,-108.9173,,
2026-08-20T04:44:25Z,SAT-EO-01,2846,22.0,88.73,-67.43,-2.268,-108.8929,,
2026-08-20T04:44:31Z,SAT-EO-01,2847,22.47,89.06,-68.8,-1.8754,-108.8682,,
2026-08-20T04:44:37Z,SAT-EO-01,2848,22.0,89.14,-66.0,-1.4788,-108.8432,,
2026-08-20T04:44:43Z,SAT-EO-01,2849,22.31,89.27,-65.76,-1.0751,-108.8177,,
2026-08-20T04:44:49Z,SAT-EO-01,2850,22.78,89.47,-67.29,-0.6781,-108.7927,,
2026-08-20T04:44:55Z,SAT-EO-01,2851,22.91,89.36,-66.3,-0.2801,-108.7676,,
2026-08-20T04:45:01Z,SAT-EO-01,2852,22.98,88.88,-65.48,0.1171,-108.7426,,
2026-08-20T04:45:07Z,SAT-EO-01,2853,22.67,89.08,-68.0,0.5088,-108.7179,,
2026-08-20T04:45:13Z,SAT-EO-01,2854,22.0,89.26,-68.14,0.8997,-108.6933,,
2026-08-20T04:45:19Z,SAT-EO-01,2855,22.97,89.13,-68.4,1.3002,-108.6681,,
2026-08-20T04:45:25Z,SAT-EO-01,2856,22.47,89.16,-66.87,1.7047,-108.6426,,
2026-08-20T04:45:31Z,SAT-EO-01,2857,22.57,89.12,-66.96,2.092,-108.6182,,
2026-08-20T04:45:37Z,SAT-EO-01,2858,22.84,89.26,-66.22,2.486,-108.5933,,
2026-08-20T04:45:43Z,SAT-EO-01,2859,22.73,89.64,-67.47,2.8788,-108.5686,,
2026-08-20T04:45:49Z,SAT-EO-01,2860,22.93,89.37,-65.85,3.2765,-108.5435,,
2026-08-20T04:45:55Z,SAT-EO-01,2861,22.55,89.55,-67.59,3.6636,-108.5191,,
2026-08-20T04:46:01Z,SAT-EO-01,2862,22.88,89.23,-67.62,4.0684,-108.4935,,
2026-08-20T04:46:07Z,SAT-EO-01,2863,22.87,89.57,-67.04,4.4569,-108.469,,
2026-08-20T04:46:13Z,SAT-EO-01,2864,23.46,89.6,-67.81,4.8521,-108.444,,
2026-08-20T04:46:19Z,SAT-EO-01,2865,22.5,89.54,-67.34,5.2425,-108.4193,,
2026-08-20T04:46:25Z,SAT-EO-01,2866,23.02,89.73,-68.2,5.6315,-108.3947,,
2026-08-20T04:46:31Z,SAT-EO-01,2867,22.76,89.64,-65.74,6.0322,-108.3693,,
2026-08-20T04:46:37Z,SAT-EO-01,2868,22.9,89.62,-66.66,6.4214,-108.3447,,
2026-08-20T04:46:43Z,SAT-EO-01,2869,22.56,89.51,-67.74,6.8101,-108.32,,
2026-08-20T04:46:49Z,SAT-EO-01,2870,23.25,89.75,-66.81,7.2123,-108.2945,,
2026-08-20T04:46:55Z,SAT-EO-01,2871,22.94,89.84,-66.08,7.6134,-108.2691,,
2026-08-20T04:47:01Z,SAT-EO-01,2872,23.55,90.22,-66.39,7.9989,-108.2446,,
2026-08-20T04:47:07Z,SAT-EO-01,2873,23.06,89.88,-67.77,8.3863,-108.2199,,
2026-08-20T04:47:13Z,SAT-EO-01,2874,22.89,89.57,-66.5,8.7731,-108.1953,,
2026-08-20T04:47:19Z,SAT-EO-01,2875,23.14,89.74,-67.15,9.1717,-108.1699,,
2026-08-20T04:47:25Z,SAT-EO-01,2876,23.1,89.9,-67.17,9.555,-108.1455,,
2026-08-20T04:47:31Z,SAT-EO-01,2877,23.0,90.31,-66.13,9.9483,-108.1204,,
2026-08-20T04:47:37Z,SAT-EO-01,2878,23.37,90.27,-67.01,10.3447,-108.095,,
2026-08-20T04:47:43Z,SAT-EO-01,2879,23.8,89.77,-66.66,10.7439,-108.0695,,
2026-08-20T04:47:49Z,SAT-EO-01,2880,23.68,90.06,-67.92,11.1437,-108.0439,,
2026-08-20T04:47:55Z,SAT-EO-01,2881,23.2,90.41,-66.53,11.528,-108.0192,,
2026-08-20T04:48:01Z,SAT-EO-01,2882,23.77,90.57,-68.32,11.9124,-107.9945,,
2026-08-20T04:48:07Z,SAT-EO-01,2883,23.45,90.55,-67.28,12.3061,-107.9692,,
2026-08-20T04:48:13Z,SAT-EO-01,2884,23.64,90.41,-68.05,12.7,-107.9438,,
2026-08-20T04:48:19Z,SAT-EO-01,2885,23.24,90.43,-68.03,13.0832,-107.9191,,
2026-08-20T04:48:25Z,SAT-EO-01,2886,23.32,90.36,-68.0,13.4719,-107.894,,
2026-08-20T04:48:31Z,SAT-EO-01,2887,23.25,90.7,-67.75,13.8581,-107.869,,
2026-08-20T04:48:37Z,SAT-EO-01,2888,23.33,91.05,-68.63,14.253,-107.8434,,
2026-08-20T04:48:43Z,SAT-EO-01,2889,23.32,90.7,-67.39,14.6332,-107.8187,,
2026-08-20T04:48:49Z,SAT-EO-01,2890,23.44,90.85,-68.01,15.0158,-107.7939,,
2026-08-20T04:48:55Z,SAT-EO-01,2891,24.22,90.46,-66.04,15.4091,-107.7682,,
2026-08-20T04:49:01Z,SAT-EO-01,2892,23.59,90.39,-67.34,15.7851,-107.7437,,
2026-08-20T04:49:07Z,SAT-EO-01,2893,23.35,90.83,-67.76,16.1612,-107.7191,,
2026-08-20T04:49:13Z,SAT-EO-01,2894,24.39,90.99,-67.42,16.5436,-107.6941,,
2026-08-20T04:49:19Z,SAT-EO-01,2895,24.01,90.87,-69.47,16.917,-107.6696,,
2026-08-20T04:49:25Z,SAT-EO-01,2896,24.03,90.76,-68.38,17.2937,-107.6448,,
2026-08-20T04:49:31Z,SAT-EO-01,2897,24.15,91.37,-68.04,17.6806,-107.6194,,
2026-08-20T04:49:37Z,SAT-EO-01,2898,24.13,91.48,-67.71,18.0617,-107.5942,,
2026-08-20T04:49:43Z,SAT-EO-01,2899,24.18,91.23,-68.1,18.4361,-107.5694,,
2026-08-20T04:49:49Z,SAT-EO-01,2900,23.86,91.52,-68.53,18.8136,-107.5444,,
2026-08-20T04:49:55Z,SAT-EO-01,2901,22.9,90.92,-68.21,19.1985,-107.5189,,
2026-08-20T04:50:01Z,SAT-EO-01,2902,24.07,91.34,-67.17,19.5695,-107.4942,,
2026-08-20T04:50:07Z,SAT-EO-01,2903,24.22,91.07,-67.17,19.935,-107.4698,,
2026-08-20T04:50:13Z,SAT-EO-01,2904,24.19,91.39,-67.09,20.305,-107.445,,
2026-08-20T04:50:19Z,SAT-EO-01,2905,23.71,91.47,-67.11,20.6816,-107.4198,,
2026-08-20T04:50:25Z,SAT-EO-01,2906,23.87,91.47,-66.74,21.0559,-107.3946,,
2026-08-20T04:50:31Z,SAT-EO-01,2907,23.96,91.63,-67.01,21.4248,-107.3698,,
2026-08-20T04:50:37Z,SAT-EO-01,2908,24.2,91.73,-67.29,21.7945,-107.3448,,
2026-08-20T04:50:43Z,SAT-EO-01,2909,24.13,91.78,-68.29,22.1681,-107.3195,,
2026-08-20T04:50:49Z,SAT-EO-01,2910,24.04,91.19,-66.94,22.5374,-107.2945,,
2026-08-20T04:50:55Z,SAT-EO-01,2911,23.81,91.78,-66.99,22.9119,-107.269,,
2026-08-20T04:51:01Z,SAT-EO-01,2912,24.51,91.59,-68.12,23.2769,-107.2441,,
2026-08-20T04:51:07Z,SAT-EO-01,2913,24.35,91.73,-68.04,23.6369,-107.2194,,
2026-08-20T04:51:13Z,SAT-EO-01,2914,24.03,91.69,-67.78,24.0017,-107.1944,,
2026-08-20T04:51:19Z,SAT-EO-01,2915,23.86,92.17,-67.55,24.3631,-107.1695,,
2026-08-20T04:51:25Z,SAT-EO-01,2916,23.79,91.52,-67.94,24.733,-107.144,,
2026-08-20T04:51:31Z,SAT-EO-01,2917,24.51,91.99,-68.53,25.0948,-107.1189,,
2026-08-20T04:51:37Z,SAT-EO-01,2918,24.61,91.91,-68.22,25.4565,-107.0938,,
2026-08-20T04:51:43Z,SAT-EO-01,2919,24.13,91.77,-68.2,25.8214,-107.0684,,
2026-08-20T04:51:49Z,SAT-EO-01,2920,24.61,91.89,-68.43,26.1703,-107.044,,
2026-08-20T04:51:55Z,SAT-EO-01,2921,24.55,91.91,-68.58,26.5198,-107.0195,,
2026-08-20T04:52:01Z,SAT-EO-01,2922,24.12,92.34,-68.32,26.8816,-106.994,,
2026-08-20T04:52:07Z,SAT-EO-01,2923,25.05,92.03,-68.39,27.2357,-106.969,,
2026-08-20T04:52:13Z,SAT-EO-01,2924,25.33,92.17,-67.67,27.5938,-106.9436,,
2026-08-20T04:52:19Z,SAT-EO-01,2925,24.73,92.26,-67.64,27.9473,-106.9185,,
2026-08-20T04:52:25Z,SAT-EO-01,2926,24.36,92.38,-68.61,28.2937,-106.8938,,
2026-08-20T04:52:31Z,SAT-EO-01,2927,24.23,92.19,-69.8,28.6392,-106.8691,,
2026-08-20T04:52:37Z,SAT-EO-01,2928,25.03,92.34,-69.11,28.99,-106.8439,,
2026-08-20T04:52:43Z,SAT-EO-01,2929,24.6,92.54,-67.26,29.3422,-106.8185,,
2026-08-20T04:52:49Z,SAT-EO-01,2930,24.87,92.63,-70.47,29.6841,-106.7938,,
2026-08-20T04:52:55Z,SAT-EO-01,2931,24.52,92.55,-68.94,30.022,-106.7692,,
2026-08-20T04:53:01Z,SAT-EO-01,2932,24.41,92.93,-69.37,30.3577,-106.7448,,
2026-08-20T04:53:07Z,SAT-EO-01,2933,24.99,92.47,-67.51,30.7009,-106.7196,,
2026-08-20T04:53:13Z,SAT-EO-01,2934,24.82,92.63,-68.18,31.0395,-106.6948,,
2026-08-20T04:53:19Z,SAT-EO-01,2935,25.03,92.74,-68.69,31.378,-106.6698,,
2026-08-20T04:53:25Z,SAT-EO-01,2936,24.94,92.76,-69.83,31.7206,-106.6444,,
2026-08-20T04:53:31Z,SAT-EO-01,2937,25.1,92.69,-68.42,32.0514,-106.6198,,
2026-08-20T04:53:37Z,SAT-EO-01,2938,24.58,92.69,-69.37,32.3877,-106.5947,,
2026-08-20T04:53:43Z,SAT-EO-01,2939,25.14,92.68,-68.94,32.7221,-106.5696,,
2026-08-20T04:53:49Z,SAT-EO-01,2940,24.51,93.0,-68.78,33.0581,-106.5443,,
2026-08-20T04:53:55Z,SAT-EO-01,2941,25.16,92.88,-67.98,33.3867,-106.5195,,
2026-08-20T04:54:01Z,SAT-EO-01,2942,25.37,93.01,-68.4,33.7168,-106.4944,,
2026-08-20T04:54:07Z,SAT-EO-01,2943,24.7,92.7,-69.49,34.0481,-106.4691,,
2026-08-20T04:54:13Z,SAT-EO-01,2944,25.42,93.19,-69.43,34.3751,-106.444,,
2026-08-20T04:54:19Z,SAT-EO-01,2945,25.23,93.34,-68.86,34.6933,-106.4195,,
2026-08-20T04:54:25Z,SAT-EO-01,2946,24.66,92.8,-70.12,35.0128,-106.3948,,
2026-08-20T04:54:31Z,SAT-EO-01,2947,24.74,93.49,-70.14,35.3273,-106.3703,,
2026-08-20T04:54:37Z,SAT-EO-01,2948,25.64,93.39,-68.23,35.6501,-106.3451,,
2026-08-20T04:54:43Z,SAT-EO-01,2949,24.75,93.42,-69.21,35.9623,-106.3206,,
2026-08-20T04:54:49Z,SAT-EO-01,2950,25.08,93.7,-69.43,36.2782,-106.2957,,
2026-08-20T04:54:54Z,SAT-EO-01,2951,25.1,93.23,-68.71,36.5904,-106.2709,,
2026-08-20T04:55:00Z,SAT-EO-01,2952,25.9,93.39,-67.8,36.9018,-106.2461,,
2026-08-20T04:55:06Z,SAT-EO-01,2953,26.09,93.39,-70.32,37.2134,-106.2211,,
2026-08-20T04:55:12Z,SAT-EO-01,2954,25.65,93.48,-70.16,37.5183,-106.1966,,
2026-08-20T04:55:18Z,SAT-EO-01,2955,24.92,93.33,-68.86,37.8329,-106.1711,,
2026-08-20T04:55:25Z,SAT-EO-01,2956,25.54,93.71,-69.18,38.1459,-106.1456,,
2026-08-20T04:55:30Z,SAT-EO-01,2957,25.26,93.53,-72.16,38.444,-106.1212,,
2026-08-20T04:55:36Z,SAT-EO-01,2958,25.25,93.49,-69.39,38.7449,-106.0965,,
2026-08-20T04:55:42Z,SAT-EO-01,2959,25.78,93.69,-68.88,39.0449,-106.0717,,
2026-08-20T04:55:48Z,SAT-EO-01,2960,24.85,93.49,-69.77,39.339,-106.0472,,
2026-08-20T04:55:54Z,SAT-EO-01,2961,25.35,93.84,-71.15,39.635,-106.0224,,
2026-08-20T04:56:00Z,SAT-EO-01,2962,26.12,93.37,-68.17,39.9315,-105.9975,,
2026-08-20T04:56:06Z,SAT-EO-01,2963,25.99,93.68,-69.34,40.2203,-105.973,,
2026-08-20T04:56:12Z,SAT-EO-01,2964,25.33,93.42,-67.74,40.5172,-105.9477,,
2026-08-20T04:56:18Z,SAT-EO-01,2965,25.8,93.91,-69.37,40.8146,-105.9223,,
2026-08-20T04:56:24Z,SAT-EO-01,2966,25.97,93.72,-69.05,41.104,-105.8973,,
2026-08-20T04:56:30Z,SAT-EO-01,2967,25.58,93.41,-69.17,41.3867,-105.8728,,
2026-08-20T04:56:36Z,SAT-EO-01,2968,24.66,94.18,-67.61,41.6734,-105.8478,,
2026-08-20T04:56:42Z,SAT-EO-01,2969,25.75,93.75,-69.78,41.951,-105.8234,,
2026-08-20T04:56:48Z,SAT-EO-01,2970,25.62,93.95,-71.39,42.2399,-105.7978,,
2026-08-20T04:56:54Z,SAT-EO-01,2971,25.75,93.99,-70.19,42.5162,-105.7732,,
2026-08-20T04:57:00Z,SAT-EO-01,2972,26.11,93.88,-68.83,42.7989,-105.7479,,
2026-08-20T04:57:06Z,SAT-EO-01,2973,26.19,94.01,-69.92,43.0829,-105.7223,,
2026-08-20T04:57:12Z,SAT-EO-01,2974,25.72,94.03,-70.78,43.3534,-105.6977,,
2026-08-20T04:57:18Z,SAT-EO-01,2975,26.22,94.06,-70.86,43.6313,-105.6723,,
2026-08-20T04:57:24Z,SAT-EO-01,2976,26.03,94.12,-71.76,43.9088,-105.6468,,
2026-08-20T04:57:30Z,SAT-EO-01,2977,25.65,93.89,-70.7,44.1772,-105.6219,,
2026-08-20T04:57:36Z,SAT-EO-01,2978,25.63,94.54,-70.33,44.4406,-105.5972,,
2026-08-20T04:57:42Z,SAT-EO-01,2979,25.95,94.42,-69.46,44.7072,-105.5722,,
2026-08-20T04:57:48Z,SAT-EO-01,2980,26.31,94.13,-70.21,44.9702,-105.5472,,
2026-08-20T04:57:54Z,SAT-EO-01,2981,25.64,94.47,-69.84,45.2366,-105.5218,,
2026-08-20T04:58:00Z,SAT-EO-01,2982,26.18,94.31,-70.6,45.5003,-105.4964,,
2026-08-20T04:58:06Z,SAT-EO-01,2983,26.08,94.09,-68.78,45.7607,-105.4711,,
2026-08-20T04:58:12Z,SAT-EO-01,2984,25.83,94.24,-70.98,46.0118,-105.4466,,
2026-08-20T04:58:18Z,SAT-EO-01,2985,25.79,94.06,-71.2,46.2622,-105.4219,,
2026-08-20T04:58:24Z,SAT-EO-01,2986,26.67,94.26,-70.3,46.5173,-105.3966,,
2026-08-20T04:58:30Z,SAT-EO-01,2987,26.42,94.91,-72.06,46.7614,-105.3721,,
2026-08-20T04:58:36Z,SAT-EO-01,2988,25.6,94.29,-71.53,47.0065,-105.3474,,
2026-08-20T04:58:42Z,SAT-EO-01,2989,26.12,94.52,-71.3,47.2577,-105.3218,,
2026-08-20T04:58:48Z,SAT-EO-01,2990,25.3,94.46,-70.99,47.499,-105.297,,
2026-08-20T04:58:54Z,SAT-EO-01,2991,25.99,94.29,-71.19,47.7458,-105.2715,,
2026-08-20T04:59:00Z,SAT-EO-01,2992,25.7,94.17,-71.1,47.9807,-105.2469,,
2026-08-20T04:59:06Z,SAT-EO-01,2993,26.06,94.41,-70.15,48.2161,-105.2221,,
2026-08-20T04:59:12Z,SAT-EO-01,2994,26.28,94.72,-70.93,48.4463,-105.1976,,
2026-08-20T04:59:18Z,SAT-EO-01,2995,26.28,94.85,-70.84,48.6825,-105.1723,,
2026-08-20T04:59:24Z,SAT-EO-01,2996,26.73,94.79,-70.73,48.9182,-105.1468,,
2026-08-20T04:59:30Z,SAT-EO-01,2997,26.23,94.9,-71.66,49.1489,-105.1215,,
2026-08-20T04:59:36Z,SAT-EO-01,2998,26.04,94.86,-70.73,49.3792,-105.0961,,
2026-08-20T04:59:42Z,SAT-EO-01,2999,25.72,94.54,-70.92,49.6051,-105.071,,
2026-08-20T04:59:48Z,SAT-EO-01,3000,25.98,95.01,-71.1,49.8273,-105.046,,
2026-08-20T04:59:54Z,SAT-EO-01,3001,26.23,94.71,-71.56,50.0422,-105.0215,,
2026-08-20T05:00:00Z,SAT-EO-01,3002,26.28,95.17,-70.85,50.2551,-104.9971,,
2026-08-20T05:00:06Z,SAT-EO-01,3003,26.77,94.95,-72.32,50.4701,-104.9722,,
2026-08-20T05:00:12Z,SAT-EO-01,3004,26.49,95.26,-70.67,50.6848,-104.947,,
2026-08-20T05:00:18Z,SAT-EO-01,3005,26.34,95.1,-71.86,50.8973,-104.9219,,
2026-08-20T05:00:24Z,SAT-EO-01,3006,26.44,95.15,-70.56,51.1051,-104.897,,
2026-08-20T05:00:30Z,SAT-EO-01,3007,26.05,95.01,-71.57,51.3072,-104.8726,,
2026-08-20T05:00:36Z,SAT-EO-01,3008,26.59,95.5,-72.01,51.514,-104.8473,,
2026-08-20T05:00:42Z,SAT-EO-01,3009,26.11,94.58,-71.27,51.7147,-104.8225,,
2026-08-20T05:00:48Z,SAT-EO-01,3010,26.3,95.28,-71.67,51.9133,-104.7977,,
2026-08-20T05:00:54Z,SAT-EO-01,3011,26.61,95.09,-71.14,52.1111,-104.7727,,
2026-08-20T05:01:00Z,SAT-EO-01,3012,26.41,94.81,-71.96,52.3054,-104.7479,,
2026-08-20T05:01:06Z,SAT-EO-01,3013,26.73,95.31,-71.11,52.495,-104.7234,,
2026-08-20T05:01:12Z,SAT-EO-01,3014,26.35,95.22,-71.81,52.6868,-104.6983,,
2026-08-20T05:01:18Z,SAT-EO-01,3015,26.65,94.57,-72.33,52.8801,-104.6727,,
2026-08-20T05:01:24Z,SAT-EO-01,3016,26.24,95.12,-71.66,53.0626,-104.6482,,
2026-08-20T05:01:30Z,SAT-EO-01,3017,26.44,95.03,-72.24,53.2459,-104.6233,,
2026-08-20T05:01:36Z,SAT-EO-01,3018,26.13,95.03,-71.19,53.431,-104.5978,,
2026-08-20T05:01:42Z,SAT-EO-01,3019,26.25,95.63,-72.04,53.6065,-104.5734,,
2026-08-20T05:01:48Z,SAT-EO-01,3020,27.07,95.68,-72.08,53.7822,-104.5486,,
2026-08-20T05:01:54Z,SAT-EO-01,3021,26.56,95.13,-71.88,53.9605,-104.5231,,
2026-08-20T05:02:00Z,SAT-EO-01,3022,26.38,95.46,-72.04,54.1361,-104.4976,,
2026-08-20T05:02:06Z,SAT-EO-01,3023,26.49,95.25,-72.84,54.3071,-104.4724,,
2026-08-20T05:02:12Z,SAT-EO-01,3024,26.46,95.5,-71.98,54.4746,-104.4474,,
2026-08-20T05:02:18Z,SAT-EO-01,3025,26.5,95.46,-73.72,54.6392,-104.4225,,
2026-08-20T05:02:24Z,SAT-EO-01,3026,26.59,95.66,-72.37,54.8012,-104.3976,,
2026-08-20T05:02:30Z,SAT-EO-01,3027,26.75,95.42,-72.05,54.9612,-104.3727,,
2026-08-20T05:02:36Z,SAT-EO-01,3028,26.38,95.52,-72.91,55.1213,-104.3473,,
2026-08-20T05:02:42Z,SAT-EO-01,3029,26.51,95.66,-71.32,55.2748,-104.3227,,
2026-08-20T05:02:48Z,SAT-EO-01,3030,26.07,95.31,-73.43,55.4256,-104.2981,,
2026-08-20T05:02:54Z,SAT-EO-01,3031,27.52,95.64,-70.61,55.5752,-104.2732,,
2026-08-20T05:03:00Z,SAT-EO-01,3032,26.97,95.59,-72.57,55.7222,-104.2485,,
2026-08-20T05:03:06Z,SAT-EO-01,3033,26.49,95.14,-69.57,55.8706,-104.223,,
2026-08-20T05:03:12Z,SAT-EO-01,3034,26.65,95.52,-72.8,56.0152,-104.1978,,
2026-08-20T05:03:18Z,SAT-EO-01,3035,26.3,95.51,-72.63,56.1585,-104.1724,,
2026-08-20T05:03:24Z,SAT-EO-01,3036,27.22,95.58,-71.72,56.2948,-104.1478,,
2026-08-20T05:03:30Z,SAT-EO-01,3037,26.28,95.28,-72.3,56.4332,-104.1224,,
2026-08-20T05:03:36Z,SAT-EO-01,3038,26.86,95.57,-73.54,56.5644,-104.0978,,
2026-08-20T05:03:42Z,SAT-EO-01,3039,25.92,95.34,-72.86,56.6925,-104.0734,,
2026-08-20T05:03:48Z,SAT-EO-01,3040,27.18,95.72,-73.37,56.8243,-104.0478,,
2026-08-20T05:03:54Z,SAT-EO-01,3041,26.85,95.97,-71.4,56.9479,-104.0233,,
2026-08-20T05:04:00Z,SAT-EO-01,3042,26.76,95.57,-72.6,57.0743,-103.9978,,
2026-08-20T05:04:06Z,SAT-EO-01,3043,26.98,95.78,-71.98,57.1941,-103.9731,,
2026-08-20T05:04:12Z,SAT-EO-01,3044,27.24,95.49,-71.24,57.3128,-103.948,,
2026-08-20T05:04:18Z,SAT-EO-01,3045,27.22,95.97,-71.69,57.431,-103.9226,,
2026-08-20T05:04:24Z,SAT-EO-01,3046,26.85,96.04,-72.97,57.5432,-103.8979,,
2026-08-20T05:04:30Z,SAT-EO-01,3047,26.72,95.92,-71.86,57.6543,-103.8729,,
2026-08-20T05:04:36Z,SAT-EO-01,3048,26.73,95.22,-72.4,57.7627,-103.848,,
2026-08-20T05:04:42Z,SAT-EO-01,3049,26.55,95.84,-72.35,57.8676,-103.8233,,
2026-08-20T05:04:48Z,SAT-EO-01,3050,26.99,95.98,-71.32,57.9696,-103.7986,,
2026-08-20T05:04:54Z,SAT-EO-01,3051,26.63,95.38,-71.84,58.0691,-103.774,,
2026-08-20T05:05:00Z,SAT-EO-01,3052,27.35,95.97,-72.01,58.1679,-103.749,,
2026-08-20T05:05:06Z,SAT-EO-01,3053,26.65,96.08,-72.44,58.2645,-103.7239,,
2026-08-20T05:05:12Z,SAT-EO-01,3054,27.2,95.44,-72.48,58.3595,-103.6985,,
2026-08-20T05:05:18Z,SAT-EO-01,3055,27.39,95.58,-71.69,58.4505,-103.6734,,
2026-08-20T05:05:24Z,SAT-EO-01,3056,26.86,95.57,-72.16,58.5396,-103.6482,,
2026-08-20T05:05:30Z,SAT-EO-01,3057,27.05,95.97,-72.39,58.6274,-103.6226,,
2026-08-20T05:05:36Z,SAT-EO-01,3058,26.2,95.56,-72.64,58.709,-103.598,,
2026-08-20T05:05:42Z,SAT-EO-01,3059,26.49,96.26,-71.9,58.7898,-103.573,,
2026-08-20T05:05:48Z,SAT-EO-01,3060,26.91,95.73,-72.4,58.8664,-103.5484,,
2026-08-20T05:05:54Z,SAT-EO-01,3061,27.12,95.71,-71.99,58.9401,-103.524,,
2026-08-20T05:06:00Z,SAT-EO-01,3062,26.84,95.94,-73.03,59.0132,-103.499,,
2026-08-20T05:06:06Z,SAT-EO-01,3063,27.36,95.71,-72.92,59.0824,-103.4744,,
2026-08-20T05:06:12Z,SAT-EO-01,3064,27.1,96.03,-73.25,59.1514,-103.449,,
2026-08-20T05:06:18Z,SAT-EO-01,3065,26.73,95.67,-73.09,59.2171,-103.4238,,
2026-08-20T05:06:24Z,SAT-EO-01,3066,26.61,95.92,-73.09,59.2788,-103.3992,,
2026-08-20T05:06:30Z,SAT-EO-01,3067,26.95,96.14,-74.18,59.339,-103.3741,,
2026-08-20T05:06:36Z,SAT-EO-01,3068,27.84,95.9,-73.37,59.3958,-103.3494,,
2026-08-20T05:06:42Z,SAT-EO-01,3069,26.31,96.06,-73.78,59.4495,-103.3249,,
2026-08-20T05:06:48Z,SAT-EO-01,3070,27.0,96.23,-74.16,59.5029,-103.2994,,
2026-08-20T05:06:54Z,SAT-EO-01,3071,26.52,95.76,-72.38,59.5516,-103.2749,,
2026-08-20T05:07:00Z,SAT-EO-01,3072,27.88,96.07,-71.35,59.5997,-103.2494,,
2026-08-20T05:07:06Z,SAT-EO-01,3073,26.85,96.18,-72.75,59.6432,-103.225,,
2026-08-20T05:07:12Z,SAT-EO-01,3074,27.29,95.72,-73.08,59.6857,-103.1996,,
2026-08-20T05:07:18Z,SAT-EO-01,3075,27.74,95.51,-73.54,59.7248,-103.1747,,
2026-08-20T05:07:24Z,SAT-EO-01,3076,26.76,95.38,-71.78,59.7615,-103.1496,,
2026-08-20T05:07:30Z,SAT-EO-01,3077,27.83,96.07,-72.18,59.796,-103.1243,,
2026-08-20T05:07:36Z,SAT-EO-01,3078,27.05,96.16,-73.09,59.8267,-103.0999,,
2026-08-20T05:07:41Z,SAT-EO-01,3079,27.12,95.98,-71.76,59.8553,-103.0751,,
2026-08-20T05:07:48Z,SAT-EO-01,3080,25.95,95.76,-72.25,59.882,-103.0497,,
2026-08-20T05:07:53Z,SAT-EO-01,3081,27.39,95.97,-72.81,59.905,-103.0253,,
2026-08-20T05:07:59Z,SAT-EO-01,3082,27.34,96.18,-72.31,59.9259,-103.0003,,
2026-08-20T05:08:05Z,SAT-EO-01,3083,26.25,95.82,-71.82,59.9444,-102.9753,,
2026-08-20T05:08:11Z,SAT-EO-01,3084,27.38,95.87,-72.34,59.9599,-102.9506,,
2026-08-20T05:08:17Z,SAT-EO-01,3085,27.54,95.84,-72.91,59.9729,-102.926,,
2026-08-20T05:08:23Z,SAT-EO-01,3086,26.73,96.13,-72.22,59.9834,-102.9013,,
2026-08-20T05:08:29Z,SAT-EO-01,3087,26.97,95.58,-74.29,59.9916,-102.8757,,
2026-08-20T05:08:35Z,SAT-EO-01,3088,27.0,95.53,-74.59,59.997,-102.8506,,
2026-08-20T05:08:41Z,SAT-EO-01,3089,27.01,95.91,-73.88,59.9996,-102.8258,,
2026-08-20T05:08:47Z,SAT-EO-01,3090,26.66,96.01,-73.88,59.9997,-102.8009,,
2026-08-20T05:08:53Z,SAT-EO-01,3091,27.41,96.13,-72.11,59.9971,-102.7757,,
2026-08-20T05:08:59Z,SAT-EO-01,3092,26.02,96.43,-73.5,59.9919,-102.7503,,
2026-08-20T05:09:05Z,SAT-EO-01,3093,27.52,95.88,-73.4,59.9841,-102.7254,,
2026-08-20T05:09:11Z,SAT-EO-01,3094,26.64,95.68,-73.52,59.9738,-102.7007,,
2026-08-20T05:09:17Z,SAT-EO-01,3095,27.21,96.15,-74.32,59.9607,-102.6756,,
2026-08-20T05:09:23Z,SAT-EO-01,3096,27.54,96.22,-72.31,59.9447,-102.6502,,
2026-08-20T05:09:29Z,SAT-EO-01,3097,27.39,95.97,-71.38,59.9266,-102.6256,,
2026-08-20T05:09:35Z,SAT-EO-01,3098,27.01,95.87,-72.36,59.9056,-102.6004,,
2026-08-20T05:09:41Z,SAT-EO-01,3099,27.12,95.8,-73.65,59.882,-102.5754,,
2026-08-20T05:09:47Z,SAT-EO-01,3100,27.6,95.66,-73.25,59.8563,-102.5508,,
2026-08-20T05:09:53Z,SAT-EO-01,3101,27.49,95.81,-72.54,59.8276,-102.5259,,
2026-08-20T05:09:59Z,SAT-EO-01,3102,27.46,96.03,-72.59,59.7971,-102.5015,,
2026-08-20T05:10:05Z,SAT-EO-01,3103,26.81,96.11,-73.78,59.764,-102.4771,,
2026-08-20T05:10:11Z,SAT-EO-01,3104,27.84,95.93,-72.18,59.7276,-102.4522,,
2026-08-20T05:10:17Z,SAT-EO-01,3105,26.86,96.45,-73.92,59.6894,-102.4277,,
2026-08-20T05:10:23Z,SAT-EO-01,3106,27.02,95.69,-73.11,59.6489,-102.4034,,
2026-08-20T05:10:29Z,SAT-EO-01,3107,27.28,96.11,-72.59,59.6054,-102.3788,,
2026-08-20T05:10:34Z,SAT-EO-01,3108,25.91,95.92,-73.06,59.5598,-102.3544,,
2026-08-20T05:10:40Z,SAT-EO-01,3109,27.19,96.31,-73.64,59.5104,-102.3293,,
2026-08-20T05:10:47Z,SAT-EO-01,3110,26.87,96.27,-73.52,59.4578,-102.304,,
2026-08-20T05:10:53Z,SAT-EO-01,3111,27.1,95.99,-72.83,59.4032,-102.2789,,
2026-08-20T05:10:59Z,SAT-EO-01,3112,27.24,95.97,-72.95,59.3461,-102.2539,,
2026-08-20T05:11:05Z,SAT-EO-01,3113,26.88,95.66,-72.85,59.2865,-102.229,,
2026-08-20T05:11:11Z,SAT-EO-01,3114,26.56,95.77,-73.01,59.224,-102.2039,,
2026-08-20T05:11:17Z,SAT-EO-01,3115,27.14,96.02,-71.79,59.1576,-102.1783,,
2026-08-20T05:11:23Z,SAT-EO-01,3116,26.7,95.81,-73.02,59.0901,-102.1534,,
2026-08-20T05:11:29Z,SAT-EO-01,3117,26.9,95.73,-74.27,59.0205,-102.1286,,
2026-08-20T05:11:35Z,SAT-EO-01,3118,26.77,95.98,-73.19,58.9475,-102.1035,,
2026-08-20T05:11:41Z,SAT-EO-01,3119,27.48,96.04,-74.02,58.8729,-102.0787,,
2026-08-20T05:11:47Z,SAT-EO-01,3120,27.44,95.97,-72.51,58.795,-102.0537,,
2026-08-20T05:11:52Z,SAT-EO-01,3121,27.37,95.71,-74.24,58.7162,-102.0292,,
2026-08-20T05:11:58Z,SAT-EO-01,3122,26.63,95.47,-72.76,58.6337,-102.0043,,
2026-08-20T05:12:04Z,SAT-EO-01,3123,26.92,95.69,-73.85,58.5496,-101.9797,,
2026-08-20T05:12:10Z,SAT-EO-01,3124,26.96,95.6,-72.0,58.4608,-101.9545,,
2026-08-20T05:12:16Z,SAT-EO-01,3125,26.78,96.2,-72.16,58.3709,-101.9297,,
2026-08-20T05:12:22Z,SAT-EO-01,3126,27.12,95.43,-72.3,58.277,-101.9044,,
2026-08-20T05:12:28Z,SAT-EO-01,3127,27.12,96.1,-73.54,58.1818,-101.8796,,
2026-08-20T05:12:34Z,SAT-EO-01,3128,27.14,95.88,-71.35,58.0836,-101.8546,,
2026-08-20T05:12:40Z,SAT-EO-01,3129,26.66,95.61,-72.26,57.9849,-101.8301,,
2026-08-20T05:12:46Z,SAT-EO-01,3130,26.28,96.03,-72.66,57.8817,-101.8051,,
2026-08-20T05:12:52Z,SAT-EO-01,3131,27.49,95.77,-72.08,57.774,-101.7797,,
2026-08-20T05:12:58Z,SAT-EO-01,3132,26.48,95.65,-72.38,57.6669,-101.7549,,
2026-08-20T05:13:04Z,SAT-EO-01,3133,27.18,95.39,-74.35,57.5539,-101.7295,,
2026-08-20T05:13:10Z,SAT-EO-01,3134,26.73,95.75,-71.91,57.4397,-101.7043,,
2026-08-20T05:13:17Z,SAT-EO-01,3135,26.6,95.11,-72.67,57.3219,-101.6789,,
2026-08-20T05:13:23Z,SAT-EO-01,3136,27.15,96.01,-71.74,57.2032,-101.6538,,
2026-08-20T05:13:29Z,SAT-EO-01,3137,26.72,95.38,-72.48,57.0817,-101.6287,,
2026-08-20T05:13:35Z,SAT-EO-01,3138,25.99,95.63,-72.37,56.9559,-101.6033,,
2026-08-20T05:13:41Z,SAT-EO-01,3139,27.35,95.58,-72.06,56.8274,-101.5778,,
2026-08-20T05:13:47Z,SAT-EO-01,3140,26.45,95.53,-72.39,56.7005,-101.5531,,
2026-08-20T05:13:53Z,SAT-EO-01,3141,26.67,95.52,-72.09,56.5718,-101.5286,,
2026-08-20T05:13:59Z,SAT-EO-01,3142,26.51,95.33,-72.05,56.4415,-101.5041,,
2026-08-20T05:14:05Z,SAT-EO-01,3143,26.61,95.59,-72.25,56.3026,-101.4786,,
2026-08-20T05:14:11Z,SAT-EO-01,3144,26.98,95.4,-72.44,56.1674,-101.4542,,
2026-08-20T05:14:16Z,SAT-EO-01,3145,26.58,96.04,-72.96,56.0274,-101.4293,,
2026-08-20T05:14:22Z,SAT-EO-01,3146,26.59,95.59,-73.03,55.886,-101.4046,,
2026-08-20T05:14:28Z,SAT-EO-01,3147,26.9,95.19,-73.99,55.7416,-101.3798,,
2026-08-20T05:14:34Z,SAT-EO-01,3148,26.33,95.0,-72.22,55.5928,-101.3547,,
2026-08-20T05:14:40Z,SAT-EO-01,3149,26.42,95.45,-71.92,55.4419,-101.3296,,
2026-08-20T05:14:47Z,SAT-EO-01,3150,26.19,95.88,-73.44,55.2861,-101.3042,,
2026-08-20T05:14:52Z,SAT-EO-01,3151,26.91,95.64,-71.61,55.1335,-101.2796,,
2026-08-20T05:14:58Z,SAT-EO-01,3152,26.45,95.76,-70.48,54.9744,-101.2544,,
2026-08-20T05:15:04Z,SAT-EO-01,3153,27.47,95.47,-72.5,54.8179,-101.23,,
2026-08-20T05:15:10Z,SAT-EO-01,3154,26.31,95.66,-72.06,54.6543,-101.2048,,
2026-08-20T05:15:16Z,SAT-EO-01,3155,26.46,95.42,-71.32,54.4906,-101.18,,
2026-08-20T05:15:22Z,SAT-EO-01,3156,26.37,95.76,-72.48,54.3216,-101.1547,,
2026-08-20T05:15:29Z,SAT-EO-01,3157,26.91,95.51,-71.26,54.1476,-101.1291,,
2026-08-20T05:15:35Z,SAT-EO-01,3158,26.71,95.3,-73.04,53.9715,-101.1035,,
2026-08-20T05:15:41Z,SAT-EO-01,3159,26.74,94.91,-72.48,53.7954,-101.0783,,
2026-08-20T05:15:47Z,SAT-EO-01,3160,26.1,94.62,-70.62,53.619,-101.0534,,
2026-08-20T05:15:53Z,SAT-EO-01,3161,26.22,95.11,-70.65,53.4398,-101.0284,,
2026-08-20T05:15:59Z,SAT-EO-01,3162,26.63,95.29,-72.1,53.2612,-101.0038,,
2026-08-20T05:16:05Z,SAT-EO-01,3163,26.49,95.2,-72.66,53.0791,-100.9791,,
2026-08-20T05:16:11Z,SAT-EO-01,3164,26.12,95.3,-72.16,52.8927,-100.954,,
2026-08-20T05:16:17Z,SAT-EO-01,3165,26.59,94.47,-71.42,52.7041,-100.929,,
2026-08-20T05:16:23Z,SAT-EO-01,3166,25.93,95.08,-71.9,52.5087,-100.9034,,
2026-08-20T05:16:29Z,SAT-EO-01,3167,26.19,94.76,-71.4,52.318,-100.8787,,
2026-08-20T05:16:35Z,SAT-EO-01,3168,25.92,94.41,-70.82,52.1213,-100.8536,,
2026-08-20T05:16:41Z,SAT-EO-01,3169,25.51,94.98,-70.98,51.9266,-100.8289,,
2026-08-20T05:16:46Z,SAT-EO-01,3170,26.63,95.32,-71.37,51.7304,-100.8044,,
2026-08-20T05:16:52Z,SAT-EO-01,3171,27.26,95.44,-71.84,51.5327,-100.78,,
2026-08-20T05:16:58Z,SAT-EO-01,3172,25.84,95.25,-71.77,51.3245,-100.7545,,
2026-08-20T05:17:05Z,SAT-EO-01,3173,26.49,94.67,-71.41,51.1138,-100.729,,
2026-08-20T05:17:10Z,SAT-EO-01,3174,26.61,94.39,-71.91,50.909,-100.7045,,
2026-08-20T05:17:16Z,SAT-EO-01,3175,26.19,94.9,-71.27,50.6971,-100.6794,,
2026-08-20T05:17:22Z,SAT-EO-01,3176,26.35,95.02,-71.66,50.484,-100.6544,,
2026-08-20T05:17:28Z,SAT-EO-01,3177,26.04,95.08,-71.2,50.271,-100.6297,,
2026-08-20T05:17:34Z,SAT-EO-01,3178,26.07,95.01,-70.15,50.0566,-100.6051,,
2026-08-20T05:17:40Z,SAT-EO-01,3179,26.03,94.95,-70.7,49.8321,-100.5796,,
2026-08-20T05:17:46Z,SAT-EO-01,3180,26.63,94.85,-70.13,49.6081,-100.5544,,
2026-08-20T05:17:52Z,SAT-EO-01,3181,25.71,95.0,-70.72,49.3842,-100.5294,,
2026-08-20T05:17:58Z,SAT-EO-01,3182,25.78,94.33,-70.02,49.1607,-100.5047,,
2026-08-20T05:18:04Z,SAT-EO-01,3183,26.08,94.12,-69.6,48.9292,-100.4794,,
2026-08-20T05:18:10Z,SAT-EO-01,3184,25.78,95.1,-72.83,48.7002,-100.4546,,
2026-08-20T05:18:16Z,SAT-EO-01,3185,26.36,94.74,-70.1,48.4645,-100.4293,,
2026-08-20T05:18:23Z,SAT-EO-01,3186,25.96,94.35,-69.92,48.2271,-100.4041,,
2026-08-20T05:18:29Z,SAT-EO-01,3187,26.04,94.66,-71.93,47.9866,-100.3787,,
2026-08-20T05:18:35Z,SAT-EO-01,3188,26.64,94.18,-70.9,47.7415,-100.3531,,
2026-08-20T05:18:41Z,SAT-EO-01,3189,25.85,94.6,-70.22,47.5015,-100.3282,,
2026-08-20T05:18:47Z,SAT-EO-01,3190,26.1,94.3,-70.32,47.2537,-100.3028,,
2026-08-20T05:18:53Z,SAT-EO-01,3191,26.15,94.4,-70.29,47.0142,-100.2784,,
2026-08-20T05:18:59Z,SAT-EO-01,3192,26.53,94.4,-70.37,46.7631,-100.2531,,
2026-08-20T05:19:05Z,SAT-EO-01,3193,25.62,94.54,-70.61,46.5127,-100.228,,
2026-08-20T05:19:11Z,SAT-EO-01,3194,26.12,94.43,-70.04,46.2666,-100.2035,,
2026-08-20T05:19:17Z,SAT-EO-01,3195,26.39,94.39,-71.17,46.0104,-100.1783,,
2026-08-20T05:19:23Z,SAT-EO-01,3196,25.91,93.96,-71.05,45.7521,-100.153,,
2026-08-20T05:19:29Z,SAT-EO-01,3197,26.19,94.44,-69.46,45.5008,-100.1287,,
2026-08-20T05:19:35Z,SAT-EO-01,3198,25.19,94.83,-70.55,45.2447,-100.104,,
2026-08-20T05:19:41Z,SAT-EO-01,3199,26.34,94.1,-69.8,44.9775,-100.0785,,
2026-08-20T05:19:47Z,SAT-EO-01,3200,25.91,94.4,-70.6,44.7153,-100.0536,,
2026-08-20T05:19:52Z,SAT-EO-01,3201,25.78,94.46,-69.92,44.4557,-100.0292,,
2026-08-20T05:19:59Z,SAT-EO-01,3202,25.41,94.01,-70.27,44.1858,-100.0039,,
2026-08-20T05:20:05Z,SAT-EO-01,3203,25.97,94.31,-70.58,43.9143,-99.9787,,
2026-08-20T05:20:11Z,SAT-EO-01,3204,25.95,93.79,-69.62,43.6376,-99.9533,,
2026-08-20T05:20:17Z,SAT-EO-01,3205,26.08,94.04,-69.91,43.3677,-99.9286,,
2026-08-20T05:20:23Z,SAT-EO-01,3206,25.62,93.55,-70.92,43.0954,-99.9038,,
2026-08-20T05:20:29Z,SAT-EO-01,3207,26.4,94.07,-70.89,42.8141,-99.8785,,
2026-08-20T05:20:35Z,SAT-EO-01,3208,25.82,94.17,-70.73,42.5304,-99.853,,
2026-08-20T05:20:41Z,SAT-EO-01,3209,25.26,93.65,-69.68,42.2526,-99.8283,,
2026-08-20T05:20:47Z,SAT-EO-01,3210,26.21,94.17,-70.82,41.9645,-99.8028,,
2026-08-20T05:20:53Z,SAT-EO-01,3211,25.52,93.59,-71.66,41.6763,-99.7775,,
2026-08-20T05:20:59Z,SAT-EO-01,3212,25.51,93.57,-69.31,41.3925,-99.7527,,
2026-08-20T05:21:05Z,SAT-EO-01,3213,25.62,93.97,-70.34,41.1013,-99.7275,,
2026-08-20T05:21:11Z,SAT-EO-01,3214,25.62,93.96,-70.97,40.806,-99.702,,
2026-08-20T05:21:17Z,SAT-EO-01,3215,26.08,93.89,-70.29,40.5071,-99.6764,,
2026-08-20T05:21:23Z,SAT-EO-01,3216,25.49,93.7,-70.68,40.2091,-99.651,,
2026-08-20T05:21:29Z,SAT-EO-01,3217,24.78,93.52,-71.2,39.9123,-99.6259,,
2026-08-20T05:21:35Z,SAT-EO-01,3218,25.36,93.85,-71.18,39.616,-99.601,,
2026-08-20T05:21:41Z,SAT-EO-01,3219,25.45,93.66,-69.66,39.3211,-99.5763,,
2026-08-20T05:21:47Z,SAT-EO-01,3220,24.94,93.24,-69.39,39.0149,-99.5509,,
2026-08-20T05:21:53Z,SAT-EO-01,3221,24.9,93.29,-69.13,38.7078,-99.5255,,
2026-08-20T05:22:00Z,SAT-EO-01,3222,25.76,93.82,-68.87,38.3977,-99.5,,
2026-08-20T05:22:06Z,SAT-EO-01,3223,25.13,93.49,-70.1,38.0867,-99.4745,,
2026-08-20T05:22:12Z,SAT-EO-01,3224,25.34,93.56,-69.33,37.7756,-99.4492,,
2026-08-20T05:22:18Z,SAT-EO-01,3225,24.85,93.49,-68.16,37.4714,-99.4246,,
2026-08-20T05:22:24Z,SAT-EO-01,3226,25.55,93.42,-69.05,37.1572,-99.3994,,
2026-08-20T05:22:30Z,SAT-EO-01,3227,25.72,93.03,-70.37,36.8514,-99.3749,,
2026-08-20T05:22:36Z,SAT-EO-01,3228,25.24,92.84,-70.38,36.5366,-99.3498,,
2026-08-20T05:22:42Z,SAT-EO-01,3229,25.09,93.21,-69.14,36.2162,-99.3244,,
2026-08-20T05:22:48Z,SAT-EO-01,3230,25.24,93.23,-68.76,35.9012,-99.2996,,
2026-08-20T05:22:54Z,SAT-EO-01,3231,24.96,93.48,-70.2,35.5769,-99.2742,,
2026-08-20T05:23:00Z,SAT-EO-01,3232,25.11,93.19,-68.9,35.2599,-99.2494,,
2026-08-20T05:23:06Z,SAT-EO-01,3233,24.82,93.06,-69.16,34.9345,-99.2242,,
2026-08-20T05:23:12Z,SAT-EO-01,3234,24.9,93.07,-68.05,34.6117,-99.1992,,
2026-08-20T05:23:18Z,SAT-EO-01,3235,25.3,93.23,-67.71,34.2928,-99.1747,,
2026-08-20T05:23:23Z,SAT-EO-01,3236,26.08,93.13,-68.72,33.9731,-99.1502,,
2026-08-20T05:23:29Z,SAT-EO-01,3237,25.18,92.86,-68.15,33.652,-99.1257,,
2026-08-20T05:23:35Z,SAT-EO-01,3238,24.55,92.5,-67.44,33.3221,-99.1006,,
2026-08-20T05:23:41Z,SAT-EO-01,3239,25.26,93.14,-69.83,32.9947,-99.0759,,
2026-08-20T05:23:47Z,SAT-EO-01,3240,25.2,92.8,-67.67,32.6705,-99.0515,,
2026-08-20T05:23:53Z,SAT-EO-01,3241,25.31,92.64,-69.95,32.3402,-99.0267,,
2026-08-20T05:23:59Z,SAT-EO-01,3242,24.95,92.56,-69.39,32.0002,-99.0014,,
2026-08-20T05:24:05Z,SAT-EO-01,3243,24.17,92.74,-68.8,31.6683,-98.9767,,
2026-08-20T05:24:11Z,SAT-EO-01,3244,24.43,92.91,-68.49,31.3243,-98.9512,,
2026-08-20T05:24:17Z,SAT-EO-01,3245,24.92,92.31,-66.96,30.9903,-98.9266,,
2026-08-20T05:24:23Z,SAT-EO-01,3246,24.63,92.25,-68.93,30.6448,-98.9012,,
2026-08-20T05:24:29Z,SAT-EO-01,3247,24.66,92.38,-68.9,30.3021,-98.8762,,
2026-08-20T05:24:35Z,SAT-EO-01,3248,24.29,92.51,-68.67,29.9656,-98.8517,,
2026-08-20T05:24:41Z,SAT-EO-01,3249,25.06,92.77,-68.74,29.6192,-98.8265,,
2026-08-20T05:24:47Z,SAT-EO-01,3250,24.47,92.54,-67.9,29.2799,-98.802,,
2026-08-20T05:24:53Z,SAT-EO-01,3251,24.75,92.36,-67.36,28.9381,-98.7774,,
2026-08-20T05:24:59Z,SAT-EO-01,3252,24.79,92.5,-68.88,28.5939,-98.7527,,
2026-08-20T05:25:05Z,SAT-EO-01,3253,24.81,92.77,-67.02,28.2412,-98.7274,,
2026-08-20T05:25:11Z,SAT-EO-01,3254,24.75,92.47,-68.58,27.8945,-98.7027,,
2026-08-20T05:25:17Z,SAT-EO-01,3255,25.21,92.32,-67.33,27.5459,-98.678,,
2026-08-20T05:25:23Z,SAT-EO-01,3256,24.45,92.1,-66.85,27.1874,-98.6526,,
2026-08-20T05:25:29Z,SAT-EO-01,3257,24.85,92.2,-69.16,26.8361,-98.6278,,
2026-08-20T05:25:35Z,SAT-EO-01,3258,23.63,91.87,-66.81,26.4721,-98.6022,,
2026-08-20T05:25:41Z,SAT-EO-01,3259,24.15,92.08,-67.73,26.1239,-98.5778,,
2026-08-20T05:25:47Z,SAT-EO-01,3260,24.67,92.23,-68.24,25.7668,-98.5528,,
2026-08-20T05:25:53Z,SAT-EO-01,3261,24.58,92.08,-68.38,25.4116,-98.5281,,
2026-08-20T05:25:59Z,SAT-EO-01,3262,24.26,92.11,-68.63,25.0601,-98.5037,,
2026-08-20T05:26:05Z,SAT-EO-01,3263,24.03,92.09,-67.85,24.7037,-98.479,,
2026-08-20T05:26:10Z,SAT-EO-01,3264,24.31,91.47,-68.72,24.3462,-98.4543,,
2026-08-20T05:26:16Z,SAT-EO-01,3265,23.47,91.75,-67.22,23.9901,-98.4298,,
2026-08-20T05:26:22Z,SAT-EO-01,3266,24.47,91.78,-68.22,23.625,-98.4048,,
2026-08-20T05:26:28Z,SAT-EO-01,3267,24.78,91.96,-67.49,23.2679,-98.3803,,
2026-08-20T05:26:34Z,SAT-EO-01,3268,24.04,91.53,-67.12,22.894,-98.3548,,
2026-08-20T05:26:40Z,SAT-EO-01,3269,24.1,91.77,-67.25,22.5251,-98.3297,,
2026-08-20T05:26:47Z,SAT-EO-01,3270,24.4,91.51,-68.16,22.1489,-98.3042,,
2026-08-20T05:26:53Z,SAT-EO-01,3271,24.32,91.3,-68.47,21.7722,-98.2787,,
2026-08-20T05:26:59Z,SAT-EO-01,3272,24.13,91.79,-67.71,21.4059,-98.2539,,
2026-08-20T05:27:05Z,SAT-EO-01,3273,24.05,92.05,-68.28,21.0308,-98.2287,,
2026-08-20T05:27:11Z,SAT-EO-01,3274,23.92,90.93,-68.98,20.6604,-98.2038,,
2026-08-20T05:27:16Z,SAT-EO-01,3275,24.45,91.92,-66.62,20.2959,-98.1794,,
2026-08-20T05:27:22Z,SAT-EO-01,3276,23.72,91.32,-68.18,19.9239,-98.1545,,
2026-08-20T05:27:28Z,SAT-EO-01,3277,23.5,91.15,-67.03,19.5449,-98.1292,,
2026-08-20T05:27:35Z,SAT-EO-01,3278,24.18,91.27,-69.5,19.1614,-98.1037,,
2026-08-20T05:27:41Z,SAT-EO-01,3279,24.21,90.98,-68.26,18.7875,-98.0788,,
2026-08-20T05:27:47Z,SAT-EO-01,3280,23.23,91.26,-67.38,18.412,-98.054,,
2026-08-20T05:27:53Z,SAT-EO-01,3281,24.38,91.07,-67.97,18.0308,-98.0287,,
2026-08-20T05:27:58Z,SAT-EO-01,3282,23.89,91.05,-67.95,17.6596,-98.0043,,
2026-08-20T05:28:05Z,SAT-EO-01,3283,23.46,90.63,-68.47,17.2737,-97.9788,,
2026-08-20T05:28:10Z,SAT-EO-01,3284,24.07,91.08,-68.91,16.9006,-97.9543,,
2026-08-20T05:28:16Z,SAT-EO-01,3285,23.66,90.86,-66.38,16.5278,-97.9299,,
2026-08-20T05:28:22Z,SAT-EO-01,3286,24.25,90.71,-68.51,16.145,-97.9048,,
2026-08-20T05:28:28Z,SAT-EO-01,3287,23.79,90.79,-67.23,15.7702,-97.8803,,
2026-08-20T05:28:34Z,SAT-EO-01,3288,23.89,90.52,-66.73,15.3959,-97.8559,,
2026-08-20T05:28:40Z,SAT-EO-01,3289,23.33,91.24,-68.01,15.0141,-97.831,,
2026-08-20T05:28:46Z,SAT-EO-01,3290,23.18,90.36,-67.51,14.6326,-97.8062,,
2026-08-20T05:28:52Z,SAT-EO-01,3291,23.42,90.54,-66.64,14.2414,-97.7808,,
2026-08-20T05:28:58Z,SAT-EO-01,3292,23.43,90.61,-68.17,13.8628,-97.7563,,
2026-08-20T05:29:04Z,SAT-EO-01,3293,22.97,91.12,-68.08,13.4807,-97.7316,,
2026-08-20T05:29:10Z,SAT-EO-01,3294,23.43,90.42,-67.52,13.1007,-97.707,,
2026-08-20T05:29:16Z,SAT-EO-01,3295,23.99,90.68,-66.09,12.7218,-97.6826,,
2026-08-20T05:29:22Z,SAT-EO-01,3296,23.06,90.52,-66.94,12.3295,-97.6573,,
2026-08-20T05:29:28Z,SAT-EO-01,3297,23.32,90.29,-66.81,11.9395,-97.6322,,
2026-08-20T05:29:34Z,SAT-EO-01,3298,22.74,90.39,-67.46,11.555,-97.6075,,
2026-08-20T05:29:40Z,SAT-EO-01,3299,22.97,90.27,-66.97,11.1693,-97.5828,,
2026-08-20T05:29:46Z,SAT-EO-01,3300,23.78,90.43,-67.2,10.7713,-97.5573,,
2026-08-20T05:29:52Z,SAT-EO-01,3301,23.52,90.24,-68.05,10.373,-97.5318,,
2026-08-20T05:29:58Z,SAT-EO-01,3302,22.75,90.56,-66.65,9.9908,-97.5074,,
2026-08-20T05:30:04Z,SAT-EO-01,3303,23.15,89.83,-66.74,9.594,-97.482,,
2026-08-20T05:30:10Z,SAT-EO-01,3304,22.83,90.03,-66.91,9.2087,-97.4574,,
2026-08-20T05:30:16Z,SAT-EO-01,3305,23.11,90.32,-67.13,8.8205,-97.4327,,
2026-08-20T05:30:22Z,SAT-EO-01,3306,22.98,89.99,-66.94,8.436,-97.4082,,
2026-08-20T05:30:27Z,SAT-EO-01,3307,22.83,89.97,-67.39,8.0477,-97.3835,,
2026-08-20T05:30:33Z,SAT-EO-01,3308,23.37,89.92,-67.33,7.6577,-97.3587,,
2026-08-20T05:30:39Z,SAT-EO-01,3309,23.36,89.83,-67.09,7.2632,-97.3337,,
2026-08-20T05:30:45Z,SAT-EO-01,3310,22.83,89.94,-67.65,6.8728,-97.3089,,
2026-08-20T05:30:51Z,SAT-EO-01,3311,22.61,90.09,-66.47,6.4843,-97.2843,,
2026-08-20T05:30:57Z,SAT-EO-01,3312,22.96,90.0,-67.06,6.0988,-97.2599,,
2026-08-20T05:31:03Z,SAT-EO-01,3313,22.68,89.28,-66.49,5.7021,-97.2348,,
2026-08-20T05:31:09Z,SAT-EO-01,3314,23.01,89.57,-67.46,5.3161,-97.2103,,
2026-08-20T05:31:15Z,SAT-EO-01,3315,22.57,89.39,-67.3,4.926,-97.1857,,
2026-08-20T05:31:21Z,SAT-EO-01,3316,22.75,89.44,-67.38,4.5218,-97.1601,,
2026-08-20T05:31:27Z,SAT-EO-01,3317,22.73,89.52,-67.28,4.131,-97.1355,,
2026-08-20T05:31:33Z,SAT-EO-01,3318,23.19,89.75,-66.79,3.7397,-97.1108,,
2026-08-20T05:31:39Z,SAT-EO-01,3319,22.6,89.02,-67.01,3.3381,-97.0854,,
2026-08-20T05:31:45Z,SAT-EO-01,3320,22.72,89.24,-67.1,2.9451,-97.0606,,
2026-08-20T05:31:51Z,SAT-EO-01,3321,22.55,89.28,-67.89,2.5522,-97.0358,,
2026-08-20T05:31:57Z,SAT-EO-01,3322,22.51,89.21,-66.19,2.1605,-97.0111,,
2026-08-20T05:32:03Z,SAT-EO-01,3323,22.26,89.27,-66.75,1.7684,-96.9864,,
2026-08-20T05:32:09Z,SAT-EO-01,3324,22.02,89.14,-65.38,1.3769,-96.9618,,
2026-08-20T05:32:15Z,SAT-EO-01,3325,22.14,88.83,-66.72,0.9748,-96.9364,,
2026-08-20T05:32:21Z,SAT-EO-01,3326,22.41,89.8,-67.97,0.5728,-96.9111,,
2026-08-20T05:32:27Z,SAT-EO-01,3327,23.01,89.09,-68.29,0.1847,-96.8866,,
2026-08-20T05:32:33Z,SAT-EO-01,3328,22.66,89.15,-68.69,-0.2154,-96.8614,,
2026-08-20T05:32:39Z,SAT-EO-01,3329,22.97,88.73,-66.98,-0.612,-96.8364,,
2026-08-20T05:32:45Z,SAT-EO-01,3330,22.69,88.86,-66.08,-1.0128,-96.8112,,
2026-08-20T05:32:51Z,SAT-EO-01,3331,22.27,88.75,-66.32,-1.4162,-96.7858,,
2026-08-20T05:32:57Z,SAT-EO-01,3332,22.49,88.88,-65.26,-1.8206,-96.7603,,
2026-08-20T05:33:03Z,SAT-EO-01,3333,22.41,89.16,-68.23,-2.2139,-96.7355,,
2026-08-20T05:33:09Z,SAT-EO-01,3334,22.85,88.87,-66.92,-2.6196,-96.7099,,
2026-08-20T05:33:15Z,SAT-EO-01,3335,22.86,88.79,-66.69,-3.0063,-96.6855,,
2026-08-20T05:33:21Z,SAT-EO-01,3336,22.33,88.57,-68.23,-3.3927,-96.6611,,
2026-08-20T05:33:27Z,SAT-EO-01,3337,21.4,88.67,-67.12,-3.7802,-96.6367,,
2026-08-20T05:33:33Z,SAT-EO-01,3338,22.07,88.59,-67.01,-4.174,-96.6118,,
2026-08-20T05:33:39Z,SAT-EO-01,3339,22.83,88.44,-67.15,-4.5755,-96.5865,,
2026-08-20T05:33:45Z,SAT-EO-01,3340,21.79,88.89,-67.0,-4.9772,-96.5611,,
2026-08-20T05:33:51Z,SAT-EO-01,3341,22.29,88.28,-68.21,-5.3774,-96.5358,,
2026-08-20T05:33:57Z,SAT-EO-01,3342,22.0,88.71,-67.46,-5.7797,-96.5103,,
2026-08-20T05:34:03Z,SAT-EO-01,3343,22.46,88.17,-68.5,-6.1755,-96.4853,,
2026-08-20T05:34:09Z,SAT-EO-01,3344,22.49,88.14,-66.32,-6.5624,-96.4607,,
2026-08-20T05:34:15Z,SAT-EO-01,3345,22.51,88.28,-66.95,-6.9595,-96.4356,,
2026-08-20T05:34:21Z,SAT-EO-01,3346,22.51,88.3,-66.71,-7.3559,-96.4104,,
2026-08-20T05:34:27Z,SAT-EO-01,3347,21.78,88.08,-67.82,-7.7548,-96.3851,,
2026-08-20T05:34:33Z,SAT-EO-01,3348,21.77,88.02,-67.16,-8.1407,-96.3606,,
2026-08-20T05:34:39Z,SAT-EO-01,3349,22.04,87.6,-67.21,-8.5373,-96.3353,,
2026-08-20T05:34:45Z,SAT-EO-01,3350,21.88,87.98,-67.73,-8.9253,-96.3106,,
2026-08-20T05:34:51Z,SAT-EO-01,3351,22.03,88.04,-66.31,-9.3126,-96.2859,,
2026-08-20T05:34:57Z,SAT-EO-01,3352,21.84,87.85,-67.04,-9.7073,-96.2608,,
2026-08-20T05:35:03Z,SAT-EO-01,3353,21.43,88.22,-69.14,-10.1005,-96.2356,,
2026-08-20T05:35:09Z,SAT-EO-01,3354,21.66,87.88,-66.41,-10.4909,-96.2107,,
2026-08-20T05:35:15Z,SAT-EO-01,3355,21.56,87.74,-67.74,-10.8725,-96.1862,,
2026-08-20T05:35:21Z,SAT-EO-01,3356,22.04,87.6,-68.1,-11.262,-96.1613,,
2026-08-20T05:35:27Z,SAT-EO-01,3357,21.56,87.77,-68.03,-11.6463,-96.1366,,
2026-08-20T05:35:33Z,SAT-EO-01,3358,21.33,87.32,-66.64,-12.0417,-96.1112,,
2026-08-20T05:35:39Z,SAT-EO-01,3359,22.72,87.75,-67.47,-12.4278,-96.0864,,
2026-08-20T05:35:45Z,SAT-EO-01,3360,21.84,87.91,-67.58,-12.8237,-96.0608,,
2026-08-20T05:35:51Z,SAT-EO-01,3361,21.47,87.1,-65.74,-13.2194,-96.0353,,
2026-08-20T05:35:57Z,SAT-EO-01,3362,21.15,87.38,-68.1,-13.6148,-96.0097,,
2026-08-20T05:36:03Z,SAT-EO-01,3363,21.11,87.35,-66.78,-13.995,-95.9851,,
2026-08-20T05:36:09Z,SAT-EO-01,3364,21.77,87.82,-65.95,-14.3778,-95.9603,,
2026-08-20T05:36:15Z,SAT-EO-01,3365,20.88,87.79,-67.69,-14.7589,-95.9356,,
2026-08-20T05:36:21Z,SAT-EO-01,3366,21.3,87.28,-68.5,-15.1384,-95.9109,,
2026-08-20T05:36:27Z,SAT-EO-01,3367,20.79,87.56,-66.45,-15.5241,-95.8857,,
2026-08-20T05:36:33Z,SAT-EO-01,3368,21.21,87.14,-67.21,-15.9066,-95.8608,,
2026-08-20T05:36:39Z,SAT-EO-01,3369,21.33,86.99,-68.59,-16.2917,-95.8356,,
2026-08-20T05:36:45Z,SAT-EO-01,3370,22.02,87.09,-67.58,-16.6745,-95.8105,,
2026-08-20T05:36:51Z,SAT-EO-01,3371,20.61,86.91,-67.15,-17.0631,-95.785,,
2026-08-20T05:36:57Z,SAT-EO-01,3372,20.9,87.03,-67.0,-17.4396,-95.7602,,
2026-08-20T05:37:03Z,SAT-EO-01,3373,20.96,86.94,-67.38,-17.8217,-95.7351,,
2026-08-20T05:37:09Z,SAT-EO-01,3374,21.35,87.33,-67.29,-18.2096,-95.7094,,
2026-08-20T05:37:15Z,SAT-EO-01,3375,21.56,86.99,-67.01,-18.5789,-95.685,,
2026-08-20T05:37:21Z,SAT-EO-01,3376,21.33,87.04,-68.5,-18.9507,-95.6603,,
2026-08-20T05:37:27Z,SAT-EO-01,3377,20.08,86.72,-66.71,-19.3237,-95.6355,,
2026-08-20T05:37:33Z,SAT-EO-01,3378,20.55,86.79,-67.4,-19.6921,-95.611,,
2026-08-20T05:37:39Z,SAT-EO-01,3379,21.06,86.15,-68.45,-20.0639,-95.5862,,
2026-08-20T05:37:45Z,SAT-EO-01,3380,21.31,86.37,-67.59,-20.4414,-95.5609,,
2026-08-20T05:37:51Z,SAT-EO-01,3381,21.53,86.49,-65.72,-20.8221,-95.5354,,
2026-08-20T05:37:57Z,SAT-EO-01,3382,20.92,86.58,-68.87,-21.1902,-95.5106,,
2026-08-20T05:38:03Z,SAT-EO-01,3383,21.44,86.23,-67.96,-21.5599,-95.4857,,
2026-08-20T05:38:09Z,SAT-EO-01,3384,20.89,86.23,-67.95,-21.9267,-95.4609,,
2026-08-20T05:38:15Z,SAT-EO-01,3385,20.69,86.46,-66.68,-22.2908,-95.4362,,
2026-08-20T05:38:21Z,SAT-EO-01,3386,20.69,86.05,-67.54,-22.6665,-95.4107,,
2026-08-20T05:38:27Z,SAT-EO-01,3387,20.81,86.45,-68.79,-23.0386,-95.3853,,
2026-08-20T05:38:33Z,SAT-EO-01,3388,21.19,86.34,-67.79,-23.4023,-95.3605,,
2026-08-20T05:38:39Z,SAT-EO-01,3389,20.53,86.35,-67.81,-23.7696,-95.3353,,
2026-08-20T05:38:45Z,SAT-EO-01,3390,20.18,85.83,-67.24,-24.1275,-95.3107,,
2026-08-20T05:38:51Z,SAT-EO-01,3391,20.61,86.49,-67.6,-24.4956,-95.2854,,
2026-08-20T05:38:57Z,SAT-EO-01,3392,20.26,86.0,-67.95,-24.8662,-95.2597,,
2026-08-20T05:39:03Z,SAT-EO-01,3393,20.25,85.91,-67.74,-25.2181,-95.2353,,
2026-08-20T05:39:09Z,SAT-EO-01,3394,20.71,85.73,-68.69,-25.5733,-95.2106,,
2026-08-20T05:39:15Z,SAT-EO-01,3395,21.31,85.98,-66.67,-25.9391,-95.1851,,
2026-08-20T05:39:21Z,SAT-EO-01,3396,20.12,86.23,-69.3,-26.2943,-95.1603,,
2026-08-20T05:39:27Z,SAT-EO-01,3397,20.23,85.78,-69.12,-26.652,-95.1352,,
2026-08-20T05:39:33Z,SAT-EO-01,3398,19.84,85.67,-68.7,-27.0093,-95.11,,
2026-08-20T05:39:39Z,SAT-EO-01,3399,21.02,85.68,-67.82,-27.3631,-95.085,,
2026-08-20T05:39:45Z,SAT-EO-01,3400,19.91,85.83,-68.15,-27.7224,-95.0595,,
2026-08-20T05:39:51Z,SAT-EO-01,3401,20.51,85.76,-67.92,-28.069,-95.0349,,
2026-08-20T05:39:57Z,SAT-EO-01,3402,19.97,85.74,-67.87,-28.4235,-95.0095,,
2026-08-20T05:40:03Z,SAT-EO-01,3403,19.9,85.31,-70.15,-28.7805,-94.984,,
2026-08-20T05:40:09Z,SAT-EO-01,3404,20.6,85.83,-67.75,-29.1194,-94.9596,,
2026-08-20T05:40:15Z,SAT-EO-01,3405,20.4,85.03,-69.27,-29.47,-94.9343,,
2026-08-20T05:40:21Z,SAT-EO-01,3406,20.32,85.53,-68.01,-29.8078,-94.9098,,
2026-08-20T05:40:27Z,SAT-EO-01,3407,20.28,85.32,-67.73,-30.1598,-94.8842,,
2026-08-20T05:40:33Z,SAT-EO-01,3408,20.06,85.6,-68.9,-30.4999,-94.8594,,
2026-08-20T05:40:39Z,SAT-EO-01,3409,20.17,85.36,-69.58,-30.8388,-94.8345,,
2026-08-20T05:40:45Z,SAT-EO-01,3410,20.44,85.39,-69.12,-31.1774,-94.8096,,
2026-08-20T05:40:51Z,SAT-EO-01,3411,19.57,84.88,-68.71,-31.5201,-94.7843,,
2026-08-20T05:40:57Z,SAT-EO-01,3412,19.69,85.44,-66.75,-31.8575,-94.7593,,
2026-08-20T05:41:03Z,SAT-EO-01,3413,19.99,85.33,-68.65,-32.1934,-94.7342,,
2026-08-20T05:41:09Z,SAT-EO-01,3414,19.97,85.44,-69.99,-32.525,-94.7094,,
2026-08-20T05:41:15Z,SAT-EO-01,3415,19.85,84.52,-68.44,-32.8523,-94.6848,,
2026-08-20T05:41:21Z,SAT-EO-01,3416,20.0,85.16,-68.37,-33.1761,-94.6604,,
2026-08-20T05:41:27Z,SAT-EO-01,3417,19.47,84.53,-69.45,-33.5109,-94.635,,
2026-08-20T05:41:33Z,SAT-EO-01,3418,19.74,84.98,-68.38,-33.8393,-94.61,,
2026-08-20T05:41:39Z,SAT-EO-01,3419,20.28,85.19,-70.56,-34.1687,-94.5848,,
2026-08-20T05:41:45Z,SAT-EO-01,3420,20.38,85.34,-68.41,-34.5017,-94.5593,,
2026-08-20T05:41:51Z,SAT-EO-01,3421,19.47,85.15,-68.36,-34.8231,-94.5345,,
2026-08-20T05:41:57Z,SAT-EO-01,3422,19.52,84.61,-68.33,-35.1459,-94.5094,,
2026-08-20T05:42:03Z,SAT-EO-01,3423,20.58,84.56,-68.28,-35.4683,-94.4843,,
2026-08-20T05:42:09Z,SAT-EO-01,3424,19.47,84.6,-69.98,-35.7925,-94.4589,,
2026-08-20T05:42:15Z,SAT-EO-01,3425,20.17,85.05,-69.92,-36.1127,-94.4337,,
2026-08-20T05:42:21Z,SAT-EO-01,3426,20.33,84.58,-69.6,-36.4272,-94.4089,,
2026-08-20T05:42:27Z,SAT-EO-01,3427,19.84,84.77,-69.4,-36.7447,-94.3836,,
2026-08-20T05:42:34Z,SAT-EO-01,3428,20.01,84.47,-68.64,-37.0631,-94.3582,,
2026-08-20T05:42:40Z,SAT-EO-01,3429,19.88,84.42,-70.35,-37.377,-94.333,,
2026-08-20T05:42:46Z,SAT-EO-01,3430,19.65,84.42,-70.33,-37.6902,-94.3077,,
2026-08-20T05:42:52Z,SAT-EO-01,3431,19.36,84.2,-69.78,-37.9991,-94.2826,,
2026-08-20T05:42:58Z,SAT-EO-01,3432,19.79,84.33,-70.89,-38.299,-94.2581,,
2026-08-20T05:43:04Z,SAT-EO-01,3433,20.04,84.36,-69.55,-38.6043,-94.2331,,
2026-08-20T05:43:10Z,SAT-EO-01,3434,19.4,84.53,-69.45,-38.9055,-94.2082,,
2026-08-20T05:43:16Z,SAT-EO-01,3435,19.0,84.2,-69.68,-39.2069,-94.1832,,
2026-08-20T05:43:21Z,SAT-EO-01,3436,19.23,84.3,-70.15,-39.504,-94.1584,,
2026-08-20T05:43:28Z,SAT-EO-01,3437,19.89,84.11,-70.64,-39.8075,-94.1329,,
2026-08-20T05:43:34Z,SAT-EO-01,3438,20.17,84.63,-71.08,-40.0997,-94.1082,,
2026-08-20T05:43:39Z,SAT-EO-01,3439,19.35,84.22,-69.85,-40.3919,-94.0834,,
2026-08-20T05:43:46Z,SAT-EO-01,3440,19.8,84.52,-69.78,-40.6862,-94.0583,,
2026-08-20T05:43:52Z,SAT-EO-01,3441,19.71,84.21,-70.27,-40.9777,-94.0332,,
2026-08-20T05:43:57Z,SAT-EO-01,3442,19.52,84.32,-69.47,-41.262,-94.0086,,
2026-08-20T05:44:03Z,SAT-EO-01,3443,20.11,84.37,-68.39,-41.5499,-93.9836,,
2026-08-20T05:44:09Z,SAT-EO-01,3444,19.14,83.76,-69.09,-41.8297,-93.959,,
2026-08-20T05:44:15Z,SAT-EO-01,3445,19.95,83.84,-71.03,-42.1084,-93.9345,,
2026-08-20T05:44:21Z,SAT-EO-01,3446,19.86,84.45,-70.24,-42.3918,-93.9093,,
2026-08-20T05:44:27Z,SAT-EO-01,3447,19.38,84.56,-70.75,-42.6723,-93.8843,,
2026-08-20T05:44:33Z,SAT-EO-01,3448,19.27,83.72,-70.36,-42.9457,-93.8597,,
2026-08-20T05:44:39Z,SAT-EO-01,3449,19.2,84.06,-69.7,-43.2282,-93.8341,,
2026-08-20T05:44:45Z,SAT-EO-01,3450,20.0,84.12,-69.49,-43.5068,-93.8087,,
2026-08-20T05:44:51Z,SAT-EO-01,3451,20.06,84.03,-70.99,-43.7792,-93.7837,,
2026-08-20T05:44:58Z,SAT-EO-01,3452,19.0,83.74,-70.0,-44.055,-93.7582,,
2026-08-20T05:45:04Z,SAT-EO-01,3453,19.42,83.94,-70.27,-44.3299,-93.7326,,
2026-08-20T05:45:10Z,SAT-EO-01,3454,18.93,84.3,-69.9,-44.5989,-93.7074,,
2026-08-20T05:45:16Z,SAT-EO-01,3455,19.5,83.67,-70.76,-44.8676,-93.682,,
2026-08-20T05:45:22Z,SAT-EO-01,3456,18.85,83.4,-71.6,-45.1241,-93.6575,,
2026-08-20T05:45:28Z,SAT-EO-01,3457,18.81,84.19,-70.79,-45.3886,-93.6322,,
2026-08-20T05:45:34Z,SAT-EO-01,3458,19.13,84.04,-69.42,-45.6431,-93.6076,,
2026-08-20T05:45:40Z,SAT-EO-01,3459,19.6,83.47,-70.43,-45.9031,-93.5822,,
2026-08-20T05:45:46Z,SAT-EO-01,3460,19.05,84.16,-69.67,-46.1541,-93.5576,,
2026-08-20T05:45:52Z,SAT-EO-01,3461,19.06,83.23,-70.3,-46.4129,-93.5319,,
2026-08-20T05:45:58Z,SAT-EO-01,3462,18.26,83.58,-71.1,-46.66,-93.5073,,
2026-08-20T05:46:04Z,SAT-EO-01,3463,18.79,83.28,-69.65,-46.9065,-93.4825,,
2026-08-20T05:46:10Z,SAT-EO-01,3464,19.08,83.49,-69.97,-47.1519,-93.4576,,
2026-08-20T05:46:16Z,SAT-EO-01,3465,19.56,83.45,-72.07,-47.3972,-93.4325,,
2026-08-20T05:46:22Z,SAT-EO-01,3466,19.1,83.38,-68.8,-47.6352,-93.4079,,
2026-08-20T05:46:27Z,SAT-EO-01,3467,19.03,82.8,-69.98,-47.8706,-93.3834,,
2026-08-20T05:46:34Z,SAT-EO-01,3468,18.72,83.58,-71.24,-48.1106,-93.3583,,
2026-08-20T05:46:40Z,SAT-EO-01,3469,19.03,83.36,-71.02,-48.3466,-93.3333,,
2026-08-20T05:46:45Z,SAT-EO-01,3470,19.03,83.32,-71.15,-48.5763,-93.3087,,
2026-08-20T05:46:52Z,SAT-EO-01,3471,18.85,83.58,-71.06,-48.8133,-93.2832,,
2026-08-20T05:46:57Z,SAT-EO-01,3472,18.83,82.97,-70.48,-49.0397,-93.2585,,
2026-08-20T05:47:03Z,SAT-EO-01,3473,19.08,83.32,-71.77,-49.2634,-93.2339,,
2026-08-20T05:47:09Z,SAT-EO-01,3474,19.25,83.39,-69.95,-49.4898,-93.2088,,
2026-08-20T05:47:15Z,SAT-EO-01,3475,18.23,83.49,-71.18,-49.7123,-93.1839,,
2026-08-20T05:47:21Z,SAT-EO-01,3476,18.63,83.0,-70.98,-49.9381,-93.1584,,
2026-08-20T05:47:28Z,SAT-EO-01,3477,18.42,82.94,-70.67,-50.1612,-93.1329,,
2026-08-20T05:47:34Z,SAT-EO-01,3478,18.12,83.58,-71.29,-50.3783,-93.1079,,
2026-08-20T05:47:40Z,SAT-EO-01,3479,18.5,83.23,-70.74,-50.5908,-93.0831,,
2026-08-20T05:47:46Z,SAT-EO-01,3480,19.08,83.59,-71.49,-50.805,-93.0579,,
2026-08-20T05:47:51Z,SAT-EO-01,3481,18.76,82.77,-71.57,-51.0106,-93.0334,,
2026-08-20T05:47:58Z,SAT-EO-01,3482,18.71,83.04,-71.1,-51.2227,-93.0079,,
2026-08-20T05:48:04Z,SAT-EO-01,3483,18.35,83.29,-70.72,-51.4281,-92.9829,,
2026-08-20T05:48:10Z,SAT-EO-01,3484,18.62,82.94,-71.23,-51.6359,-92.9573,,
2026-08-20T05:48:16Z,SAT-EO-01,3485,18.43,82.51,-72.28,-51.8342,-92.9326,,
2026-08-20T05:48:22Z,SAT-EO-01,3486,18.08,83.13,-70.81,-52.0342,-92.9075,,
2026-08-20T05:48:28Z,SAT-EO-01,3487,18.64,83.27,-72.04,-52.2337,-92.8821,,
2026-08-20T05:48:34Z,SAT-EO-01,3488,18.61,83.12,-71.29,-52.4254,-92.8574,,
2026-08-20T05:48:40Z,SAT-EO-01,3489,19.64,82.87,-71.5,-52.6213,-92.8319,,
2026-08-20T05:48:46Z,SAT-EO-01,3490,18.98,82.86,-71.57,-52.8109,-92.8069,,
2026-08-20T05:48:52Z,SAT-EO-01,3491,18.57,82.44,-72.13,-53.0019,-92.7814,,
2026-08-20T05:48:58Z,SAT-EO-01,3492,18.69,82.49,-71.36,-53.1896,-92.756,,
2026-08-20T05:49:04Z,SAT-EO-01,3493,18.87,83.13,-71.03,-53.3718,-92.731,,
2026-08-20T05:49:10Z,SAT-EO-01,3494,18.43,82.57,-71.77,-53.5521,-92.706,,
2026-08-20T05:49:16Z,SAT-EO-01,3495,18.51,82.4,-72.28,-53.7336,-92.6805,,
2026-08-20T05:49:22Z,SAT-EO-01,3496,18.68,82.91,-72.47,-53.9093,-92.6554,,
2026-08-20T05:49:28Z,SAT-EO-01,3497,18.9,82.91,-73.61,-54.0829,-92.6303,,
2026-08-20T05:49:34Z,SAT-EO-01,3498,18.75,82.63,-71.24,-54.2548,-92.6052,,
2026-08-20T05:49:40Z,SAT-EO-01,3499,18.01,82.15,-71.94,-54.4215,-92.5804,,
2026-08-20T05:49:46Z,SAT-EO-01,3500,18.13,82.19,-71.05,-54.5873,-92.5554,,
2026-08-20T05:49:52Z,SAT-EO-01,3501,18.21,82.64,-72.72,-54.7518,-92.5302,,
2026-08-20T05:49:58Z,SAT-EO-01,3502,18.23,82.62,-71.29,-54.91,-92.5057,,
2026-08-20T05:50:04Z,SAT-EO-01,3503,18.54,82.71,-71.56,-55.0704,-92.4804,,
2026-08-20T05:50:10Z,SAT-EO-01,3504,18.33,82.61,-72.47,-55.2284,-92.4552,,
2026-08-20T05:50:16Z,SAT-EO-01,3505,18.26,82.73,-72.27,-55.3837,-92.4299,,
2026-08-20T05:50:22Z,SAT-EO-01,3506,18.35,82.53,-72.72,-55.5339,-92.4051,,
2026-08-20T05:50:28Z,SAT-EO-01,3507,18.37,82.14,-72.42,-55.6852,-92.3797,,
2026-08-20T05:50:34Z,SAT-EO-01,3508,18.23,82.53,-72.8,-55.8319,-92.3547,,
2026-08-20T05:50:40Z,SAT-EO-01,3509,18.34,82.23,-72.54,-55.9726,-92.3303,,
2026-08-20T05:50:46Z,SAT-EO-01,3510,18.32,82.58,-71.63,-56.1149,-92.3052,,
2026-08-20T05:50:52Z,SAT-EO-01,3511,18.88,82.67,-71.84,-56.2516,-92.2807,,
2026-08-20T05:50:58Z,SAT-EO-01,3512,18.52,82.67,-71.83,-56.3893,-92.2555,,
2026-08-20T05:51:04Z,SAT-EO-01,3513,17.88,82.03,-72.2,-56.5247,-92.2303,,
2026-08-20T05:51:10Z,SAT-EO-01,3514,18.27,82.28,-73.75,-56.6579,-92.2051,,
2026-08-20T05:51:16Z,SAT-EO-01,3515,18.07,81.97,-71.18,-56.7861,-92.1803,,
2026-08-20T05:51:22Z,SAT-EO-01,3516,17.76,82.12,-72.95,-56.9149,-92.1549,,
2026-08-20T05:51:28Z,SAT-EO-01,3517,18.46,82.42,-70.56,-57.0403,-92.1297,,
2026-08-20T05:51:34Z,SAT-EO-01,3518,18.35,81.96,-72.74,-57.1597,-92.1052,,
2026-08-20T05:51:40Z,SAT-EO-01,3519,18.68,82.32,-72.02,-57.2777,-92.0805,,
2026-08-20T05:51:46Z,SAT-EO-01,3520,18.73,82.41,-72.54,-57.3948,-92.0555,,
2026-08-20T05:51:52Z,SAT-EO-01,3521,17.9,82.1,-72.12,-57.5096,-92.0304,,
2026-08-20T05:51:58Z,SAT-EO-01,3522,19.01,82.41,-71.85,-57.6187,-92.006,,
2026-08-20T05:52:04Z,SAT-EO-01,3523,18.1,82.11,-73.18,-57.729,-91.9808,,
2026-08-20T05:52:10Z,SAT-EO-01,3524,17.99,82.6,-73.44,-57.8356,-91.9559,,
2026-08-20T05:52:16Z,SAT-EO-01,3525,17.96,82.2,-72.49,-57.9424,-91.9303,,
2026-08-20T05:52:22Z,SAT-EO-01,3526,18.27,81.49,-73.18,-58.0464,-91.9047,,
2026-08-20T05:52:28Z,SAT-EO-01,3527,17.8,82.33,-71.91,-58.1447,-91.8799,,
2026-08-20T05:52:34Z,SAT-EO-01,3528,18.46,82.16,-72.73,-58.241,-91.855,,
2026-08-20T05:52:40Z,SAT-EO-01,3529,17.6,82.44,-72.81,-58.3365,-91.8297,,
2026-08-20T05:52:46Z,SAT-EO-01,3530,17.68,82.33,-72.98,-58.4269,-91.805,,
2026-08-20T05:52:52Z,SAT-EO-01,3531,17.99,81.61,-72.86,-58.5159,-91.78,,
2026-08-20T05:52:58Z,SAT-EO-01,3532,18.05,82.25,-72.82,-58.6039,-91.7545,,
2026-08-20T05:53:04Z,SAT-EO-01,3533,18.17,82.17,-72.76,-58.686,-91.73,,
2026-08-20T05:53:10Z,SAT-EO-01,3534,18.24,82.2,-72.89,-58.766,-91.7054,,
2026-08-20T05:53:16Z,SAT-EO-01,3535,18.57,82.27,-72.11,-58.8464,-91.6799,,
2026-08-20T05:53:22Z,SAT-EO-01,3536,18.51,82.21,-71.23,-58.9238,-91.6545,,
2026-08-20T05:53:28Z,SAT-EO-01,3537,18.01,82.54,-72.06,-58.9963,-91.6298,,
2026-08-20T05:53:34Z,SAT-EO-01,3538,17.85,81.8,-72.23,-59.068,-91.6046,,
2026-08-20T05:53:41Z,SAT-EO-01,3539,18.16,81.92,-73.3,-59.1378,-91.5791,,
2026-08-20T05:53:47Z,SAT-EO-01,3540,18.47,81.98,-72.21,-59.205,-91.5535,,
2026-08-20T05:53:53Z,SAT-EO-01,3541,17.69,81.84,-72.9,-59.2665,-91.5291,,
2026-08-20T05:53:59Z,SAT-EO-01,3542,17.78,82.02,-73.48,-59.3272,-91.5041,,
2026-08-20T05:54:04Z,SAT-EO-01,3543,18.77,82.19,-73.47,-59.3847,-91.4793,,
2026-08-20T05:54:11Z,SAT-EO-01,3544,18.19,82.24,-72.63,-59.4409,-91.4539,,
2026-08-20T05:54:17Z,SAT-EO-01,3545,17.32,81.8,-72.77,-59.4935,-91.429,,
2026-08-20T05:54:23Z,SAT-EO-01,3546,18.15,82.17,-71.89,-59.5447,-91.4034,,
2026-08-20T05:54:29Z,SAT-EO-01,3547,17.81,81.98,-72.1,-59.5913,-91.3789,,
2026-08-20T05:54:34Z,SAT-EO-01,3548,18.35,81.97,-74.42,-59.6358,-91.3542,,
2026-08-20T05:54:40Z,SAT-EO-01,3549,17.79,82.3,-72.66,-59.6772,-91.3298,,
2026-08-20T05:54:46Z,SAT-EO-01,3550,18.16,82.08,-74.57,-59.7173,-91.3046,,
2026-08-20T05:54:52Z,SAT-EO-01,3551,18.35,81.92,-71.93,-59.7543,-91.2797,,
2026-08-20T05:54:58Z,SAT-EO-01,3552,17.99,82.1,-70.86,-59.7883,-91.2552,,
2026-08-20T05:55:04Z,SAT-EO-01,3553,18.26,81.79,-72.85,-59.8203,-91.2301,,
2026-08-20T05:55:10Z,SAT-EO-01,3554,17.73,82.03,-72.28,-59.8498,-91.205,,
2026-08-20T05:55:16Z,SAT-EO-01,3555,17.71,82.05,-73.66,-59.8761,-91.1805,,
2026-08-20T05:55:22Z,SAT-EO-01,3556,18.02,82.05,-72.74,-59.9002,-91.1555,,
2026-08-20T05:55:28Z,SAT-EO-01,3557,18.25,81.73,-72.78,-59.9214,-91.1311,,
2026-08-20T05:55:34Z,SAT-EO-01,3558,18.47,81.91,-72.21,-59.9404,-91.106,,
2026-08-20T05:55:40Z,SAT-EO-01,3559,17.46,82.26,-74.2,-59.9568,-91.0809,,
2026-08-20T05:55:46Z,SAT-EO-01,3560,18.14,82.35,-73.58,-59.9703,-91.0564,,
2026-08-20T05:55:52Z,SAT-EO-01,3561,18.74,81.85,-71.84,-59.9817,-91.0309,,
2026-08-20T05:55:58Z,SAT-EO-01,3562,18.12,82.05,-74.34,-59.9903,-91.0055,,
2026-08-20T05:56:04Z,SAT-EO-01,3563,18.09,81.85,-73.66,-59.9962,-90.9799,,
2026-08-20T05:56:10Z,SAT-EO-01,3564,18.27,82.1,-72.19,-59.9993,-90.9551,,
2026-08-20T05:56:16Z,SAT-EO-01,3565,18.04,81.95,-72.66,-59.9999,-90.9303,,
2026-08-20T05:56:22Z,SAT-EO-01,3566,18.08,82.13,-72.43,-59.9978,-90.905,,
2026-08-20T05:56:28Z,SAT-EO-01,3567,18.31,81.96,-73.9,-59.993,-90.8799,,
2026-08-20T05:56:34Z,SAT-EO-01,3568,18.58,82.1,-74.44,-59.9858,-90.8554,,
2026-08-20T05:56:40Z,SAT-EO-01,3569,18.05,81.62,-72.63,-59.976,-90.8307,,
2026-08-20T05:56:46Z,SAT-EO-01,3570,17.83,81.72,-72.8,-59.9635,-90.8057,,
2026-08-20T05:56:52Z,SAT-EO-01,3571,18.45,81.91,-73.57,-59.9485,-90.7809,,
2026-08-20T05:56:58Z,SAT-EO-01,3572,18.25,82.03,-72.51,-59.9307,-90.7557,,
2026-08-20T05:57:04Z,SAT-EO-01,3573,18.23,82.23,-71.61,-59.9101,-90.7305,,
2026-08-20T05:57:10Z,SAT-EO-01,3574,18.43,82.31,-72.28,-59.8866,-90.7051,,
2026-08-20T05:57:16Z,SAT-EO-01,3575,17.66,81.92,-75.44,-59.8613,-90.6804,,
2026-08-20T05:57:22Z,SAT-EO-01,3576,18.15,82.34,-72.56,-59.8322,-90.6548,,
2026-08-20T05:57:28Z,SAT-EO-01,3577,18.15,82.3,-73.83,-59.8015,-90.63,,
2026-08-20T05:57:34Z,SAT-EO-01,3578,18.38,82.32,-71.54,-59.7679,-90.6049,,
2026-08-20T05:57:40Z,SAT-EO-01,3579,17.84,82.22,-74.15,-59.7309,-90.5794,,
2026-08-20T05:57:46Z,SAT-EO-01,3580,17.88,81.9,-71.61,-59.6931,-90.555,,
2026-08-20T05:57:52Z,SAT-EO-01,3581,18.25,82.17,-72.89,-59.6521,-90.5303,,
2026-08-20T05:57:58Z,SAT-EO-01,3582,18.09,81.79,-73.49,-59.6082,-90.5053,,
2026-08-20T05:58:04Z,SAT-EO-01,3583,18.24,81.84,-73.4,-59.5623,-90.4807,,
2026-08-20T05:58:10Z,SAT-EO-01,3584,17.31,81.84,-73.07,-59.5141,-90.4561,,
2026-08-20T05:58:16Z,SAT-EO-01,3585,18.08,82.03,-71.56,-59.4623,-90.4311,,
2026-08-20T05:58:22Z,SAT-EO-01,3586,18.22,81.87,-73.07,-59.4082,-90.4062,,
2026-08-20T05:58:28Z,SAT-EO-01,3587,17.01,82.41,-72.29,-59.3512,-90.3811,,
2026-08-20T05:58:34Z,SAT-EO-01,3588,18.24,82.17,-73.67,-59.291,-90.3558,,
2026-08-20T05:58:40Z,SAT-EO-01,3589,17.74,82.47,-74.1,-59.2302,-90.3313,,
2026-08-20T05:58:46Z,SAT-EO-01,3590,18.49,82.3,-72.78,-59.1671,-90.3069,,
2026-08-20T05:58:52Z,SAT-EO-01,3591,18.55,82.18,-73.53,-59.0995,-90.2818,,
2026-08-20T05:58:58Z,SAT-EO-01,3592,18.09,82.48,-72.23,-59.0295,-90.2567,,
2026-08-20T05:59:04Z,SAT-EO-01,3593,18.32,82.41,-73.16,-58.9561,-90.2314,,
2026-08-20T05:59:10Z,SAT-EO-01,3594,17.61,81.65,-72.49,-58.8801,-90.206,,
2026-08-20T05:59:16Z,SAT-EO-01,3595,18.96,82.17,-72.47,-58.8036,-90.1814,,
2026-08-20T05:59:22Z,SAT-EO-01,3596,17.67,82.34,-74.26,-58.7237,-90.1565,,
2026-08-20T05:59:28Z,SAT-EO-01,3597,18.31,82.34,-73.2,-58.6398,-90.1311,,
2026-08-20T05:59:34Z,SAT-EO-01,3598,18.59,82.38,-72.9,-58.5535,-90.1058,,
2026-08-20T05:59:40Z,SAT-EO-01,3599,18.27,81.73,-73.3,-58.467,-90.0812,,
2026-08-20T05:59:46Z,SAT-EO-01,3600,17.5,82.21,-71.75,-58.3766,-90.0562,,
2026-08-20T05:59:52Z,SAT-EO-01,3601,17.94,81.83,-71.32,-58.2843,-90.0314,,
2026-08-20T05:59:58Z,SAT-EO-01,3602,18.17,82.07,-73.68,-58.1907,-90.0069,,
2026-08-20T06:00:04Z,SAT-EO-01,3603,18.59,82.1,-72.61,-58.0934,-89.982,,
2026-08-20T06:00:10Z,SAT-EO-01,3604,17.44,82.43,-73.36,-57.9922,-89.9569,,
2026-08-20T06:00:16Z,SAT-EO-01,3605,18.63,82.19,-72.21,-57.8889,-89.9318,,
2026-08-20T06:00:22Z,SAT-EO-01,3606,18.06,82.5,-72.34,-57.783,-89.9067,,
2026-08-20T06:00:28Z,SAT-EO-01,3607,18.68,82.42,-71.3,-57.6731,-89.8813,,
2026-08-20T06:00:34Z,SAT-EO-01,3608,17.41,82.44,-73.83,-57.5648,-89.8569,,
2026-08-20T06:00:40Z,SAT-EO-01,3609,18.2,82.68,-71.07,-57.4511,-89.8318,,
2026-08-20T06:00:46Z,SAT-EO-01,3610,18.23,82.52,-72.29,-57.3354,-89.8068,,
2026-08-20T06:00:52Z,SAT-EO-01,3611,18.08,82.35,-71.33,-57.2178,-89.7819,,
2026-08-20T06:00:58Z,SAT-EO-01,3612,18.22,82.55,-72.99,-57.0968,-89.7568,,
2026-08-20T06:01:04Z,SAT-EO-01,3613,18.47,82.72,-71.68,-56.9751,-89.7321,,
2026-08-20T06:01:10Z,SAT-EO-01,3614,18.62,82.27,-73.69,-56.8476,-89.7068,,
2026-08-20T06:01:16Z,SAT-EO-01,3615,18.88,82.25,-73.04,-56.7184,-89.6816,,
2026-08-20T06:01:22Z,SAT-EO-01,3616,18.36,82.62,-71.31,-56.5858,-89.6562,,
2026-08-20T06:01:28Z,SAT-EO-01,3617,18.03,82.04,-73.05,-56.455,-89.6316,,
2026-08-20T06:01:34Z,SAT-EO-01,3618,18.01,82.66,-70.71,-56.3172,-89.6063,,
2026-08-20T06:01:40Z,SAT-EO-01,3619,17.87,82.6,-72.76,-56.181,-89.5816,,
2026-08-20T06:01:46Z,SAT-EO-01,3620,17.93,82.18,-71.52,-56.044,-89.5572,,
2026-08-20T06:01:52Z,SAT-EO-01,3621,18.2,81.92,-71.45,-55.8988,-89.5318,,
2026-08-20T06:01:58Z,SAT-EO-01,3622,18.61,81.95,-72.17,-55.7554,-89.5072,,
2026-08-20T06:02:04Z,SAT-EO-01,3623,18.17,83.09,-72.72,-55.6056,-89.4818,,
2026-08-20T06:02:10Z,SAT-EO-01,3624,18.6,82.42,-71.03,-55.4534,-89.4565,,
2026-08-20T06:02:16Z,SAT-EO-01,3625,18.88,82.22,-71.28,-55.2969,-89.4309,,
2026-08-20T06:02:22Z,SAT-EO-01,3626,18.65,82.75,-71.49,-55.1451,-89.4065,,
2026-08-20T06:02:28Z,SAT-EO-01,3627,18.34,82.12,-72.1,-54.9861,-89.3812,,
2026-08-20T06:02:34Z,SAT-EO-01,3628,18.04,82.35,-72.37,-54.8282,-89.3566,,
2026-08-20T06:02:40Z,SAT-EO-01,3629,17.57,82.8,-70.2,-54.668,-89.3319,,
2026-08-20T06:02:46Z,SAT-EO-01,3630,18.62,82.5,-72.65,-54.4998,-89.3064,,
2026-08-20T06:02:52Z,SAT-EO-01,3631,18.35,82.65,-72.26,-54.3286,-89.2808,,
2026-08-20T06:02:58Z,SAT-EO-01,3632,18.47,82.05,-72.29,-54.1626,-89.2563,,
2026-08-20T06:03:04Z,SAT-EO-01,3633,18.7,82.68,-70.34,-53.9897,-89.2312,,
2026-08-20T06:03:10Z,SAT-EO-01,3634,18.58,82.62,-72.26,-53.812,-89.2057,,
2026-08-20T06:03:16Z,SAT-EO-01,3635,18.49,82.46,-72.41,-53.6388,-89.1812,,
2026-08-20T06:03:22Z,SAT-EO-01,3636,17.87,82.8,-72.73,-53.4554,-89.1556,,
2026-08-20T06:03:28Z,SAT-EO-01,3637,18.61,82.29,-71.84,-53.2777,-89.1311,,
2026-08-20T06:03:34Z,SAT-EO-01,3638,18.71,82.55,-71.96,-53.098,-89.1066,,
2026-08-20T06:03:40Z,SAT-EO-01,3639,18.31,82.87,-69.82,-52.9146,-89.0819,,
2026-08-20T06:03:46Z,SAT-EO-01,3640,18.29,83.16,-72.11,-52.7271,-89.057,,
2026-08-20T06:03:52Z,SAT-EO-01,3641,17.73,82.74,-70.95,-52.5383,-89.0323,,
2026-08-20T06:03:58Z,SAT-EO-01,3642,18.47,82.96,-72.43,-52.3436,-89.007,,
2026-08-20T06:04:04Z,SAT-EO-01,3643,18.31,83.03,-71.85,-52.1447,-88.9815,,
2026-08-20T06:04:10Z,SAT-EO-01,3644,18.86,83.24,-71.43,-51.9477,-88.9566,,
2026-08-20T06:04:16Z,SAT-EO-01,3645,18.66,82.53,-69.51,-51.7436,-88.931,,
2026-08-20T06:04:22Z,SAT-EO-01,3646,18.47,83.08,-71.59,-51.5418,-88.9061,,
2026-08-20T06:04:28Z,SAT-EO-01,3647,19.2,83.25,-69.84,-51.3419,-88.8816,,
2026-08-20T06:04:34Z,SAT-EO-01,3648,18.68,82.85,-71.49,-51.1388,-88.857,,
2026-08-20T06:04:40Z,SAT-EO-01,3649,18.83,83.1,-71.09,-50.9297,-88.832,,
2026-08-20T06:04:46Z,SAT-EO-01,3650,19.28,83.76,-72.05,-50.7142,-88.8064,,
2026-08-20T06:04:52Z,SAT-EO-01,3651,19.12,83.03,-71.07,-50.5,-88.7813,,
2026-08-20T06:04:58Z,SAT-EO-01,3652,18.27,83.69,-71.1,-50.2822,-88.756,,
2026-08-20T06:05:04Z,SAT-EO-01,3653,19.06,83.14,-71.3,-50.0657,-88.7311,,
2026-08-20T06:05:10Z,SAT-EO-01,3654,18.93,83.27,-69.97,-49.8457,-88.7061,,
2026-08-20T06:05:16Z,SAT-EO-01,3655,19.4,83.12,-71.13,-49.6182,-88.6805,,
2026-08-20T06:05:22Z,SAT-EO-01,3656,19.31,82.68,-70.12,-49.39,-88.6551,,
2026-08-20T06:05:28Z,SAT-EO-01,3657,19.33,83.09,-71.15,-49.1681,-88.6306,,
2026-08-20T06:05:34Z,SAT-EO-01,3658,18.92,83.41,-71.67,-48.9412,-88.6057,,
2026-08-20T06:05:40Z,SAT-EO-01,3659,19.3,83.7,-71.64,-48.7052,-88.5802,,
2026-08-20T06:05:46Z,SAT-EO-01,3660,18.9,83.76,-70.08,-48.4698,-88.5549,,
2026-08-20T06:05:52Z,SAT-EO-01,3661,19.12,83.54,-71.62,-48.2301,-88.5294,,
2026-08-20T06:05:58Z,SAT-EO-01,3662,18.97,83.4,-69.43,-47.9935,-88.5044,,
2026-08-20T06:06:04Z,SAT-EO-01,3663,19.02,83.3,-71.72,-47.7558,-88.4796,,
2026-08-20T06:06:10Z,SAT-EO-01,3664,18.63,82.95,-70.07,-47.5127,-88.4544,,
2026-08-20T06:06:16Z,SAT-EO-01,3665,19.25,83.32,-71.19,-47.2676,-88.4292,,
2026-08-20T06:06:23Z,SAT-EO-01,3666,18.81,83.29,-70.22,-47.0187,-88.4039,,
2026-08-20T06:06:28Z,SAT-EO-01,3667,19.15,83.68,-69.71,-46.7759,-88.3793,,
2026-08-20T06:06:34Z,SAT-EO-01,3668,18.56,83.47,-70.6,-46.5311,-88.3548,,
2026-08-20T06:06:40Z,SAT-EO-01,3669,19.01,83.4,-71.76,-46.2809,-88.33,,
2026-08-20T06:06:46Z,SAT-EO-01,3670,18.31,83.95,-71.09,-46.0331,-88.3055,,
2026-08-20T06:06:52Z,SAT-EO-01,3671,18.77,84.01,-69.19,-45.7793,-88.2807,,
2026-08-20T06:06:58Z,SAT-EO-01,3672,18.4,83.83,-70.35,-45.5159,-88.2551,,
2026-08-20T06:07:04Z,SAT-EO-01,3673,18.09,83.36,-69.79,-45.25,-88.2295,,
2026-08-20T06:07:10Z,SAT-EO-01,3674,19.83,83.84,-69.93,-44.9866,-88.2043,,
2026-08-20T06:07:16Z,SAT-EO-01,3675,19.9,83.64,-71.93,-44.7231,-88.1793,,
2026-08-20T06:07:22Z,SAT-EO-01,3676,18.43,83.8,-71.34,-44.464,-88.155,,
2026-08-20T06:07:28Z,SAT-EO-01,3677,19.25,83.4,-70.86,-44.1923,-88.1295,,
2026-08-20T06:07:35Z,SAT-EO-01,3678,19.1,83.65,-69.17,-43.9167,-88.104,,
2026-08-20T06:07:41Z,SAT-EO-01,3679,18.86,83.71,-69.21,-43.6386,-88.0784,,
2026-08-20T06:07:47Z,SAT-EO-01,3680,19.33,83.86,-70.02,-43.3695,-88.0537,,
2026-08-20T06:07:53Z,SAT-EO-01,3681,18.23,83.84,-70.79,-43.0886,-88.0282,,
2026-08-20T06:07:59Z,SAT-EO-01,3682,19.41,84.37,-67.68,-42.8114,-88.0032,,
2026-08-20T06:08:05Z,SAT-EO-01,3683,19.09,84.12,-68.59,-42.5315,-87.9781,,
2026-08-20T06:08:11Z,SAT-EO-01,3684,19.97,84.13,-70.55,-42.2481,-87.9529,,
2026-08-20T06:08:17Z,SAT-EO-01,3685,19.9,84.11,-70.47,-41.9685,-87.9282,,
2026-08-20T06:08:23Z,SAT-EO-01,3686,19.5,84.25,-69.27,-41.6827,-87.9031,,
2026-08-20T06:08:29Z,SAT-EO-01,3687,19.05,83.92,-70.06,-41.3924,-87.8777,,
2026-08-20T06:08:35Z,SAT-EO-01,3688,19.67,83.96,-69.61,-41.1105,-87.8533,,
2026-08-20T06:08:41Z,SAT-EO-01,3689,19.75,84.32,-70.03,-40.8163,-87.8279,,
2026-08-20T06:08:47Z,SAT-EO-01,3690,19.54,84.16,-68.59,-40.5262,-87.803,,
2026-08-20T06:08:53Z,SAT-EO-01,3691,19.63,84.14,-69.61,-40.2258,-87.7774,,
2026-08-20T06:08:59Z,SAT-EO-01,3692,19.89,84.01,-70.66,-39.9336,-87.7527,,
2026-08-20T06:09:05Z,SAT-EO-01,3693,19.74,84.02,-69.86,-39.6391,-87.7279,,
2026-08-20T06:09:11Z,SAT-EO-01,3694,19.77,84.53,-69.02,-39.345,-87.7033,,
2026-08-20T06:09:17Z,SAT-EO-01,3695,19.49,84.39,-67.75,-39.0381,-87.6778,,
2026-08-20T06:09:23Z,SAT-EO-01,3696,19.88,84.18,-69.2,-38.7362,-87.6528,,
2026-08-20T06:09:29Z,SAT-EO-01,3697,19.33,84.99,-69.88,-38.4326,-87.6278,,
2026-08-20T06:09:35Z,SAT-EO-01,3698,20.31,84.36,-70.76,-38.1296,-87.603,,
2026-08-20T06:09:41Z,SAT-EO-01,3699,19.99,84.7,-69.72,-37.8297,-87.5786,,
2026-08-20T06:09:47Z,SAT-EO-01,3700,19.64,84.47,-69.65,-37.5133,-87.553,,
2026-08-20T06:09:53Z,SAT-EO-01,3701,19.4,84.92,-70.77,-37.2048,-87.5282,,
2026-08-20T06:09:59Z,SAT-EO-01,3702,20.3,85.0,-70.0,-36.8987,-87.5037,,
2026-08-20T06:10:05Z,SAT-EO-01,3703,20.15,84.86,-68.36,-36.5832,-87.4785,,
2026-08-20T06:10:11Z,SAT-EO-01,3704,19.18,84.64,-68.07,-36.273,-87.4539,,
2026-08-20T06:10:17Z,SAT-EO-01,3705,20.1,84.94,-69.84,-35.9511,-87.4285,,
2026-08-20T06:10:23Z,SAT-EO-01,3706,19.62,85.04,-68.7,-35.6251,-87.403,,
2026-08-20T06:10:29Z,SAT-EO-01,3707,20.3,84.69,-68.98,-35.3128,-87.3786,,
2026-08-20T06:10:35Z,SAT-EO-01,3708,19.6,84.77,-69.31,-34.9924,-87.3536,,
2026-08-20T06:10:41Z,SAT-EO-01,3709,19.62,84.72,-69.07,-34.6671,-87.3285,,
2026-08-20T06:10:47Z,SAT-EO-01,3710,20.25,85.11,-68.76,-34.3442,-87.3036,,
2026-08-20T06:10:52Z,SAT-EO-01,3711,20.7,84.78,-68.06,-34.0259,-87.2792,,
2026-08-20T06:10:59Z,SAT-EO-01,3712,19.72,84.71,-69.06,-33.6905,-87.2536,,
2026-08-20T06:11:05Z,SAT-EO-01,3713,19.65,84.88,-68.94,-33.358,-87.2284,,
2026-08-20T06:11:11Z,SAT-EO-01,3714,19.95,85.13,-69.66,-33.0257,-87.2032,,
2026-08-20T06:11:17Z,SAT-EO-01,3715,19.9,85.33,-69.23,-32.6915,-87.1781,,
2026-08-20T06:11:23Z,SAT-EO-01,3716,20.31,84.98,-68.88,-32.3551,-87.1529,,
2026-08-20T06:11:29Z,SAT-EO-01,3717,19.89,85.14,-67.61,-32.0166,-87.1276,,
2026-08-20T06:11:35Z,SAT-EO-01,3718,19.68,84.67,-69.48,-31.6848,-87.1029,,
2026-08-20T06:11:41Z,SAT-EO-01,3719,20.11,85.19,-68.09,-31.3516,-87.0782,,
2026-08-20T06:11:47Z,SAT-EO-01,3720,20.5,85.33,-69.93,-31.0064,-87.0528,,
2026-08-20T06:11:53Z,SAT-EO-01,3721,20.55,85.32,-69.16,-30.6685,-87.028,,
2026-08-20T06:11:59Z,SAT-EO-01,3722,21.02,85.46,-68.47,-30.3338,-87.0035,,
2026-08-20T06:12:05Z,SAT-EO-01,3723,20.65,84.94,-69.13,-29.9873,-86.9782,,
2026-08-20T06:12:11Z,SAT-EO-01,3724,20.11,85.58,-69.98,-29.6379,-86.9529,,
2026-08-20T06:12:17Z,SAT-EO-01,3725,20.49,85.98,-69.06,-29.2938,-86.928,,
2026-08-20T06:12:23Z,SAT-EO-01,3726,20.02,85.2,-68.91,-28.947,-86.903,,
2026-08-20T06:12:29Z,SAT-EO-01,3727,21.11,85.6,-68.25,-28.5934,-86.8776,,
2026-08-20T06:12:35Z,SAT-EO-01,3728,19.9,86.08,-68.22,-28.2471,-86.8528,,
2026-08-20T06:12:41Z,SAT-EO-01,3729,20.88,85.49,-68.17,-27.8917,-86.8275,,
2026-08-20T06:12:47Z,SAT-EO-01,3730,20.63,85.62,-68.02,-27.5459,-86.803,,
2026-08-20T06:12:53Z,SAT-EO-01,3731,19.62,85.92,-68.35,-27.1862,-86.7775,,
2026-08-20T06:12:59Z,SAT-EO-01,3732,20.29,85.87,-68.52,-26.8247,-86.752,,
2026-08-20T06:13:05Z,SAT-EO-01,3733,20.05,85.43,-69.07,-26.4615,-86.7264,,
2026-08-20T06:13:11Z,SAT-EO-01,3734,21.38,85.97,-68.31,-26.1106,-86.7019,,
2026-08-20T06:13:17Z,SAT-EO-01,3735,20.51,85.93,-67.17,-25.7452,-86.6763,,
2026-08-20T06:13:23Z,SAT-EO-01,3736,20.42,86.06,-67.53,-25.3904,-86.6516,,
2026-08-20T06:13:29Z,SAT-EO-01,3737,21.06,85.93,-67.2,-25.0274,-86.6264,,
2026-08-20T06:13:35Z,SAT-EO-01,3738,20.54,86.79,-67.5,-24.6616,-86.6011,,
2026-08-20T06:13:41Z,SAT-EO-01,3739,20.83,86.29,-68.35,-24.306,-86.5766,,
2026-08-20T06:13:47Z,SAT-EO-01,3740,21.44,86.29,-67.27,-23.9342,-86.551,,
2026-08-20T06:13:53Z,SAT-EO-01,3741,21.16,86.73,-69.2,-23.5722,-86.5261,,
2026-08-20T06:13:59Z,SAT-EO-01,3742,20.46,85.85,-66.46,-23.2084,-86.5013,,
2026-08-20T06:14:05Z,SAT-EO-01,3743,20.85,86.73,-68.02,-22.8463,-86.4766,,
2026-08-20T06:14:11Z,SAT-EO-01,3744,20.6,86.18,-66.93,-22.4718,-86.4511,,
2026-08-20T06:14:17Z,SAT-EO-01,3745,20.16,86.19,-66.68,-22.0953,-86.4255,,
2026-08-20T06:14:23Z,SAT-EO-01,3746,20.94,86.12,-69.34,-21.7195,-86.4001,,
2026-08-20T06:14:29Z,SAT-EO-01,3747,20.95,86.4,-67.68,-21.3556,-86.3755,,
2026-08-20T06:14:35Z,SAT-EO-01,3748,20.86,86.6,-68.85,-20.9836,-86.3505,,
2026-08-20T06:14:41Z,SAT-EO-01,3749,21.43,86.52,-68.65,-20.6173,-86.3259,,
2026-08-20T06:14:47Z,SAT-EO-01,3750,20.94,86.79,-68.3,-20.24,-86.3006,,
2026-08-20T06:14:53Z,SAT-EO-01,3751,21.42,86.64,-67.09,-19.8664,-86.2756,,
2026-08-20T06:14:59Z,SAT-EO-01,3752,20.9,87.15,-67.36,-19.5005,-86.2512,,
2026-08-20T06:15:05Z,SAT-EO-01,3753,21.35,87.0,-66.87,-19.1225,-86.2261,,
2026-08-20T06:15:11Z,SAT-EO-01,3754,21.29,86.64,-69.53,-18.7432,-86.2009,,
2026-08-20T06:15:17Z,SAT-EO-01,3755,20.99,87.01,-67.12,-18.3617,-86.1756,,
2026-08-20T06:15:23Z,SAT-EO-01,3756,21.08,87.03,-68.35,-17.9821,-86.1505,,
2026-08-20T06:15:30Z,SAT-EO-01,3757,21.37,87.13,-67.24,-17.5938,-86.1249,,
2026-08-20T06:15:36Z,SAT-EO-01,3758,21.11,86.91,-66.9,-17.2135,-86.0999,,
2026-08-20T06:15:41Z,SAT-EO-01,3759,20.63,86.99,-66.92,-16.8413,-86.0754,,
2026-08-20T06:15:47Z,SAT-EO-01,3760,21.38,87.22,-67.09,-16.461,-86.0505,,
2026-08-20T06:15:53Z,SAT-EO-01,3761,22.11,87.16,-68.27,-16.075,-86.0252,,
2026-08-20T06:16:00Z,SAT-EO-01,3762,21.62,87.16,-66.9,-15.6864,-85.9998,,
2026-08-20T06:16:06Z,SAT-EO-01,3763,21.65,87.52,-66.58,-15.2991,-85.9746,,
2026-08-20T06:16:12Z,SAT-EO-01,3764,21.43,87.48,-67.02,-14.9161,-85.9497,,
2026-08-20T06:16:17Z,SAT-EO-01,3765,21.53,87.21,-66.91,-14.5383,-85.9251,,
2026-08-20T06:16:23Z,SAT-EO-01,3766,21.74,87.54,-67.08,-14.1601,-85.9006,,
2026-08-20T06:16:29Z,SAT-EO-01,3767,20.98,86.87,-66.11,-13.7756,-85.8757,,
2026-08-20T06:16:35Z,SAT-EO-01,3768,21.67,87.74,-66.23,-13.3949,-85.851,,
2026-08-20T06:16:41Z,SAT-EO-01,3769,20.97,87.84,-67.15,-13.0,-85.8255,,
2026-08-20T06:16:47Z,SAT-EO-01,3770,21.42,88.02,-67.54,-12.6156,-85.8007,,
2026-08-20T06:16:53Z,SAT-EO-01,3771,21.52,87.89,-68.36,-12.2194,-85.7752,,
2026-08-20T06:16:59Z,SAT-EO-01,3772,21.4,87.36,-67.07,-11.8331,-85.7504,,
2026-08-20T06:17:05Z,SAT-EO-01,3773,22.23,88.27,-67.1,-11.4467,-85.7256,,
2026-08-20T06:17:11Z,SAT-EO-01,3774,21.41,87.68,-67.56,-11.0639,-85.701,,
2026-08-20T06:17:17Z,SAT-EO-01,3775,21.58,87.58,-68.12,-10.6713,-85.6759,,
2026-08-20T06:17:23Z,SAT-EO-01,3776,21.63,87.39,-67.07,-10.2804,-85.6509,,
2026-08-20T06:17:29Z,SAT-EO-01,3777,22.04,87.81,-66.5,-9.8971,-85.6264,,
2026-08-20T06:17:35Z,SAT-EO-01,3778,21.99,87.49,-66.12,-9.4983,-85.6009,,
2026-08-20T06:17:41Z,SAT-EO-01,3779,22.43,87.87,-69.39,-9.1125,-85.5763,,
2026-08-20T06:17:47Z,SAT-EO-01,3780,21.77,87.41,-67.06,-8.7218,-85.5514,,
2026-08-20T06:17:53Z,SAT-EO-01,3781,21.99,87.97,-68.15,-8.3241,-85.5261,,
2026-08-20T06:17:59Z,SAT-EO-01,3782,21.53,88.0,-67.21,-7.9265,-85.5008,,
2026-08-20T06:18:05Z,SAT-EO-01,3783,21.61,88.42,-65.92,-7.5354,-85.476,,
2026-08-20T06:18:11Z,SAT-EO-01,3784,22.38,88.13,-66.35,-7.137,-85.4507,,
2026-08-20T06:18:17Z,SAT-EO-01,3785,21.75,87.76,-66.23,-6.7494,-85.4261,,
2026-08-20T06:18:23Z,SAT-EO-01,3786,21.78,88.46,-66.59,-6.3516,-85.4009,,
2026-08-20T06:18:29Z,SAT-EO-01,3787,21.84,88.77,-67.02,-5.9512,-85.3755,,
2026-08-20T06:18:35Z,SAT-EO-01,3788,22.19,88.61,-67.93,-5.5621,-85.3509,,
2026-08-20T06:18:41Z,SAT-EO-01,3789,21.84,88.04,-68.06,-5.1584,-85.3254,,
2026-08-20T06:18:48Z,SAT-EO-01,3790,22.56,88.28,-67.77,-4.7555,-85.2999,,
2026-08-20T06:18:53Z,SAT-EO-01,3791,22.68,88.21,-67.61,-4.3675,-85.2754,,
2026-08-20T06:18:59Z,SAT-EO-01,3792,21.93,88.91,-66.75,-3.9701,-85.2503,,
2026-08-20T06:19:06Z,SAT-EO-01,3793,22.03,89.07,-66.81,-3.569,-85.225,,
2026-08-20T06:19:12Z,SAT-EO-01,3794,22.56,88.81,-68.46,-3.1631,-85.1994,,
2026-08-20T06:19:18Z,SAT-EO-01,3795,22.8,88.74,-67.69,-2.7623,-85.1741,,
2026-08-20T06:19:24Z,SAT-EO-01,3796,22.12,89.17,-66.46,-2.3747,-85.1496,,
2026-08-20T06:19:30Z,SAT-EO-01,3797,22.16,88.8,-66.77,-1.9816,-85.1249,,
2026-08-20T06:19:35Z,SAT-EO-01,3798,22.18,89.05,-66.61,-1.5875,-85.1,,
2026-08-20T06:19:42Z,SAT-EO-01,3799,22.39,88.54,-66.31,-1.1838,-85.0746,,
2026-08-20T06:19:48Z,SAT-EO-01,3800,22.7,88.74,-67.47,-0.7814,-85.0492,,
2026-08-20T06:19:54Z,SAT-EO-01,3801,22.17,89.24,-66.75,-0.3828,-85.0241,,
2026-08-20T06:20:00Z,SAT-EO-01,3802,22.3,88.94,-67.19,0.0101,-84.9994,,
2026-08-20T06:20:06Z,SAT-EO-01,3803,21.92,89.33,-66.22,0.4032,-84.9746,,
2026-08-20T06:20:11Z,SAT-EO-01,3804,22.11,88.84,-66.87,0.7921,-84.9501,,
2026-08-20T06:20:17Z,SAT-EO-01,3805,22.44,89.64,-67.35,1.1831,-84.9255,,
2026-08-20T06:20:23Z,SAT-EO-01,3806,22.34,88.99,-68.33,1.5851,-84.9001,,
2026-08-20T06:20:29Z,SAT-EO-01,3807,23.15,89.29,-66.85,1.9778,-84.8754,,
2026-08-20T06:20:35Z,SAT-EO-01,3808,23.42,89.03,-66.68,2.3663,-84.8509,,
2026-08-20T06:20:41Z,SAT-EO-01,3809,23.15,89.47,-66.11,2.7611,-84.826,,
2026-08-20T06:20:47Z,SAT-EO-01,3810,23.16,89.28,-67.11,3.1504,-84.8014,,
2026-08-20T06:20:53Z,SAT-EO-01,3811,22.75,89.2,-66.89,3.551,-84.7762,,
2026-08-20T06:20:59Z,SAT-EO-01,3812,23.19,88.93,-67.68,3.9381,-84.7517,,
2026-08-20T06:21:05Z,SAT-EO-01,3813,22.99,89.75,-66.67,4.3332,-84.7268,,
2026-08-20T06:21:11Z,SAT-EO-01,3814,22.63,89.44,-67.38,4.7316,-84.7016,,
2026-08-20T06:21:17Z,SAT-EO-01,3815,23.52,89.36,-65.62,5.1344,-84.6761,,
2026-08-20T06:21:23Z,SAT-EO-01,3816,22.93,89.42,-68.16,5.5293,-84.6512,,
2026-08-20T06:21:29Z,SAT-EO-01,3817,22.43,89.65,-67.74,5.9314,-84.6257,,
2026-08-20T06:21:35Z,SAT-EO-01,3818,23.15,89.99,-66.5,6.3209,-84.601,,
2026-08-20T06:21:41Z,SAT-EO-01,3819,22.7,89.51,-68.02,6.7103,-84.5764,,
2026-08-20T06:21:47Z,SAT-EO-01,3820,23.16,90.1,-66.53,7.0967,-84.5519,,
2026-08-20T06:21:53Z,SAT-EO-01,3821,22.72,89.39,-66.73,7.4906,-84.5269,,
2026-08-20T06:21:59Z,SAT-EO-01,3822,23.05,89.79,-68.12,7.8894,-84.5015,,
2026-08-20T06:22:05Z,SAT-EO-01,3823,22.89,90.55,-66.65,8.2835,-84.4765,,
2026-08-20T06:22:11Z,SAT-EO-01,3824,23.39,90.12,-66.64,8.6764,-84.4515,,
2026-08-20T06:22:17Z,SAT-EO-01,3825,23.37,89.98,-67.0,9.0744,-84.4261,,
2026-08-20T06:22:23Z,SAT-EO-01,3826,23.0,89.8,-67.14,9.4595,-84.4016,,
2026-08-20T06:22:29Z,SAT-EO-01,3827,22.96,90.08,-67.92,9.8439,-84.377,,
2026-08-20T06:22:35Z,SAT-EO-01,3828,23.09,89.91,-68.17,10.2437,-84.3515,,
2026-08-20T06:22:41Z,SAT-EO-01,3829,23.77,90.48,-66.79,10.6412,-84.3261,,
2026-08-20T06:22:47Z,SAT-EO-01,3830,23.38,90.72,-66.44,11.0257,-84.3014,,
2026-08-20T06:22:53Z,SAT-EO-01,3831,23.37,90.47,-66.14,11.4185,-84.2762,,
2026-08-20T06:22:59Z,SAT-EO-01,3832,23.17,90.19,-66.82,11.8083,-84.2512,,
2026-08-20T06:23:05Z,SAT-EO-01,3833,23.33,90.05,-67.05,12.206,-84.2256,,
2026-08-20T06:23:11Z,SAT-EO-01,3834,23.12,90.73,-67.64,12.5918,-84.2008,,
2026-08-20T06:23:17Z,SAT-EO-01,3835,23.59,90.85,-67.25,12.97,-84.1764,,
2026-08-20T06:23:23Z,SAT-EO-01,3836,23.58,90.45,-66.51,13.3486,-84.152,,
2026-08-20T06:23:29Z,SAT-EO-01,3837,23.71,90.6,-66.86,13.7375,-84.1268,,
2026-08-20T06:23:35Z,SAT-EO-01,3838,23.39,90.67,-66.93,14.1275,-84.1015,,
2026-08-20T06:23:41Z,SAT-EO-01,3839,24.17,90.91,-67.76,14.5049,-84.0771,,
2026-08-20T06:23:47Z,SAT-EO-01,3840,23.15,90.38,-68.52,14.8915,-84.0519,,
2026-08-20T06:23:53Z,SAT-EO-01,3841,24.11,90.38,-66.19,15.2685,-84.0274,,
2026-08-20T06:23:59Z,SAT-EO-01,3842,23.59,91.03,-68.17,15.6505,-84.0025,,
2026-08-20T06:24:05Z,SAT-EO-01,3843,23.48,90.39,-67.6,16.0265,-83.9779,,
2026-08-20T06:24:11Z,SAT-EO-01,3844,23.26,91.4,-66.89,16.402,-83.9534,,
2026-08-20T06:24:17Z,SAT-EO-01,3845,23.68,91.02,-66.92,16.775,-83.9289,,
2026-08-20T06:24:23Z,SAT-EO-01,3846,23.38,90.73,-67.49,17.1551,-83.904,,
2026-08-20T06:24:29Z,SAT-EO-01,3847,23.47,91.13,-66.57,17.5407,-83.8786,,
2026-08-20T06:24:35Z,SAT-EO-01,3848,23.68,91.02,-68.21,17.9211,-83.8535,,
2026-08-20T06:24:41Z,SAT-EO-01,3849,24.3,91.15,-69.06,18.2946,-83.8288,,
2026-08-20T06:24:47Z,SAT-EO-01,3850,23.27,91.59,-66.05,18.6798,-83.8033,,
2026-08-20T06:24:53Z,SAT-EO-01,3851,24.39,91.69,-67.34,19.052,-83.7786,,
2026-08-20T06:24:59Z,SAT-EO-01,3852,24.13,90.93,-67.76,19.4286,-83.7536,,
2026-08-20T06:25:05Z,SAT-EO-01,3853,23.9,91.69,-65.89,19.8,-83.7288,,
2026-08-20T06:25:11Z,SAT-EO-01,3854,24.06,91.45,-68.31,20.1744,-83.7038,,
2026-08-20T06:25:17Z,SAT-EO-01,3855,23.82,91.78,-66.66,20.5454,-83.6789,,
2026-08-20T06:25:23Z,SAT-EO-01,3856,24.28,91.22,-67.66,20.9186,-83.6539,,
2026-08-20T06:25:29Z,SAT-EO-01,3857,23.44,92.04,-68.11,21.2885,-83.629,,
2026-08-20T06:25:35Z,SAT-EO-01,3858,24.52,91.18,-68.22,21.663,-83.6037,,
2026-08-20T06:25:41Z,SAT-EO-01,3859,24.08,91.44,-67.33,22.0297,-83.5789,,
2026-08-20T06:25:47Z,SAT-EO-01,3860,24.16,91.56,-67.61,22.3949,-83.5541,,
2026-08-20T06:25:52Z,SAT-EO-01,3861,24.92,91.71,-69.45,22.7569,-83.5295,,
2026-08-20T06:25:58Z,SAT-EO-01,3862,24.05,91.39,-67.86,23.1275,-83.5043,,
2026-08-20T06:26:05Z,SAT-EO-01,3863,24.62,91.51,-65.99,23.5003,-83.4788,,
2026-08-20T06:26:11Z,SAT-EO-01,3864,24.28,91.68,-66.37,23.8619,-83.454,,
2026-08-20T06:26:17Z,SAT-EO-01,3865,23.18,92.35,-67.81,24.2244,-83.4291,,
2026-08-20T06:26:23Z,SAT-EO-01,3866,24.02,91.66,-67.76,24.5902,-83.4038,,
2026-08-20T06:26:29Z,SAT-EO-01,3867,24.66,92.11,-67.96,24.9494,-83.379,,
2026-08-20T06:26:34Z,SAT-EO-01,3868,25.16,91.74,-68.39,25.3034,-83.3544,,
2026-08-20T06:26:41Z,SAT-EO-01,3869,24.6,91.79,-68.42,25.6667,-83.3291,,
2026-08-20T06:26:46Z,SAT-EO-01,3870,25.11,91.75,-69.06,26.0183,-83.3046,,
2026-08-20T06:26:52Z,SAT-EO-01,3871,24.24,92.22,-67.41,26.3789,-83.2794,,
2026-08-20T06:26:59Z,SAT-EO-01,3872,24.93,92.02,-68.49,26.7391,-83.254,,
2026-08-20T06:27:04Z,SAT-EO-01,3873,24.95,92.02,-68.0,27.0891,-83.2294,,
2026-08-20T06:27:10Z,SAT-EO-01,3874,24.61,91.97,-69.24,27.4348,-83.2049,,
2026-08-20T06:27:16Z,SAT-EO-01,3875,24.68,92.05,-67.41,27.788,-83.1799,,
2026-08-20T06:27:22Z,SAT-EO-01,3876,24.1,92.49,-68.27,28.1449,-83.1544,,
2026-08-20T06:27:28Z,SAT-EO-01,3877,24.11,92.74,-67.93,28.4897,-83.1298,,
2026-08-20T06:27:34Z,SAT-EO-01,3878,25.14,92.31,-67.79,28.8382,-83.1048,,
2026-08-20T06:27:40Z,SAT-EO-01,3879,25.24,92.75,-68.91,29.1807,-83.0802,,
2026-08-20T06:27:46Z,SAT-EO-01,3880,23.73,92.31,-68.2,29.5347,-83.0546,,
2026-08-20T06:27:52Z,SAT-EO-01,3881,24.65,92.62,-67.79,29.8746,-83.03,,
2026-08-20T06:27:58Z,SAT-EO-01,3882,25.11,93.05,-67.85,30.2145,-83.0052,,
2026-08-20T06:28:04Z,SAT-EO-01,3883,24.92,92.66,-68.27,30.5564,-82.9802,,
2026-08-20T06:28:10Z,SAT-EO-01,3884,24.96,92.88,-68.91,30.897,-82.9552,,
2026-08-20T06:28:16Z,SAT-EO-01,3885,24.86,92.23,-68.28,31.2364,-82.9303,,
2026-08-20T06:28:22Z,SAT-EO-01,3886,24.59,92.85,-68.13,31.5717,-82.9055,,
2026-08-20T06:28:28Z,SAT-EO-01,3887,25.06,92.88,-68.32,31.9106,-82.8803,,
2026-08-20T06:28:34Z,SAT-EO-01,3888,24.95,92.73,-68.25,32.2407,-82.8557,,
2026-08-20T06:28:40Z,SAT-EO-01,3889,24.98,92.54,-67.84,32.5752,-82.8307,,
2026-08-20T06:28:46Z,SAT-EO-01,3890,24.92,92.97,-68.8,32.903,-82.806,,
2026-08-20T06:28:52Z,SAT-EO-01,3891,25.35,93.04,-68.4,33.2415,-82.7805,,
2026-08-20T06:28:58Z,SAT-EO-01,3892,24.73,93.0,-69.32,33.5731,-82.7553,,
2026-08-20T06:29:04Z,SAT-EO-01,3893,24.29,92.83,-67.48,33.8954,-82.7308,,
2026-08-20T06:29:10Z,SAT-EO-01,3894,25.22,92.26,-67.93,34.2251,-82.7055,,
2026-08-20T06:29:16Z,SAT-EO-01,3895,24.95,93.25,-68.29,34.5486,-82.6807,,
2026-08-20T06:29:22Z,SAT-EO-01,3896,24.81,92.96,-68.3,34.8701,-82.6558,,
2026-08-20T06:29:28Z,SAT-EO-01,3897,25.1,92.98,-68.22,35.1955,-82.6306,,
2026-08-20T06:29:34Z,SAT-EO-01,3898,24.98,93.47,-69.23,35.5236,-82.605,,
2026-08-20T06:29:40Z,SAT-EO-01,3899,25.26,93.08,-69.42,35.8458,-82.5797,,
2026-08-20T06:29:46Z,SAT-EO-01,3900,25.22,93.19,-69.33,36.1593,-82.5551,,
2026-08-20T06:29:52Z,SAT-EO-01,3901,25.47,93.3,-68.42,36.4752,-82.53,,
2026-08-20T06:29:58Z,SAT-EO-01,3902,25.26,93.4,-69.44,36.7888,-82.5051,,
2026-08-20T06:30:04Z,SAT-EO-01,3903,24.56,93.34,-68.88,37.0997,-82.4802,,
2026-08-20T06:30:10Z,SAT-EO-01,3904,25.07,92.92,-68.96,37.4038,-82.4558,,
2026-08-20T06:30:16Z,SAT-EO-01,3905,25.08,93.57,-69.96,37.7076,-82.4313,,
2026-08-20T06:30:22Z,SAT-EO-01,3906,25.04,93.33,-70.63,38.0168,-82.4062,,
2026-08-20T06:30:28Z,SAT-EO-01,3907,25.46,93.55,-70.64,38.3204,-82.3814,,
2026-08-20T06:30:34Z,SAT-EO-01,3908,25.8,93.58,-68.59,38.6279,-82.3561,,
2026-08-20T06:30:40Z,SAT-EO-01,3909,25.58,93.93,-68.65,38.9351,-82.3308,,
2026-08-20T06:30:46Z,SAT-EO-01,3910,25.15,93.74,-69.09,39.2317,-82.3061,,
2026-08-20T06:30:52Z,SAT-EO-01,3911,24.98,93.58,-69.39,39.5359,-82.2807,,
2026-08-20T06:30:58Z,SAT-EO-01,3912,25.34,93.41,-69.33,39.8393,-82.2552,,
2026-08-20T06:31:04Z,SAT-EO-01,3913,25.5,93.74,-68.58,40.1416,-82.2297,,
2026-08-20T06:31:10Z,SAT-EO-01,3914,25.7,94.15,-69.14,40.4391,-82.2044,,
2026-08-20T06:31:17Z,SAT-EO-01,3915,26.0,93.76,-71.22,40.737,-82.1789,,
2026-08-20T06:31:22Z,SAT-EO-01,3916,24.98,93.9,-68.87,41.0239,-82.1542,,
2026-08-20T06:31:29Z,SAT-EO-01,3917,25.54,93.8,-70.54,41.3192,-82.1286,,
2026-08-20T06:31:35Z,SAT-EO-01,3918,25.61,93.77,-70.23,41.6026,-82.1039,,
2026-08-20T06:31:40Z,SAT-EO-01,3919,25.96,93.85,-69.1,41.8821,-82.0794,,
2026-08-20T06:31:46Z,SAT-EO-01,3920,26.2,94.12,-69.73,42.1682,-82.0542,,
2026-08-20T06:31:53Z,SAT-EO-01,3921,25.9,93.86,-69.29,42.4501,-82.0291,,
2026-08-20T06:31:58Z,SAT-EO-01,3922,25.74,94.13,-70.15,42.7232,-82.0047,,
2026-08-20T06:32:04Z,SAT-EO-01,3923,25.78,94.27,-69.37,42.9974,-81.98,,
2026-08-20T06:32:10Z,SAT-EO-01,3924,25.87,94.06,-70.11,43.2771,-81.9547,,
2026-08-20T06:32:16Z,SAT-EO-01,3925,25.71,93.8,-69.12,43.5535,-81.9294,,
2026-08-20T06:32:22Z,SAT-EO-01,3926,25.6,93.7,-70.62,43.8209,-81.9049,,
2026-08-20T06:32:28Z,SAT-EO-01,3927,25.54,94.29,-69.66,44.0921,-81.8798,,
2026-08-20T06:32:34Z,SAT-EO-01,3928,25.6,94.08,-70.32,44.3548,-81.8553,,
2026-08-20T06:32:40Z,SAT-EO-01,3929,25.65,94.27,-70.72,44.619,-81.8305,,
2026-08-20T06:32:46Z,SAT-EO-01,3930,25.78,94.67,-71.34,44.8769,-81.8061,,
2026-08-20T06:32:52Z,SAT-EO-01,3931,26.06,94.46,-69.36,45.1371,-81.7813,,
2026-08-20T06:32:58Z,SAT-EO-01,3932,25.62,94.23,-70.9,45.4033,-81.7558,,
2026-08-20T06:33:04Z,SAT-EO-01,3933,27.02,94.29,-69.64,45.6612,-81.7308,,
2026-08-20T06:33:10Z,SAT-EO-01,3934,25.51,94.12,-70.36,45.9195,-81.7056,,
2026-08-20T06:33:16Z,SAT-EO-01,3935,25.91,93.83,-70.58,46.1736,-81.6806,,
2026-08-20T06:33:22Z,SAT-EO-01,3936,26.27,94.74,-70.79,46.4199,-81.6563,,
2026-08-20T06:33:28Z,SAT-EO-01,3937,25.42,94.47,-68.68,46.6738,-81.6309,,
2026-08-20T06:33:34Z,SAT-EO-01,3938,25.55,94.82,-69.86,46.9283,-81.6053,,
2026-08-20T06:33:40Z,SAT-EO-01,3939,26.42,94.38,-70.54,47.1745,-81.5803,,
2026-08-20T06:33:46Z,SAT-EO-01,3940,26.06,94.58,-71.12,47.4181,-81.5553,,
2026-08-20T06:33:52Z,SAT-EO-01,3941,25.81,94.24,-70.82,47.6548,-81.5309,,
2026-08-20T06:33:58Z,SAT-EO-01,3942,26.69,94.25,-69.41,47.8892,-81.5065,,
2026-08-20T06:34:04Z,SAT-EO-01,3943,26.76,94.61,-70.3,48.1322,-81.481,,
2026-08-20T06:34:10Z,SAT-EO-01,3944,25.86,95.12,-71.35,48.3707,-81.4557,,
2026-08-20T06:34:16Z,SAT-EO-01,3945,26.37,94.64,-70.71,48.5997,-81.4312,,
2026-08-20T06:34:22Z,SAT-EO-01,3946,26.15,94.85,-69.66,48.8263,-81.4068,,
2026-08-20T06:34:28Z,SAT-EO-01,3947,26.29,94.88,-70.66,49.0558,-81.3818,,
2026-08-20T06:34:34Z,SAT-EO-01,3948,26.1,94.64,-70.09,49.2825,-81.3568,,
2026-08-20T06:34:40Z,SAT-EO-01,3949,25.88,94.87,-71.97,49.5117,-81.3314,,
2026-08-20T06:34:46Z,SAT-EO-01,3950,26.42,94.85,-72.29,49.7337,-81.3065,,
2026-08-20T06:34:52Z,SAT-EO-01,3951,25.67,94.83,-70.24,49.9544,-81.2815,,
2026-08-20T06:34:58Z,SAT-EO-01,3952,26.63,94.93,-70.52,50.1716,-81.2567,,
2026-08-20T06:35:04Z,SAT-EO-01,3953,26.35,94.94,-71.48,50.3905,-81.2314,,
2026-08-20T06:35:10Z,SAT-EO-01,3954,25.98,95.13,-70.96,50.6065,-81.2062,,
2026-08-20T06:35:16Z,SAT-EO-01,3955,26.0,94.89,-71.42,50.8148,-81.1817,,
2026-08-20T06:35:22Z,SAT-EO-01,3956,26.32,95.25,-71.27,51.0288,-81.1562,,
2026-08-20T06:35:28Z,SAT-EO-01,3957,26.08,94.77,-70.39,51.2319,-81.1317,,
2026-08-20T06:35:34Z,SAT-EO-01,3958,26.2,95.03,-71.55,51.4362,-81.1069,,
2026-08-20T06:35:40Z,SAT-EO-01,3959,26.7,95.31,-70.79,51.6388,-81.082,,
2026-08-20T06:35:46Z,SAT-EO-01,3960,26.72,94.94,-72.64,51.8385,-81.0571,,
2026-08-20T06:35:52Z,SAT-EO-01,3961,26.64,95.1,-70.46,52.0335,-81.0326,,
2026-08-20T06:35:58Z,SAT-EO-01,3962,26.02,94.85,-71.3,52.227,-81.008,,
2026-08-20T06:36:03Z,SAT-EO-01,3963,26.46,95.3,-71.75,52.4164,-80.9836,,
2026-08-20T06:36:09Z,SAT-EO-01,3964,26.64,95.54,-72.23,52.6067,-80.9588,,
2026-08-20T06:36:15Z,SAT-EO-01,3965,26.11,95.47,-71.61,52.797,-80.9337,,
2026-08-20T06:36:21Z,SAT-EO-01,3966,26.01,95.1,-71.99,52.9845,-80.9087,,
2026-08-20T06:36:27Z,SAT-EO-01,3967,25.89,94.99,-71.56,53.1687,-80.8838,,
2026-08-20T06:36:33Z,SAT-EO-01,3968,26.5,95.28,-71.18,53.353,-80.8586,,
2026-08-20T06:36:40Z,SAT-EO-01,3969,26.47,95.48,-72.54,53.5364,-80.8332,,
2026-08-20T06:36:45Z,SAT-EO-01,3970,26.45,94.77,-72.34,53.7115,-80.8086,,
2026-08-20T06:36:51Z,SAT-EO-01,3971,27.21,95.05,-70.57,53.8869,-80.7836,,
2026-08-20T06:36:57Z,SAT-EO-01,3972,26.57,95.1,-71.65,54.0577,-80.759,,
2026-08-20T06:37:03Z,SAT-EO-01,3973,26.8,95.52,-72.2,54.2321,-80.7335,,
2026-08-20T06:37:09Z,SAT-EO-01,3974,26.41,95.56,-72.92,54.4013,-80.7084,,
2026-08-20T06:37:16Z,SAT-EO-01,3975,26.7,95.17,-73.32,54.5684,-80.6833,,
2026-08-20T06:37:22Z,SAT-EO-01,3976,26.97,95.16,-73.07,54.7319,-80.6583,,
2026-08-20T06:37:27Z,SAT-EO-01,3977,26.63,95.44,-73.95,54.8895,-80.6339,,
2026-08-20T06:37:33Z,SAT-EO-01,3978,26.63,95.04,-73.09,55.0489,-80.6088,,
2026-08-20T06:37:39Z,SAT-EO-01,3979,26.36,95.3,-71.13,55.2052,-80.5839,,
2026-08-20T06:37:45Z,SAT-EO-01,3980,26.72,95.63,-71.98,55.3568,-80.5593,,
2026-08-20T06:37:51Z,SAT-EO-01,3981,26.9,95.15,-70.96,55.5083,-80.5344,,
2026-08-20T06:37:57Z,SAT-EO-01,3982,26.18,95.13,-71.55,55.6563,-80.5096,,
2026-08-20T06:38:03Z,SAT-EO-01,3983,26.9,95.98,-72.36,55.8,-80.4852,,
2026-08-20T06:38:09Z,SAT-EO-01,3984,26.61,95.54,-71.56,55.9431,-80.4605,,
2026-08-20T06:38:15Z,SAT-EO-01,3985,26.59,95.41,-72.99,56.0869,-80.4352,,
2026-08-20T06:38:21Z,SAT-EO-01,3986,26.5,95.73,-73.27,56.224,-80.4107,,
2026-08-20T06:38:27Z,SAT-EO-01,3987,26.37,95.61,-71.82,56.3611,-80.3857,,
2026-08-20T06:38:33Z,SAT-EO-01,3988,26.96,95.43,-72.46,56.4927,-80.3613,,
2026-08-20T06:38:39Z,SAT-EO-01,3989,26.91,95.67,-72.55,56.6271,-80.3359,,
2026-08-20T06:38:45Z,SAT-EO-01,3990,26.21,95.72,-74.19,56.755,-80.3113,,
2026-08-20T06:38:51Z,SAT-EO-01,3991,26.89,96.08,-72.82,56.8797,-80.2869,,
2026-08-20T06:38:57Z,SAT-EO-01,3992,27.05,95.81,-71.97,57.0072,-80.2614,,
2026-08-20T06:39:03Z,SAT-EO-01,3993,26.99,95.41,-73.82,57.1302,-80.2363,,
2026-08-20T06:39:09Z,SAT-EO-01,3994,26.9,95.8,-74.04,57.2513,-80.2111,,
2026-08-20T06:39:15Z,SAT-EO-01,3995,27.33,95.59,-72.01,57.3669,-80.1865,,
2026-08-20T06:39:21Z,SAT-EO-01,3996,26.78,95.89,-71.47,57.4792,-80.1621,,
2026-08-20T06:39:27Z,SAT-EO-01,3997,26.44,95.72,-72.8,57.5904,-80.1374,,
2026-08-20T06:39:33Z,SAT-EO-01,3998,27.14,95.63,-72.94,57.7012,-80.1122,,
2026-08-20T06:39:39Z,SAT-EO-01,3999,26.54,95.62,-75.48,57.8113,-80.0866,,
2026-08-20T06:39:45Z,SAT-EO-01,4000,27.58,95.56,-71.51,57.9146,-80.062,,
2026-08-20T06:39:51Z,SAT-EO-01,4001,27.1,95.3,-72.72,58.0154,-80.0374,,
2026-08-20T06:39:57Z,SAT-EO-01,4002,27.48,95.83,-72.24,58.1155,-80.0124,,
2026-08-20T06:40:02Z,SAT-EO-01,4003,27.64,95.95,-72.55,58.2106,-79.988,,
2026-08-20T06:40:08Z,SAT-EO-01,4004,27.05,95.38,-73.36,58.3069,-79.9626,,
2026-08-20T06:40:14Z,SAT-EO-01,4005,26.74,95.57,-72.91,58.3991,-79.9376,,
2026-08-20T06:40:21Z,SAT-EO-01,4006,26.8,96.01,-71.72,58.4907,-79.9121,,
2026-08-20T06:40:27Z,SAT-EO-01,4007,26.99,95.83,-73.57,58.579,-79.8868,,
2026-08-20T06:40:33Z,SAT-EO-01,4008,26.14,95.7,-72.67,58.6653,-79.8613,,
2026-08-20T06:40:39Z,SAT-EO-01,4009,27.07,95.83,-71.4,58.7469,-79.8364,,
2026-08-20T06:40:45Z,SAT-EO-01,4010,27.34,96.02,-71.75,58.8271,-79.8111,,
2026-08-20T06:40:51Z,SAT-EO-01,4011,27.05,96.02,-72.39,58.9029,-79.7864,,
2026-08-20T06:40:57Z,SAT-EO-01,4012,27.08,95.88,-73.76,58.9788,-79.7609,,
2026-08-20T06:41:03Z,SAT-EO-01,4013,27.26,95.77,-72.18,59.0507,-79.7358,,
2026-08-20T06:41:09Z,SAT-EO-01,4014,27.26,96.12,-73.54,59.1214,-79.7102,,
2026-08-20T06:41:15Z,SAT-EO-01,4015,26.63,95.78,-72.67,59.188,-79.6851,,
2026-08-20T06:41:21Z,SAT-EO-01,4016,27.25,95.54,-72.66,59.2527,-79.6597,,
2026-08-20T06:41:27Z,SAT-EO-01,4017,27.06,95.9,-72.43,59.3134,-79.6349,,
2026-08-20T06:41:33Z,SAT-EO-01,4018,26.94,95.73,-72.81,59.3717,-79.61,,
2026-08-20T06:41:39Z,SAT-EO-01,4019,27.26,95.98,-71.08,59.4271,-79.5853,,
2026-08-20T06:41:45Z,SAT-EO-01,4020,27.02,96.24,-72.94,59.4807,-79.5602,,
2026-08-20T06:41:51Z,SAT-EO-01,4021,27.17,96.1,-72.48,59.5318,-79.535,,
2026-08-20T06:41:57Z,SAT-EO-01,4022,26.58,96.39,-72.26,59.5793,-79.5104,,
2026-08-20T06:42:03Z,SAT-EO-01,4023,26.91,95.77,-72.64,59.626,-79.4848,,
2026-08-20T06:42:09Z,SAT-EO-01,4024,27.09,95.89,-72.39,59.6694,-79.4595,,
2026-08-20T06:42:15Z,SAT-EO-01,4025,27.3,96.23,-73.86,59.7089,-79.435,,
2026-08-20T06:42:21Z,SAT-EO-01,4026,26.45,95.95,-72.98,59.7475,-79.4094,,
2026-08-20T06:42:27Z,SAT-EO-01,4027,27.41,95.74,-72.71,59.783,-79.3841,,
2026-08-20T06:42:33Z,SAT-EO-01,4028,27.63,95.56,-72.46,59.8158,-79.3588,,
2026-08-20T06:42:39Z,SAT-EO-01,4029,26.92,95.99,-72.89,59.8459,-79.3335,,
2026-08-20T06:42:46Z,SAT-EO-01,4030,27.31,95.95,-72.17,59.8735,-79.308,,
2026-08-20T06:42:52Z,SAT-EO-01,4031,26.53,95.44,-72.84,59.8979,-79.283,,
2026-08-20T06:42:57Z,SAT-EO-01,4032,27.08,96.33,-72.62,59.9194,-79.2585,,
2026-08-20T06:43:04Z,SAT-EO-01,4033,26.56,95.63,-72.99,59.9389,-79.2331,,
2026-08-20T06:43:10Z,SAT-EO-01,4034,27.62,96.23,-72.41,59.9555,-79.208,,
2026-08-20T06:43:16Z,SAT-EO-01,4035,26.84,95.8,-74.71,59.9693,-79.1833,,
2026-08-20T06:43:22Z,SAT-EO-01,4036,27.03,96.0,-73.53,59.9808,-79.1582,,
2026-08-20T06:43:27Z,SAT-EO-01,4037,26.15,96.27,-72.58,59.9894,-79.1334,,
2026-08-20T06:43:33Z,SAT-EO-01,4038,26.9,96.13,-72.82,59.9955,-79.1088,,
2026-08-20T06:43:39Z,SAT-EO-01,4039,25.92,95.89,-73.02,59.9991,-79.0838,,
2026-08-20T06:43:45Z,SAT-EO-01,4040,26.93,96.12,-72.86,60.0,-79.0589,,
2026-08-20T06:43:51Z,SAT-EO-01,4041,26.78,95.52,-71.79,59.9983,-79.0344,,
2026-08-20T06:43:57Z,SAT-EO-01,4042,26.91,96.01,-72.18,59.9941,-79.0095,,
2026-08-20T06:44:03Z,SAT-EO-01,4043,26.84,95.86,-73.31,59.9872,-78.9844,,
2026-08-20T06:44:09Z,SAT-EO-01,4044,26.47,95.65,-72.92,59.9775,-78.9589,,
2026-08-20T06:44:15Z,SAT-EO-01,4045,27.53,95.64,-74.65,59.9654,-78.9342,,
2026-08-20T06:44:21Z,SAT-EO-01,4046,26.59,95.95,-73.08,59.9506,-78.9091,,
2026-08-20T06:44:27Z,SAT-EO-01,4047,26.87,95.94,-72.06,59.9336,-78.8847,,
2026-08-20T06:44:33Z,SAT-EO-01,4048,26.75,96.25,-72.72,59.9134,-78.8594,,
2026-08-20T06:44:39Z,SAT-EO-01,4049,26.91,96.22,-74.24,59.8911,-78.8347,,
2026-08-20T06:44:45Z,SAT-EO-01,4050,26.41,95.66,-73.88,59.8664,-78.8102,,
2026-08-20T06:44:51Z,SAT-EO-01,4051,27.24,95.88,-73.63,59.8392,-78.7857,,
2026-08-20T06:44:57Z,SAT-EO-01,4052,26.86,95.99,-74.02,59.8086,-78.7605,,
2026-08-20T06:45:03Z,SAT-EO-01,4053,26.78,96.22,-74.11,59.7761,-78.7359,,
2026-08-20T06:45:09Z,SAT-EO-01,4054,26.79,95.93,-72.3,59.7398,-78.7104,,
2026-08-20T06:45:15Z,SAT-EO-01,4055,26.89,95.66,-74.02,59.7013,-78.6852,,
2026-08-20T06:45:21Z,SAT-EO-01,4056,27.52,96.06,-71.54,59.6607,-78.6603,,
2026-08-20T06:45:27Z,SAT-EO-01,4057,27.38,96.24,-72.39,59.6178,-78.6356,,
2026-08-20T06:45:33Z,SAT-EO-01,4058,26.57,95.75,-71.54,59.5709,-78.6101,,
2026-08-20T06:45:39Z,SAT-EO-01,4059,27.28,96.16,-74.14,59.5225,-78.5853,,
2026-08-20T06:45:45Z,SAT-EO-01,4060,27.24,96.3,-72.69,59.4701,-78.5598,,
2026-08-20T06:45:51Z,SAT-EO-01,4061,27.25,95.84,-72.87,59.417,-78.5351,,
2026-08-20T06:45:57Z,SAT-EO-01,4062,26.73,95.72,-72.1,59.3606,-78.5102,,
2026-08-20T06:46:03Z,SAT-EO-01,4063,26.99,96.11,-73.93,59.3023,-78.4855,,
2026-08-20T06:46:09Z,SAT-EO-01,4064,27.59,96.05,-71.69,59.2395,-78.46,,
2026-08-20T06:46:15Z,SAT-EO-01,4065,26.89,96.16,-72.84,59.1768,-78.4356,,
2026-08-20T06:46:21Z,SAT-EO-01,4066,27.2,95.92,-72.95,59.1094,-78.4104,,
2026-08-20T06:46:27Z,SAT-EO-01,4067,26.64,95.81,-73.06,59.0405,-78.3856,,
2026-08-20T06:46:33Z,SAT-EO-01,4068,26.8,95.81,-72.13,58.9692,-78.3608,,
2026-08-20T06:46:39Z,SAT-EO-01,4069,26.98,95.68,-72.44,58.8938,-78.3355,,
2026-08-20T06:46:45Z,SAT-EO-01,4070,26.91,96.24,-72.96,58.8153,-78.3101,,
2026-08-20T06:46:51Z,SAT-EO-01,4071,26.64,95.88,-73.71,58.7368,-78.2855,,
2026-08-20T06:46:57Z,SAT-EO-01,4072,26.67,96.26,-72.79,58.6536,-78.2602,,
2026-08-20T06:47:03Z,SAT-EO-01,4073,26.97,95.74,-71.49,58.5686,-78.2352,,
2026-08-20T06:47:09Z,SAT-EO-01,4074,27.04,95.75,-72.93,58.4801,-78.2099,,
2026-08-20T06:47:15Z,SAT-EO-01,4075,26.78,95.32,-71.93,58.392,-78.1854,,
2026-08-20T06:47:21Z,SAT-EO-01,4076,27.26,95.82,-73.21,58.3009,-78.1608,,
2026-08-20T06:47:27Z,SAT-EO-01,4077,26.78,96.0,-71.97,58.2048,-78.1355,,
2026-08-20T06:47:33Z,SAT-EO-01,4078,27.43,96.12,-73.2,58.1094,-78.1111,,
2026-08-20T06:47:39Z,SAT-EO-01,4079,26.31,95.96,-72.14,58.011,-78.0865,,
2026-08-20T06:47:45Z,SAT-EO-01,4080,27.05,95.3,-72.42,57.907,-78.0612,,
2026-08-20T06:47:51Z,SAT-EO-01,4081,26.63,95.52,-72.13,57.8002,-78.0358,,
2026-08-20T06:47:57Z,SAT-EO-01,4082,26.48,95.48,-71.11,57.6914,-78.0105,,
2026-08-20T06:48:03Z,SAT-EO-01,4083,26.82,95.94,-71.24,57.5834,-77.986,,
2026-08-20T06:48:09Z,SAT-EO-01,4084,26.22,95.64,-73.32,57.4724,-77.9614,,
2026-08-20T06:48:15Z,SAT-EO-01,4085,26.95,95.62,-73.72,57.3587,-77.9368,,
2026-08-20T06:48:21Z,SAT-EO-01,4086,27.8,95.75,-71.51,57.2399,-77.9115,,
2026-08-20T06:48:27Z,SAT-EO-01,4087,26.73,95.19,-73.29,57.1218,-77.887,,
2026-08-20T06:48:33Z,SAT-EO-01,4088,27.05,95.52,-70.91,56.9989,-77.8619,,
2026-08-20T06:48:39Z,SAT-EO-01,4089,26.74,95.91,-71.06,56.8714,-77.8365,,
2026-08-20T06:48:45Z,SAT-EO-01,4090,27.21,95.61,-72.41,56.7439,-77.8115,,
2026-08-20T06:48:51Z,SAT-EO-01,4091,26.88,95.81,-71.54,56.6114,-77.7861,,
2026-08-20T06:48:57Z,SAT-EO-01,4092,27.33,96.03,-72.83,56.4807,-77.7614,,
2026-08-20T06:49:03Z,SAT-EO-01,4093,26.56,95.75,-71.73,56.3453,-77.7364,,
2026-08-20T06:49:09Z,SAT-EO-01,4094,26.78,94.78,-72.09,56.2105,-77.7119,,
2026-08-20T06:49:15Z,SAT-EO-01,4095,26.57,95.82,-72.32,56.0711,-77.687,,
2026-08-20T06:49:21Z,SAT-EO-01,4096,26.51,95.67,-73.14,55.927,-77.6617,,
2026-08-20T06:49:27Z,SAT-EO-01,4097,26.9,95.14,-72.47,55.7807,-77.6365,,
2026-08-20T06:49:33Z,SAT-EO-01,4098,27.35,95.55,-72.11,55.6345,-77.6117,,
2026-08-20T06:49:39Z,SAT-EO-01,4099,26.39,94.9,-72.05,55.4853,-77.5868,,
2026-08-20T06:49:45Z,SAT-EO-01,4100,26.37,95.43,-72.94,55.3344,-77.562,,
2026-08-20T06:49:50Z,SAT-EO-01,4101,26.33,95.38,-73.48,55.1836,-77.5376,,
2026-08-20T06:49:56Z,SAT-EO-01,4102,26.74,95.01,-72.41,55.0267,-77.5126,,
2026-08-20T06:50:03Z,SAT-EO-01,4103,26.87,95.69,-74.66,54.8657,-77.4874,,
2026-08-20T06:50:09Z,SAT-EO-01,4104,26.55,94.87,-72.94,54.7039,-77.4624,,
2026-08-20T06:50:15Z,SAT-EO-01,4105,27.26,95.43,-72.64,54.5397,-77.4374,,
2026-08-20T06:50:21Z,SAT-EO-01,4106,27.09,95.5,-73.7,54.3738,-77.4125,,
2026-08-20T06:50:26Z,SAT-EO-01,4107,26.68,95.49,-71.66,54.2052,-77.3876,,
2026-08-20T06:50:33Z,SAT-EO-01,4108,26.75,95.39,-71.78,54.0298,-77.362,,
2026-08-20T06:50:39Z,SAT-EO-01,4109,26.58,95.13,-71.87,53.8591,-77.3374,,
2026-08-20T06:50:44Z,SAT-EO-01,4110,26.62,95.81,-71.55,53.6856,-77.3128,,
2026-08-20T06:50:50Z,SAT-EO-01,4111,26.41,95.39,-72.65,53.5088,-77.288,,
2026-08-20T06:50:56Z,SAT-EO-01,4112,25.98,95.28,-72.02,53.3291,-77.2631,,
2026-08-20T06:51:02Z,SAT-EO-01,4113,26.55,95.66,-71.38,53.1473,-77.2383,,
2026-08-20T06:51:08Z,SAT-EO-01,4114,25.63,94.99,-71.49,52.9636,-77.2135,,
2026-08-20T06:51:14Z,SAT-EO-01,4115,27.21,95.52,-72.24,52.7749,-77.1884,,
2026-08-20T06:51:20Z,SAT-EO-01,4116,26.4,94.91,-71.4,52.5812,-77.1629,,
2026-08-20T06:51:26Z,SAT-EO-01,4117,26.18,95.11,-70.59,52.3888,-77.1378,,
2026-08-20T06:51:32Z,SAT-EO-01,4118,26.56,95.19,-71.8,52.1917,-77.1125,,
2026-08-20T06:51:38Z,SAT-EO-01,4119,27.28,94.98,-70.86,51.9964,-77.0877,,
2026-08-20T06:51:44Z,SAT-EO-01,4120,26.12,95.05,-71.64,51.796,-77.0626,,
2026-08-20T06:51:50Z,SAT-EO-01,4121,26.26,95.17,-72.98,51.5946,-77.0376,,
2026-08-20T06:51:57Z,SAT-EO-01,4122,26.51,94.95,-70.92,51.3881,-77.0122,,
2026-08-20T06:52:03Z,SAT-EO-01,4123,25.46,94.96,-71.35,51.179,-76.9869,,
2026-08-20T06:52:09Z,SAT-EO-01,4124,26.58,94.65,-70.65,50.9711,-76.9619,,
2026-08-20T06:52:15Z,SAT-EO-01,4125,26.38,95.04,-71.73,50.7625,-76.9371,,
2026-08-20T06:52:21Z,SAT-EO-01,4126,26.56,94.91,-72.25,50.5493,-76.9121,,
2026-08-20T06:52:27Z,SAT-EO-01,4127,26.28,94.92,-70.82,50.3357,-76.8872,,
2026-08-20T06:52:33Z,SAT-EO-01,4128,26.39,94.63,-72.45,50.1164,-76.862,,
2026-08-20T06:52:39Z,SAT-EO-01,4129,26.26,94.64,-70.46,49.9,-76.8373,,
2026-08-20T06:52:44Z,SAT-EO-01,4130,26.0,95.04,-70.38,49.684,-76.8129,,
2026-08-20T06:52:51Z,SAT-EO-01,4131,26.47,95.0,-70.52,49.4556,-76.7873,,
2026-08-20T06:52:57Z,SAT-EO-01,4132,25.46,95.12,-70.34,49.2281,-76.7622,,
2026-08-20T06:53:02Z,SAT-EO-01,4133,25.86,94.23,-71.59,49.0049,-76.7377,,
2026-08-20T06:53:08Z,SAT-EO-01,4134,25.97,94.66,-72.8,48.779,-76.7131,,
2026-08-20T06:53:14Z,SAT-EO-01,4135,25.87,94.8,-70.38,48.552,-76.6887,,
2026-08-20T06:53:20Z,SAT-EO-01,4136,26.96,94.76,-69.65,48.3121,-76.6631,,
2026-08-20T06:53:26Z,SAT-EO-01,4137,25.89,94.68,-70.59,48.0716,-76.6376,,
2026-08-20T06:53:32Z,SAT-EO-01,4138,25.91,94.76,-70.64,47.8358,-76.6129,,
2026-08-20T06:53:38Z,SAT-EO-01,4139,25.97,94.5,-70.89,47.5974,-76.5882,,
2026-08-20T06:53:44Z,SAT-EO-01,4140,25.76,94.7,-70.42,47.357,-76.5634,,
2026-08-20T06:53:50Z,SAT-EO-01,4141,25.7,94.51,-71.43,47.1088,-76.538,,
2026-08-20T06:53:56Z,SAT-EO-01,4142,26.5,94.36,-69.9,46.8671,-76.5135,,
2026-08-20T06:54:02Z,SAT-EO-01,4143,25.57,94.1,-69.35,46.6218,-76.4889,,
2026-08-20T06:54:08Z,SAT-EO-01,4144,26.17,94.55,-70.49,46.3765,-76.4644,,
2026-08-20T06:54:14Z,SAT-EO-01,4145,26.28,94.18,-69.91,46.1267,-76.4397,,
2026-08-20T06:54:20Z,SAT-EO-01,4146,25.63,94.56,-71.28,45.8681,-76.4144,,
2026-08-20T06:54:26Z,SAT-EO-01,4147,25.55,94.21,-70.34,45.6073,-76.389,,
2026-08-20T06:54:32Z,SAT-EO-01,4148,25.6,94.23,-69.41,45.3422,-76.3634,,
2026-08-20T06:54:38Z,SAT-EO-01,4149,25.61,94.13,-72.66,45.0809,-76.3383,,
2026-08-20T06:54:44Z,SAT-EO-01,4150,25.37,94.26,-69.92,44.8177,-76.3133,,
2026-08-20T06:54:50Z,SAT-EO-01,4151,25.99,94.28,-70.26,44.5515,-76.2882,,
2026-08-20T06:54:56Z,SAT-EO-01,4152,24.89,94.32,-71.05,44.2844,-76.2631,,
2026-08-20T06:55:02Z,SAT-EO-01,4153,25.49,94.37,-69.04,44.0103,-76.2376,,
2026-08-20T06:55:08Z,SAT-EO-01,4154,26.11,94.16,-69.13,43.742,-76.2129,,
2026-08-20T06:55:15Z,SAT-EO-01,4155,25.94,94.16,-70.25,43.4644,-76.1874,,
2026-08-20T06:55:21Z,SAT-EO-01,4156,25.44,94.33,-70.2,43.1845,-76.1619,,
2026-08-20T06:55:27Z,SAT-EO-01,4157,25.98,93.93,-68.96,42.9105,-76.1371,,
2026-08-20T06:55:33Z,SAT-EO-01,4158,25.57,94.0,-69.54,42.6358,-76.1125,,
2026-08-20T06:55:39Z,SAT-EO-01,4159,25.67,93.72,-70.06,42.3521,-76.0871,,
2026-08-20T06:55:45Z,SAT-EO-01,4160,25.58,94.04,-70.57,42.0708,-76.0622,,
2026-08-20T06:55:50Z,SAT-EO-01,4161,26.09,93.57,-68.54,41.7915,-76.0376,,
2026-08-20T06:55:57Z,SAT-EO-01,4162,25.57,93.93,-70.39,41.4992,-76.012,,
2026-08-20T06:56:03Z,SAT-EO-01,4163,25.43,93.79,-70.15,41.2156,-75.9874,,
2026-08-20T06:56:08Z,SAT-EO-01,4164,25.28,93.84,-69.43,40.9286,-75.9626,,
2026-08-20T06:56:15Z,SAT-EO-01,4165,25.04,93.88,-70.72,40.6306,-75.937,,
2026-08-20T06:56:21Z,SAT-EO-01,4166,25.12,93.8,-68.1,40.3403,-75.9122,,
2026-08-20T06:56:27Z,SAT-EO-01,4167,25.4,93.62,-69.92,40.0474,-75.8873,,
2026-08-20T06:56:33Z,SAT-EO-01,4168,25.56,93.47,-69.78,39.7477,-75.862,,
2026-08-20T06:56:39Z,SAT-EO-01,4169,24.94,93.71,-69.08,39.4448,-75.8367,,
2026-08-20T06:56:45Z,SAT-EO-01,4170,25.17,93.49,-69.67,39.1418,-75.8114,,
2026-08-20T06:56:51Z,SAT-EO-01,4171,25.07,93.38,-68.8,38.8348,-75.7859,,
2026-08-20T06:56:57Z,SAT-EO-01,4172,25.4,93.6,-68.28,38.5384,-75.7615,,
2026-08-20T06:57:03Z,SAT-EO-01,4173,25.18,93.36,-69.23,38.2345,-75.7366,,
2026-08-20T06:57:09Z,SAT-EO-01,4174,25.56,93.82,-69.02,37.9288,-75.7117,,
2026-08-20T06:57:15Z,SAT-EO-01,4175,25.27,93.59,-68.61,37.6163,-75.6863,,
2026-08-20T06:57:21Z,SAT-EO-01,4176,24.81,92.97,-67.88,37.3076,-75.6614,,
2026-08-20T06:57:27Z,SAT-EO-01,4177,25.95,93.24,-69.31,37.0014,-75.6369,,
2026-08-20T06:57:33Z,SAT-EO-01,4178,25.75,93.62,-69.57,36.6935,-75.6123,,
2026-08-20T06:57:39Z,SAT-EO-01,4179,25.25,93.73,-68.62,36.3801,-75.5874,,
2026-08-20T06:57:44Z,SAT-EO-01,4180,24.98,92.84,-69.07,36.0703,-75.5629,,
2026-08-20T06:57:50Z,SAT-EO-01,4181,24.95,94.29,-68.32,35.7593,-75.5385,,
2026-08-20T06:57:56Z,SAT-EO-01,4182,25.46,93.57,-70.06,35.4362,-75.5132,,
2026-08-20T06:58:02Z,SAT-EO-01,4183,25.78,92.73,-69.94,35.114,-75.4881,,
2026-08-20T06:58:08Z,SAT-EO-01,4184,24.76,93.18,-68.19,34.7894,-75.4629,,
2026-08-20T06:58:14Z,SAT-EO-01,4185,25.75,93.02,-67.42,34.466,-75.438,,
2026-08-20T06:58:20Z,SAT-EO-01,4186,25.58,92.78,-69.0,34.1432,-75.4132,,
2026-08-20T06:58:26Z,SAT-EO-01,4187,25.11,92.97,-68.86,33.8185,-75.3884,,
2026-08-20T06:58:32Z,SAT-EO-01,4188,25.19,93.05,-69.61,33.4882,-75.3632,,
2026-08-20T06:58:38Z,SAT-EO-01,4189,25.32,92.56,-69.06,33.1653,-75.3388,,
2026-08-20T06:58:44Z,SAT-EO-01,4190,24.92,92.73,-68.94,32.8283,-75.3134,,
2026-08-20T06:58:50Z,SAT-EO-01,4191,24.69,92.65,-69.33,32.5026,-75.2889,,
2026-08-20T06:58:56Z,SAT-EO-01,4192,25.29,92.75,-69.77,32.1632,-75.2635,,
2026-08-20T06:59:02Z,SAT-EO-01,4193,25.28,93.13,-67.87,31.8243,-75.2383,,
2026-08-20T06:59:08Z,SAT-EO-01,4194,24.86,92.34,-68.05,31.4943,-75.2138,,
2026-08-20T06:59:14Z,SAT-EO-01,4195,25.62,92.43,-69.28,31.1611,-75.1892,,
2026-08-20T06:59:20Z,SAT-EO-01,4196,24.45,92.63,-68.27,30.8194,-75.1641,,
2026-08-20T06:59:26Z,SAT-EO-01,4197,24.3,92.35,-67.46,30.4734,-75.1387,,
2026-08-20T06:59:32Z,SAT-EO-01,4198,24.69,92.43,-69.35,30.1317,-75.1138,,
2026-08-20T06:59:38Z,SAT-EO-01,4199,24.4,92.33,-68.32,29.7942,-75.0892,,
2026-08-20T06:59:44Z,SAT-EO-01,4200,24.89,92.43,-68.06,29.442,-75.0637,,
2026-08-20T06:59:50Z,SAT-EO-01,4201,24.48,92.23,-68.31,29.1002,-75.039,,
2026-08-20T06:59:56Z,SAT-EO-01,4202,24.46,92.07,-67.2,28.75,-75.0139,,
2026-08-20T07:00:02Z,SAT-EO-01,4203,24.29,92.33,-68.46,28.3958,-74.9885,,
2026-08-20T07:00:08Z,SAT-EO-01,4204,24.39,92.5,-68.88,28.0458,-74.9635,,
2026-08-20T07:00:14Z,SAT-EO-01,4205,24.14,92.33,-68.86,27.6913,-74.9383,,
2026-08-20T07:00:20Z,SAT-EO-01,4206,24.12,92.52,-68.8,27.3328,-74.9129,,
2026-08-20T07:00:26Z,SAT-EO-01,4207,24.72,92.05,-67.29,26.98,-74.8879,,
2026-08-20T07:00:32Z,SAT-EO-01,4208,24.65,91.74,-68.51,26.6223,-74.8627,,
2026-08-20T07:00:38Z,SAT-EO-01,4209,24.56,92.07,-68.83,26.2738,-74.8383,,
2026-08-20T07:00:44Z,SAT-EO-01,4210,24.86,91.83,-67.37,25.9106,-74.8129,,
2026-08-20T07:00:50Z,SAT-EO-01,4211,24.24,92.19,-67.36,25.5608,-74.7885,,
2026-08-20T07:00:56Z,SAT-EO-01,4212,24.16,92.07,-66.98,25.1933,-74.7629,,
2026-08-20T07:01:02Z,SAT-EO-01,4213,23.81,91.94,-68.39,24.8373,-74.7383,,
2026-08-20T07:01:08Z,SAT-EO-01,4214,24.76,92.14,-68.33,24.4695,-74.7128,,
2026-08-20T07:01:14Z,SAT-EO-01,4215,25.03,91.55,-67.74,24.1096,-74.688,,
2026-08-20T07:01:20Z,SAT-EO-01,4216,25.24,91.79,-67.05,23.7395,-74.6626,,
2026-08-20T07:01:27Z,SAT-EO-01,4217,23.65,92.01,-69.51,23.3667,-74.6371,,
2026-08-20T07:01:33Z,SAT-EO-01,4218,24.08,91.77,-66.91,23.0025,-74.6122,,
2026-08-20T07:01:39Z,SAT-EO-01,4219,23.95,91.86,-68.53,22.6263,-74.5866,,
2026-08-20T07:01:45Z,SAT-EO-01,4220,23.74,91.66,-67.23,22.252,-74.5612,,
2026-08-20T07:01:51Z,SAT-EO-01,4221,24.3,91.46,-68.03,21.888,-74.5365,,
2026-08-20T07:01:57Z,SAT-EO-01,4222,24.28,91.63,-67.29,21.5195,-74.5116,,
2026-08-20T07:02:03Z,SAT-EO-01,4223,24.39,91.48,-68.47,21.1428,-74.4862,,
2026-08-20T07:02:09Z,SAT-EO-01,4224,23.9,91.71,-67.62,20.7671,-74.4609,,
2026-08-20T07:02:15Z,SAT-EO-01,4225,23.86,91.58,-67.96,20.4021,-74.4365,,
2026-08-20T07:02:21Z,SAT-EO-01,4226,24.04,91.12,-66.54,20.0264,-74.4113,,
2026-08-20T07:02:27Z,SAT-EO-01,4227,24.41,91.33,-68.56,19.6573,-74.3867,,
2026-08-20T07:02:33Z,SAT-EO-01,4228,23.66,91.21,-67.24,19.2861,-74.362,,
2026-08-20T07:02:38Z,SAT-EO-01,4229,24.17,91.46,-67.58,18.9192,-74.3376,,
2026-08-20T07:02:44Z,SAT-EO-01,4230,24.76,91.1,-67.26,18.5444,-74.3127,,
2026-08-20T07:02:50Z,SAT-EO-01,4231,23.98,91.0,-66.21,18.1707,-74.288,,
2026-08-20T07:02:56Z,SAT-EO-01,4232,24.35,91.38,-66.97,17.7974,-74.2633,,
2026-08-20T07:03:02Z,SAT-EO-01,4233,23.61,91.31,-67.13,17.4208,-74.2385,,
2026-08-20T07:03:08Z,SAT-EO-01,4234,23.8,90.87,-68.86,17.0315,-74.2129,,
2026-08-20T07:03:14Z,SAT-EO-01,4235,23.82,91.2,-68.17,16.659,-74.1885,,
2026-08-20T07:03:20Z,SAT-EO-01,4236,23.63,90.45,-67.24,16.2688,-74.1629,,
2026-08-20T07:03:26Z,SAT-EO-01,4237,23.93,90.47,-66.39,15.8894,-74.1381,,
2026-08-20T07:03:32Z,SAT-EO-01,4238,23.61,90.54,-68.35,15.5078,-74.1132,,
2026-08-20T07:03:38Z,SAT-EO-01,4239,23.77,90.63,-67.36,15.1147,-74.0876,,
2026-08-20T07:03:44Z,SAT-EO-01,4240,23.86,90.51,-67.58,14.74,-74.0632,,
2026-08-20T07:03:50Z,SAT-EO-01,4241,23.47,91.03,-66.0,14.3566,-74.0383,,
2026-08-20T07:03:56Z,SAT-EO-01,4242,22.84,90.52,-66.68,13.9694,-74.0132,,
2026-08-20T07:04:02Z,SAT-EO-01,4243,22.9,90.73,-68.06,13.5769,-73.9878,,
2026-08-20T07:04:08Z,SAT-EO-01,4244,23.0,90.56,-67.33,13.1877,-73.9627,,
2026-08-20T07:04:14Z,SAT-EO-01,4245,23.69,90.39,-67.33,12.7989,-73.9376,,
2026-08-20T07:04:20Z,SAT-EO-01,4246,23.25,90.74,-67.49,12.4183,-73.913,,
2026-08-20T07:04:26Z,SAT-EO-01,4247,23.12,90.72,-67.15,12.0274,-73.8879,,
2026-08-20T07:04:32Z,SAT-EO-01,4248,23.46,90.56,-67.34,11.6399,-73.863,,
2026-08-20T07:04:38Z,SAT-EO-01,4249,23.11,90.73,-66.62,11.2489,-73.8379,,
2026-08-20T07:04:44Z,SAT-EO-01,4250,23.0,90.86,-67.18,10.8567,-73.8127,,
2026-08-20T07:04:50Z,SAT-EO-01,4251,23.17,90.4,-66.17,10.4719,-73.7881,,
2026-08-20T07:04:56Z,SAT-EO-01,4252,23.12,90.37,-67.1,10.0791,-73.763,,
2026-08-20T07:05:02Z,SAT-EO-01,4253,23.02,90.13,-67.3,9.687,-73.7379,,
2026-08-20T07:05:08Z,SAT-EO-01,4254,23.48,90.17,-66.28,9.2957,-73.713,,
2026-08-20T07:05:14Z,SAT-EO-01,4255,23.46,89.91,-67.62,8.9013,-73.6879,,
2026-08-20T07:05:20Z,SAT-EO-01,4256,22.85,89.72,-66.59,8.513,-73.6631,,
2026-08-20T07:05:26Z,SAT-EO-01,4257,23.4,89.95,-66.04,8.1165,-73.6379,,
2026-08-20T07:05:32Z,SAT-EO-01,4258,23.48,89.65,-66.82,7.7207,-73.6127,,
2026-08-20T07:05:38Z,SAT-EO-01,4259,22.68,89.33,-67.96,7.3261,-73.5877,,
2026-08-20T07:05:44Z,SAT-EO-01,4260,23.04,89.72,-67.51,6.9349,-73.5629,,
2026-08-20T07:05:51Z,SAT-EO-01,4261,22.6,89.75,-67.79,6.5328,-73.5374,,
2026-08-20T07:05:56Z,SAT-EO-01,4262,22.87,89.7,-67.57,6.1441,-73.5128,,
2026-08-20T07:06:03Z,SAT-EO-01,4263,23.55,90.03,-67.52,5.7432,-73.4874,,
2026-08-20T07:06:09Z,SAT-EO-01,4264,22.51,89.94,-67.1,5.3413,-73.4619,,
2026-08-20T07:06:15Z,SAT-EO-01,4265,23.29,89.38,-67.58,4.9495,-73.4372,,
2026-08-20T07:06:21Z,SAT-EO-01,4266,23.09,89.92,-66.5,4.5445,-73.4116,,
2026-08-20T07:06:27Z,SAT-EO-01,4267,22.69,89.47,-68.28,4.1396,-73.386,,
2026-08-20T07:06:33Z,SAT-EO-01,4268,23.05,89.25,-67.04,3.745,-73.3611,,
2026-08-20T07:06:39Z,SAT-EO-01,4269,23.34,89.24,-67.9,3.3491,-73.3361,,
2026-08-20T07:06:45Z,SAT-EO-01,4270,22.9,89.17,-67.46,2.9587,-73.3115,,
2026-08-20T07:06:51Z,SAT-EO-01,4271,22.18,89.73,-66.55,2.5591,-73.2863,,
2026-08-20T07:06:57Z,SAT-EO-01,4272,22.57,88.79,-67.03,2.1533,-73.2607,,
2026-08-20T07:07:03Z,SAT-EO-01,4273,22.76,89.08,-67.16,1.7513,-73.2353,,
2026-08-20T07:07:09Z,SAT-EO-01,4274,22.66,88.75,-67.02,1.3452,-73.2098,,
2026-08-20T07:07:15Z,SAT-EO-01,4275,22.1,89.02,-65.54,0.9468,-73.1846,,
2026-08-20T07:07:21Z,SAT-EO-01,4276,22.24,89.25,-65.96,0.5585,-73.1602,,
2026-08-20T07:07:27Z,SAT-EO-01,4277,23.0,89.13,-67.64,0.1703,-73.1357,,
2026-08-20T07:07:33Z,SAT-EO-01,4278,23.45,88.47,-65.89,-0.2175,-73.1113,,
2026-08-20T07:07:39Z,SAT-EO-01,4279,23.04,88.71,-65.86,-0.6197,-73.086,,
2026-08-20T07:07:45Z,SAT-EO-01,4280,22.49,89.33,-66.41,-1.0187,-73.0608,,
2026-08-20T07:07:51Z,SAT-EO-01,4281,21.9,88.57,-67.65,-1.4122,-73.036,,
2026-08-20T07:07:57Z,SAT-EO-01,4282,22.54,88.94,-66.9,-1.7993,-73.0116,,
2026-08-20T07:08:03Z,SAT-EO-01,4283,22.57,89.02,-65.55,-2.1981,-72.9865,,
2026-08-20T07:08:09Z,SAT-EO-01,4284,22.3,88.53,-67.93,-2.601,-72.9611,,
2026-08-20T07:08:15Z,SAT-EO-01,4285,22.63,88.62,-67.98,-2.9919,-72.9364,,
2026-08-20T07:08:21Z,SAT-EO-01,4286,21.72,89.34,-66.0,-3.3953,-72.911,,
2026-08-20T07:08:27Z,SAT-EO-01,4287,22.92,88.53,-67.13,-3.7986,-72.8855,,
2026-08-20T07:08:33Z,SAT-EO-01,4288,21.29,88.53,-67.05,-4.2038,-72.86,,
2026-08-20T07:08:39Z,SAT-EO-01,4289,22.7,88.26,-66.67,-4.6033,-72.8347,,
2026-08-20T07:08:45Z,SAT-EO-01,4290,22.49,88.65,-67.04,-4.9961,-72.8099,,
2026-08-20T07:08:51Z,SAT-EO-01,4291,21.76,88.31,-67.97,-5.3941,-72.7847,,
2026-08-20T07:08:57Z,SAT-EO-01,4292,21.17,88.39,-66.32,-5.7892,-72.7597,,
2026-08-20T07:09:03Z,SAT-EO-01,4293,21.91,88.26,-66.61,-6.1878,-72.7345,,
2026-08-20T07:09:09Z,SAT-EO-01,4294,22.34,87.98,-66.85,-6.5892,-72.709,,
2026-08-20T07:09:15Z,SAT-EO-01,4295,21.95,88.24,-68.04,-6.9814,-72.6842,,
2026-08-20T07:09:21Z,SAT-EO-01,4296,21.48,88.09,-67.28,-7.3665,-72.6597,,
2026-08-20T07:09:27Z,SAT-EO-01,4297,21.86,88.0,-65.88,-7.7668,-72.6343,,
2026-08-20T07:09:33Z,SAT-EO-01,4298,22.33,88.22,-67.83,-8.1577,-72.6095,,
2026-08-20T07:09:39Z,SAT-EO-01,4299,21.84,87.72,-67.67,-8.5568,-72.5841,,
2026-08-20T07:09:45Z,SAT-EO-01,4300,21.65,87.59,-66.97,-8.9539,-72.5588,,
2026-08-20T07:09:51Z,SAT-EO-01,4301,21.76,88.17,-68.3,-9.3424,-72.534,,
2026-08-20T07:09:57Z,SAT-EO-01,4302,22.28,88.26,-68.48,-9.7259,-72.5096,,
2026-08-20T07:10:03Z,SAT-EO-01,4303,21.68,87.86,-67.89,-10.1131,-72.4848,,
2026-08-20T07:10:09Z,SAT-EO-01,4304,21.6,87.64,-69.16,-10.5022,-72.4599,,
2026-08-20T07:10:15Z,SAT-EO-01,4305,21.75,87.29,-68.8,-10.8935,-72.4349,,
2026-08-20T07:10:21Z,SAT-EO-01,4306,21.69,87.19,-66.78,-11.29,-72.4095,,
2026-08-20T07:10:27Z,SAT-EO-01,4307,21.29,88.01,-66.48,-11.6882,-72.3839,,
2026-08-20T07:10:34Z,SAT-EO-01,4308,21.16,87.81,-67.01,-12.0865,-72.3583,,
2026-08-20T07:10:39Z,SAT-EO-01,4309,21.86,87.5,-67.48,-12.4716,-72.3335,,
2026-08-20T07:10:45Z,SAT-EO-01,4310,22.06,87.53,-66.54,-12.8601,-72.3085,,
2026-08-20T07:10:51Z,SAT-EO-01,4311,21.75,86.77,-67.09,-13.2427,-72.2838,,
2026-08-20T07:10:57Z,SAT-EO-01,4312,21.33,87.73,-67.63,-13.6219,-72.2593,,
2026-08-20T07:11:03Z,SAT-EO-01,4313,21.29,87.61,-67.97,-14.0074,-72.2343,,
2026-08-20T07:11:09Z,SAT-EO-01,4314,21.69,87.48,-67.34,-14.4023,-72.2087,,
2026-08-20T07:11:15Z,SAT-EO-01,4315,20.49,86.92,-67.03,-14.7873,-72.1837,,
2026-08-20T07:11:21Z,SAT-EO-01,4316,20.65,87.33,-67.64,-15.1707,-72.1588,,
2026-08-20T07:11:27Z,SAT-EO-01,4317,21.0,87.04,-67.99,-15.5562,-72.1337,,
2026-08-20T07:11:34Z,SAT-EO-01,4318,20.46,86.7,-67.02,-15.9467,-72.1082,,
2026-08-20T07:11:40Z,SAT-EO-01,4319,20.84,87.1,-66.78,-16.3335,-72.0829,,
2026-08-20T07:11:46Z,SAT-EO-01,4320,21.3,86.6,-66.45,-16.7215,-72.0574,,
2026-08-20T07:11:52Z,SAT-EO-01,4321,21.79,86.96,-68.5,-17.0944,-72.0329,,
2026-08-20T07:11:58Z,SAT-EO-01,4322,20.95,87.08,-66.63,-17.4826,-72.0074,,
2026-08-20T07:12:04Z,SAT-EO-01,4323,20.85,86.98,-68.12,-17.8549,-71.9829,,
2026-08-20T07:12:10Z,SAT-EO-01,4324,20.39,87.07,-66.69,-18.2374,-71.9576,,
2026-08-20T07:12:16Z,SAT-EO-01,4325,21.64,86.83,-67.24,-18.6081,-71.9331,,
2026-08-20T07:12:21Z,SAT-EO-01,4326,20.96,86.92,-66.56,-18.9766,-71.9086,,
2026-08-20T07:12:27Z,SAT-EO-01,4327,21.37,86.92,-67.77,-19.3492,-71.8838,,
2026-08-20T07:12:33Z,SAT-EO-01,4328,21.23,86.85,-65.71,-19.7279,-71.8586,,
2026-08-20T07:12:40Z,SAT-EO-01,4329,20.53,86.69,-67.47,-20.1095,-71.8331,,
2026-08-20T07:12:46Z,SAT-EO-01,4330,21.21,86.56,-66.64,-20.4825,-71.8081,,
2026-08-20T07:12:52Z,SAT-EO-01,4331,21.08,86.37,-69.25,-20.8561,-71.7831,,
2026-08-20T07:12:58Z,SAT-EO-01,4332,20.84,87.12,-67.57,-21.2272,-71.7581,,
2026-08-20T07:13:03Z,SAT-EO-01,4333,20.91,86.74,-68.12,-21.5942,-71.7334,,
2026-08-20T07:13:09Z,SAT-EO-01,4334,20.39,86.74,-68.38,-21.9609,-71.7086,,
2026-08-20T07:13:15Z,SAT-EO-01,4335,20.63,86.55,-69.05,-22.3313,-71.6835,,
2026-08-20T07:13:21Z,SAT-EO-01,4336,20.86,86.24,-67.77,-22.6947,-71.6588,,
2026-08-20T07:13:28Z,SAT-EO-01,4337,20.7,86.49,-70.23,-23.0702,-71.6332,,
2026-08-20T07:13:34Z,SAT-EO-01,4338,21.21,85.98,-67.15,-23.443,-71.6077,,
2026-08-20T07:13:40Z,SAT-EO-01,4339,20.9,86.2,-67.92,-23.8068,-71.5828,,
2026-08-20T07:13:46Z,SAT-EO-01,4340,21.07,86.0,-67.89,-24.1734,-71.5576,,
2026-08-20T07:13:52Z,SAT-EO-01,4341,20.59,86.24,-67.19,-24.5378,-71.5324,,
2026-08-20T07:13:58Z,SAT-EO-01,4342,20.12,86.35,-68.03,-24.9041,-71.5071,,
2026-08-20T07:14:04Z,SAT-EO-01,4343,20.52,86.29,-67.67,-25.2563,-71.4827,,
2026-08-20T07:14:10Z,SAT-EO-01,4344,20.91,85.97,-67.89,-25.6099,-71.4581,,
2026-08-20T07:14:15Z,SAT-EO-01,4345,20.56,85.59,-68.34,-25.9637,-71.4334,,
2026-08-20T07:14:21Z,SAT-EO-01,4346,20.61,86.11,-67.81,-26.3217,-71.4084,,
2026-08-20T07:14:28Z,SAT-EO-01,4347,20.72,86.18,-68.96,-26.6855,-71.3828,,
2026-08-20T07:14:34Z,SAT-EO-01,4348,20.41,85.84,-68.51,-27.044,-71.3576,,
2026-08-20T07:14:40Z,SAT-EO-01,4349,20.84,86.04,-69.43,-27.3997,-71.3324,,
2026-08-20T07:14:46Z,SAT-EO-01,4350,20.53,85.5,-67.66,-27.7599,-71.3069,,
2026-08-20T07:14:52Z,SAT-EO-01,4351,20.23,85.7,-67.37,-28.108,-71.2821,,
2026-08-20T07:14:58Z,SAT-EO-01,4352,21.0,85.61,-68.98,-28.4603,-71.2569,,
2026-08-20T07:15:04Z,SAT-EO-01,4353,20.41,85.48,-67.92,-28.803,-71.2323,,
2026-08-20T07:15:10Z,SAT-EO-01,4354,20.57,85.9,-67.73,-29.156,-71.2069,,
2026-08-20T07:15:16Z,SAT-EO-01,4355,20.04,85.32,-68.02,-29.4982,-71.1822,,
2026-08-20T07:15:22Z,SAT-EO-01,4356,20.69,85.48,-68.19,-29.8435,-71.1572,,
2026-08-20T07:15:28Z,SAT-EO-01,4357,20.21,85.5,-68.51,-30.1843,-71.1324,,
2026-08-20T07:15:34Z,SAT-EO-01,4358,20.45,85.75,-69.31,-30.5338,-71.1069,,
2026-08-20T07:15:40Z,SAT-EO-01,4359,20.21,85.98,-68.31,-30.8745,-71.0819,,
2026-08-20T07:15:46Z,SAT-EO-01,4360,20.08,85.16,-68.83,-31.2106,-71.0572,,
2026-08-20T07:15:52Z,SAT-EO-01,4361,19.79,85.1,-68.34,-31.5556,-71.0317,,
2026-08-20T07:15:58Z,SAT-EO-01,4362,19.92,85.77,-68.25,-31.8993,-71.0061,,
2026-08-20T07:16:04Z,SAT-EO-01,4363,19.67,85.2,-69.16,-32.2346,-70.9812,,
2026-08-20T07:16:10Z,SAT-EO-01,4364,20.39,85.57,-69.07,-32.5678,-70.9562,,
2026-08-20T07:16:16Z,SAT-EO-01,4365,20.11,84.82,-69.76,-32.9001,-70.9312,,
2026-08-20T07:16:22Z,SAT-EO-01,4366,20.59,85.35,-70.01,-33.2366,-70.9058,,
2026-08-20T07:16:28Z,SAT-EO-01,4367,20.43,84.85,-70.1,-33.5693,-70.8806,,
2026-08-20T07:16:34Z,SAT-EO-01,4368,20.0,84.95,-67.95,-33.9031,-70.8552,,
2026-08-20T07:16:40Z,SAT-EO-01,4369,20.23,84.73,-68.27,-34.2313,-70.8301,,
2026-08-20T07:16:46Z,SAT-EO-01,4370,19.74,84.98,-70.1,-34.5518,-70.8054,,
2026-08-20T07:16:52Z,SAT-EO-01,4371,19.61,85.13,-68.51,-34.8707,-70.7808,,
2026-08-20T07:16:58Z,SAT-EO-01,4372,20.45,84.74,-67.96,-35.2007,-70.7552,,
2026-08-20T07:17:04Z,SAT-EO-01,4373,19.31,84.91,-70.24,-35.5253,-70.7299,,
2026-08-20T07:17:10Z,SAT-EO-01,4374,20.67,84.96,-69.09,-35.8456,-70.7048,,
2026-08-20T07:17:16Z,SAT-EO-01,4375,19.63,85.0,-70.15,-36.1638,-70.6797,,
2026-08-20T07:17:22Z,SAT-EO-01,4376,18.87,85.09,-70.56,-36.4762,-70.655,,
2026-08-20T07:17:28Z,SAT-EO-01,4377,19.25,85.03,-68.49,-36.7917,-70.6299,,
2026-08-20T07:17:34Z,SAT-EO-01,4378,19.17,84.66,-69.37,-37.0987,-70.6053,,
2026-08-20T07:17:40Z,SAT-EO-01,4379,19.96,84.33,-69.41,-37.4023,-70.5809,,
2026-08-20T07:17:46Z,SAT-EO-01,4380,19.43,84.43,-68.58,-37.7181,-70.5554,,
2026-08-20T07:17:52Z,SAT-EO-01,4381,19.46,84.51,-67.78,-38.0325,-70.5299,,
2026-08-20T07:17:58Z,SAT-EO-01,4382,19.48,84.39,-69.9,-38.3412,-70.5047,,
2026-08-20T07:18:04Z,SAT-EO-01,4383,20.38,84.4,-69.79,-38.6451,-70.4797,,
2026-08-20T07:18:10Z,SAT-EO-01,4384,19.63,84.28,-69.42,-38.9466,-70.4548,,
2026-08-20T07:18:16Z,SAT-EO-01,4385,19.65,84.94,-69.46,-39.2421,-70.4303,,
2026-08-20T07:18:22Z,SAT-EO-01,4386,19.1,84.32,-70.51,-39.5476,-70.4047,,
2026-08-20T07:18:28Z,SAT-EO-01,4387,19.8,83.99,-70.8,-39.8497,-70.3794,,
2026-08-20T07:18:34Z,SAT-EO-01,4388,19.32,84.44,-69.33,-40.1457,-70.3544,,
2026-08-20T07:18:41Z,SAT-EO-01,4389,19.85,84.13,-69.18,-40.4448,-70.3289,,
2026-08-20T07:18:47Z,SAT-EO-01,4390,19.15,84.24,-69.99,-40.7435,-70.3034,,
2026-08-20T07:18:53Z,SAT-EO-01,4391,19.11,84.35,-69.74,-41.0361,-70.2782,,
2026-08-20T07:18:59Z,SAT-EO-01,4392,19.52,84.65,-68.75,-41.3199,-70.2536,,
2026-08-20T07:19:05Z,SAT-EO-01,4393,19.85,84.01,-69.55,-41.6094,-70.2284,,
2026-08-20T07:19:11Z,SAT-EO-01,4394,19.43,83.84,-69.36,-41.897,-70.2031,,
2026-08-20T07:19:17Z,SAT-EO-01,4395,19.96,84.22,-70.45,-42.1807,-70.1781,,
2026-08-20T07:19:23Z,SAT-EO-01,4396,19.46,83.93,-71.57,-42.4637,-70.1529,,
2026-08-20T07:19:29Z,SAT-EO-01,4397,19.38,84.27,-69.96,-42.7391,-70.1283,,
2026-08-20T07:19:35Z,SAT-EO-01,4398,19.5,83.8,-68.76,-43.0115,-70.1038,,
2026-08-20T07:19:41Z,SAT-EO-01,4399,19.34,83.89,-70.25,-43.2846,-70.079,,
2026-08-20T07:19:46Z,SAT-EO-01,4400,19.12,83.93,-71.16,-43.5558,-70.0542,,
2026-08-20T07:19:52Z,SAT-EO-01,4401,19.35,83.84,-71.02,-43.8212,-70.0298,,
2026-08-20T07:19:58Z,SAT-EO-01,4402,18.7,84.19,-70.03,-44.0909,-70.0049,,
2026-08-20T07:20:04Z,SAT-EO-01,4403,19.3,83.96,-70.63,-44.355,-69.9803,,
2026-08-20T07:20:10Z,SAT-EO-01,4404,19.24,84.05,-70.1,-44.6149,-69.9559,,
2026-08-20T07:20:16Z,SAT-EO-01,4405,19.13,83.76,-69.5,-44.8804,-69.9308,,
2026-08-20T07:20:22Z,SAT-EO-01,4406,19.45,83.71,-70.71,-45.1385,-69.9062,,
2026-08-20T07:20:28Z,SAT-EO-01,4407,19.41,83.85,-71.14,-45.4,-69.8811,,
2026-08-20T07:20:34Z,SAT-EO-01,4408,19.16,83.58,-69.89,-45.6608,-69.8558,,
2026-08-20T07:20:40Z,SAT-EO-01,4409,19.21,83.86,-71.37,-45.9204,-69.8305,,
2026-08-20T07:20:46Z,SAT-EO-01,4410,18.99,83.41,-68.98,-46.1699,-69.806,,
2026-08-20T07:20:52Z,SAT-EO-01,4411,19.3,83.75,-71.28,-46.4172,-69.7815,,
2026-08-20T07:20:58Z,SAT-EO-01,4412,19.23,83.84,-70.91,-46.67,-69.7563,,
2026-08-20T07:21:04Z,SAT-EO-01,4413,19.21,83.53,-71.0,-46.917,-69.7314,,
2026-08-20T07:21:10Z,SAT-EO-01,4414,18.83,83.09,-70.51,-47.1669,-69.7061,,
2026-08-20T07:21:16Z,SAT-EO-01,4415,18.47,83.26,-70.42,-47.4062,-69.6816,,
2026-08-20T07:21:22Z,SAT-EO-01,4416,18.93,83.6,-70.93,-47.6439,-69.657,,
2026-08-20T07:21:28Z,SAT-EO-01,4417,19.46,83.2,-70.62,-47.8886,-69.6316,,
2026-08-20T07:21:34Z,SAT-EO-01,4418,18.72,83.35,-68.29,-48.1322,-69.606,,
2026-08-20T07:21:40Z,SAT-EO-01,4419,19.29,83.8,-71.0,-48.3644,-69.5814,,
2026-08-20T07:21:46Z,SAT-EO-01,4420,18.87,83.0,-70.59,-48.5988,-69.5563,,
2026-08-20T07:21:52Z,SAT-EO-01,4421,19.17,83.05,-70.1,-48.827,-69.5317,,
2026-08-20T07:21:58Z,SAT-EO-01,4422,18.94,83.33,-70.72,-49.0543,-69.5069,,
2026-08-20T07:22:04Z,SAT-EO-01,4423,18.72,83.15,-71.11,-49.2805,-69.4821,,
2026-08-20T07:22:10Z,SAT-EO-01,4424,18.85,83.35,-71.5,-49.5039,-69.4573,,
2026-08-20T07:22:16Z,SAT-EO-01,4425,18.46,82.76,-72.69,-49.7245,-69.4325,,
2026-08-20T07:22:22Z,SAT-EO-01,4426,18.24,83.29,-70.79,-49.9456,-69.4075,,
2026-08-20T07:22:28Z,SAT-EO-01,4427,18.76,83.13,-70.36,-50.1676,-69.3822,,
2026-08-20T07:22:34Z,SAT-EO-01,4428,18.77,83.5,-70.03,-50.3895,-69.3566,,
2026-08-20T07:22:40Z,SAT-EO-01,4429,18.49,82.97,-71.85,-50.6065,-69.3312,,
2026-08-20T07:22:46Z,SAT-EO-01,4430,19.12,82.81,-72.41,-50.8147,-69.3067,,
2026-08-20T07:22:52Z,SAT-EO-01,4431,18.78,83.52,-70.61,-51.0295,-69.2811,,
2026-08-20T07:22:58Z,SAT-EO-01,4432,18.67,82.84,-71.97,-51.2361,-69.2562,,
2026-08-20T07:23:04Z,SAT-EO-01,4433,19.39,83.0,-71.37,-51.4432,-69.231,,
2026-08-20T07:23:10Z,SAT-EO-01,4434,18.39,83.18,-69.78,-51.6431,-69.2064,,
2026-08-20T07:23:16Z,SAT-EO-01,4435,18.96,82.6,-71.32,-51.8449,-69.1813,,
2026-08-20T07:23:22Z,SAT-EO-01,4436,19.02,83.04,-71.37,-52.0405,-69.1567,,
2026-08-20T07:23:28Z,SAT-EO-01,4437,18.35,82.79,-72.03,-52.234,-69.1321,,
2026-08-20T07:23:34Z,SAT-EO-01,4438,19.1,82.92,-70.75,-52.4239,-69.1076,,
2026-08-20T07:23:40Z,SAT-EO-01,4439,18.1,82.62,-73.22,-52.6142,-69.0828,,
2026-08-20T07:23:46Z,SAT-EO-01,4440,18.35,83.02,-70.76,-52.8042,-69.0578,,
2026-08-20T07:23:52Z,SAT-EO-01,4441,18.96,82.84,-70.05,-52.9896,-69.033,,
2026-08-20T07:23:57Z,SAT-EO-01,4442,18.8,82.99,-70.68,-53.1719,-69.0084,,
2026-08-20T07:24:04Z,SAT-EO-01,4443,18.68,82.6,-71.64,-53.3585,-68.9828,,
2026-08-20T07:24:10Z,SAT-EO-01,4444,18.2,83.02,-72.06,-53.5392,-68.9578,,
2026-08-20T07:24:15Z,SAT-EO-01,4445,17.95,82.76,-71.54,-53.7128,-68.9334,,
2026-08-20T07:24:22Z,SAT-EO-01,4446,18.57,82.81,-72.66,-53.8914,-68.908,,
2026-08-20T07:24:27Z,SAT-EO-01,4447,18.61,82.88,-70.48,-54.0605,-68.8836,,
2026-08-20T07:24:33Z,SAT-EO-01,4448,18.51,82.21,-71.7,-54.228,-68.8591,,
2026-08-20T07:24:39Z,SAT-EO-01,4449,18.57,82.82,-72.09,-54.4006,-68.8335,,
2026-08-20T07:24:46Z,SAT-EO-01,4450,18.6,82.93,-72.67,-54.5701,-68.808,,
2026-08-20T07:24:52Z,SAT-EO-01,4451,18.44,82.35,-72.48,-54.7358,-68.7827,,
2026-08-20T07:24:58Z,SAT-EO-01,4452,18.59,82.32,-71.74,-54.897,-68.7577,,
2026-08-20T07:25:04Z,SAT-EO-01,4453,18.03,82.41,-73.72,-55.0582,-68.7324,,
2026-08-20T07:25:10Z,SAT-EO-01,4454,18.83,82.55,-71.25,-55.2179,-68.7069,,
2026-08-20T07:25:16Z,SAT-EO-01,4455,17.93,82.32,-71.01,-55.3709,-68.682,,
2026-08-20T07:25:22Z,SAT-EO-01,4456,18.41,82.5,-73.24,-55.5211,-68.6573,,
2026-08-20T07:25:28Z,SAT-EO-01,4457,18.39,82.98,-73.7,-55.6671,-68.6328,,
2026-08-20T07:25:34Z,SAT-EO-01,4458,18.3,82.71,-72.43,-55.8169,-68.6073,,
2026-08-20T07:25:40Z,SAT-EO-01,4459,18.42,82.24,-71.25,-55.9629,-68.582,,
2026-08-20T07:25:46Z,SAT-EO-01,4460,18.57,82.75,-71.68,-56.1063,-68.5567,,
2026-08-20T07:25:52Z,SAT-EO-01,4461,18.41,82.38,-72.28,-56.2463,-68.5316,,
2026-08-20T07:25:58Z,SAT-EO-01,4462,18.26,82.32,-72.35,-56.3847,-68.5064,,
2026-08-20T07:26:04Z,SAT-EO-01,4463,18.36,82.43,-72.01,-56.5163,-68.4819,,
2026-08-20T07:26:10Z,SAT-EO-01,4464,19.29,82.3,-73.71,-56.6471,-68.4571,,
2026-08-20T07:26:16Z,SAT-EO-01,4465,18.33,82.26,-72.8,-56.7747,-68.4325,,
2026-08-20T07:26:22Z,SAT-EO-01,4466,18.28,82.44,-72.99,-56.9034,-68.4072,,
2026-08-20T07:26:28Z,SAT-EO-01,4467,18.53,82.62,-72.19,-57.0297,-68.3819,,
2026-08-20T07:26:34Z,SAT-EO-01,4468,18.16,82.26,-71.95,-57.1498,-68.3573,,
2026-08-20T07:26:40Z,SAT-EO-01,4469,18.02,82.5,-72.19,-57.2672,-68.3327,,
2026-08-20T07:26:46Z,SAT-EO-01,4470,18.44,82.17,-72.62,-57.3853,-68.3075,,
2026-08-20T07:26:52Z,SAT-EO-01,4471,18.04,82.02,-72.86,-57.5018,-68.2821,,
2026-08-20T07:26:58Z,SAT-EO-01,4472,19.05,82.33,-73.28,-57.6122,-68.2575,,
2026-08-20T07:27:04Z,SAT-EO-01,4473,18.55,82.34,-73.44,-57.7195,-68.233,,
2026-08-20T07:27:09Z,SAT-EO-01,4474,18.04,82.29,-71.7,-57.8249,-68.2084,,
2026-08-20T07:27:15Z,SAT-EO-01,4475,18.62,82.2,-72.66,-57.9271,-68.184,,
2026-08-20T07:27:21Z,SAT-EO-01,4476,18.77,82.35,-71.98,-58.0311,-68.1585,,
2026-08-20T07:27:28Z,SAT-EO-01,4477,18.83,82.34,-74.22,-58.1322,-68.1331,,
2026-08-20T07:27:34Z,SAT-EO-01,4478,18.42,82.11,-73.95,-58.2295,-68.108,,
2026-08-20T07:27:40Z,SAT-EO-01,4479,18.0,82.0,-72.95,-58.3229,-68.0833,,
2026-08-20T07:27:46Z,SAT-EO-01,4480,18.48,82.11,-73.68,-58.4159,-68.058,,
2026-08-20T07:27:51Z,SAT-EO-01,4481,18.23,81.93,-73.75,-58.5035,-68.0335,,
2026-08-20T07:27:57Z,SAT-EO-01,4482,18.28,82.11,-72.54,-58.5902,-68.0085,,
2026-08-20T07:28:03Z,SAT-EO-01,4483,17.94,82.19,-72.69,-58.6724,-67.9841,,
2026-08-20T07:28:09Z,SAT-EO-01,4484,18.18,82.6,-74.15,-58.7541,-67.9592,,
2026-08-20T07:28:15Z,SAT-EO-01,4485,18.15,82.3,-72.56,-58.8316,-67.9347,,
2026-08-20T07:28:21Z,SAT-EO-01,4486,17.63,82.13,-72.82,-58.9069,-67.9101,,
2026-08-20T07:28:27Z,SAT-EO-01,4487,17.64,82.2,-73.27,-58.9815,-67.8849,,
2026-08-20T07:28:33Z,SAT-EO-01,4488,18.12,82.61,-72.26,-59.0534,-67.8598,,
2026-08-20T07:28:39Z,SAT-EO-01,4489,17.95,82.15,-71.74,-59.1237,-67.8343,,
2026-08-20T07:28:45Z,SAT-EO-01,4490,18.05,82.49,-73.49,-59.1894,-67.8095,,
2026-08-20T07:28:51Z,SAT-EO-01,4491,17.83,82.34,-73.19,-59.2544,-67.784,,
2026-08-20T07:28:57Z,SAT-EO-01,4492,18.0,81.85,-72.91,-59.314,-67.7596,,
2026-08-20T07:29:03Z,SAT-EO-01,4493,18.13,82.36,-73.79,-59.3717,-67.735,,
2026-08-20T07:29:09Z,SAT-EO-01,4494,18.21,82.08,-72.01,-59.4285,-67.7096,,
2026-08-20T07:29:15Z,SAT-EO-01,4495,18.21,82.24,-73.3,-59.483,-67.6841,,
2026-08-20T07:29:21Z,SAT-EO-01,4496,18.14,81.7,-72.48,-59.5331,-67.6594,,
2026-08-20T07:29:27Z,SAT-EO-01,4497,18.04,82.06,-72.72,-59.5812,-67.6344,,
2026-08-20T07:29:33Z,SAT-EO-01,4498,17.82,82.22,-73.54,-59.627,-67.6092,,
2026-08-20T07:29:39Z,SAT-EO-01,4499,17.93,82.04,-73.29,-59.669,-67.5847,,
2026-08-20T07:29:45Z,SAT-EO-01,4500,17.68,81.77,-72.42,-59.7087,-67.5601,,
2026-08-20T07:29:51Z,SAT-EO-01,4501,18.87,81.9,-72.45,-59.7462,-67.5353,,
2026-08-20T07:29:57Z,SAT-EO-01,4502,18.7,82.41,-73.11,-59.7811,-67.5105,,
2026-08-20T07:30:03Z,SAT-EO-01,4503,18.32,82.16,-73.37,-59.813,-67.486,,
2026-08-20T07:30:09Z,SAT-EO-01,4504,17.65,82.04,-72.72,-59.8426,-67.4614,,
2026-08-20T07:30:15Z,SAT-EO-01,4505,18.05,82.07,-73.63,-59.8697,-67.4366,,
2026-08-20T07:30:21Z,SAT-EO-01,4506,17.5,82.02,-72.59,-59.8942,-67.412,,
2026-08-20T07:30:27Z,SAT-EO-01,4507,18.32,81.91,-73.17,-59.9169,-67.3865,,
2026-08-20T07:30:33Z,SAT-EO-01,4508,18.25,82.11,-72.79,-59.9367,-67.3612,,
2026-08-20T07:30:39Z,SAT-EO-01,4509,18.39,81.98,-73.4,-59.9534,-67.3364,,
2026-08-20T07:30:45Z,SAT-EO-01,4510,18.47,81.84,-73.73,-59.968,-67.311,,
2026-08-20T07:30:51Z,SAT-EO-01,4511,18.4,81.31,-74.58,-59.9796,-67.286,,
2026-08-20T07:30:57Z,SAT-EO-01,4512,18.19,81.87,-71.88,-59.9885,-67.2614,,
2026-08-20T07:31:03Z,SAT-EO-01,4513,18.25,82.06,-73.04,-59.995,-67.2364,,
2026-08-20T07:31:09Z,SAT-EO-01,4514,18.01,82.0,-72.77,-59.9988,-67.211,,
2026-08-20T07:31:15Z,SAT-EO-01,4515,17.34,82.55,-72.04,-60.0,-67.1854,,
2026-08-20T07:31:21Z,SAT-EO-01,4516,17.55,81.8,-74.25,-59.9985,-67.1607,,
2026-08-20T07:31:27Z,SAT-EO-01,4517,17.83,81.56,-73.23,-59.9944,-67.1356,,
2026-08-20T07:31:33Z,SAT-EO-01,4518,17.84,82.4,-72.7,-59.9878,-67.1112,,
2026-08-20T07:31:39Z,SAT-EO-01,4519,18.16,82.14,-73.14,-59.9786,-67.0866,,
2026-08-20T07:31:45Z,SAT-EO-01,4520,17.8,82.15,-74.9,-59.9664,-67.061,,
2026-08-20T07:31:51Z,SAT-EO-01,4521,18.11,82.02,-73.11,-59.9519,-67.0362,,
2026-08-20T07:31:57Z,SAT-EO-01,4522,17.11,81.94,-73.01,-59.9349,-67.0114,,
2026-08-20T07:32:03Z,SAT-EO-01,4523,18.01,82.1,-72.46,-59.9151,-66.9864,,
2026-08-20T07:32:09Z,SAT-EO-01,4524,17.93,82.53,-71.91,-59.8921,-66.9607,,
2026-08-20T07:32:15Z,SAT-EO-01,4525,17.78,82.43,-73.61,-59.8669,-66.9357,,
2026-08-20T07:32:21Z,SAT-EO-01,4526,18.14,81.89,-72.93,-59.8395,-66.911,,
2026-08-20T07:32:27Z,SAT-EO-01,4527,17.77,82.44,-74.07,-59.8085,-66.8854,,
2026-08-20T07:32:33Z,SAT-EO-01,4528,18.7,81.82,-73.31,-59.7756,-66.8605,,
2026-08-20T07:32:39Z,SAT-EO-01,4529,17.97,82.02,-71.94,-59.7405,-66.8358,,
2026-08-20T07:32:45Z,SAT-EO-01,4530,18.71,81.89,-72.02,-59.7032,-66.8113,,
2026-08-20T07:32:51Z,SAT-EO-01,4531,17.66,81.74,-71.26,-59.6633,-66.7869,,
2026-08-20T07:32:57Z,SAT-EO-01,4532,18.13,81.85,-73.83,-59.6195,-66.7616,,
2026-08-20T07:33:03Z,SAT-EO-01,4533,17.75,82.46,-73.12,-59.574,-66.7368,,
2026-08-20T07:33:09Z,SAT-EO-01,4534,17.18,82.02,-71.88,-59.5257,-66.7119,,
2026-08-20T07:33:15Z,SAT-EO-01,4535,18.22,82.16,-71.46,-59.4752,-66.6872,,
2026-08-20T07:33:20Z,SAT-EO-01,4536,17.74,81.92,-72.85,-59.4227,-66.6627,,
2026-08-20T07:33:26Z,SAT-EO-01,4537,17.51,82.3,-72.5,-59.3679,-66.6383,,
2026-08-20T07:33:32Z,SAT-EO-01,4538,18.15,82.11,-71.44,-59.3102,-66.6138,,
2026-08-20T07:33:38Z,SAT-EO-01,4539,18.46,82.49,-72.21,-59.2501,-66.5893,,
2026-08-20T07:33:44Z,SAT-EO-01,4540,18.07,82.1,-72.62,-59.1862,-66.5642,,
2026-08-20T07:33:50Z,SAT-EO-01,4541,17.6,82.07,-71.52,-59.1211,-66.5397,,
2026-08-20T07:33:56Z,SAT-EO-01,4542,18.36,82.09,-73.55,-59.0522,-66.5147,,
2026-08-20T07:34:02Z,SAT-EO-01,4543,18.44,82.28,-70.81,-58.9822,-66.4903,,
2026-08-20T07:34:08Z,SAT-EO-01,4544,18.5,81.88,-72.5,-58.9065,-66.4647,,
2026-08-20T07:34:14Z,SAT-EO-01,4545,18.54,82.39,-72.96,-58.8301,-66.4398,,
2026-08-20T07:34:20Z,SAT-EO-01,4546,18.19,82.25,-72.03,-58.749,-66.4143,,
2026-08-20T07:34:26Z,SAT-EO-01,4547,17.59,82.22,-72.87,-58.6661,-66.389,,
2026-08-20T07:34:32Z,SAT-EO-01,4548,18.5,81.84,-71.82,-58.5808,-66.3637,,
2026-08-20T07:34:38Z,SAT-EO-01,4549,18.5,82.03,-73.92,-58.4948,-66.339,,
2026-08-20T07:34:44Z,SAT-EO-01,4550,18.31,82.22,-72.91,-58.4038,-66.3136,,
2026-08-20T07:34:50Z,SAT-EO-01,4551,18.23,82.24,-72.96,-58.3118,-66.2887,,
2026-08-20T07:34:56Z,SAT-EO-01,4552,18.69,82.16,-71.55,-58.2188,-66.2642,,
2026-08-20T07:35:02Z,SAT-EO-01,4553,17.8,82.48,-74.08,-58.1236,-66.2397,,
2026-08-20T07:35:08Z,SAT-EO-01,4554,18.1,82.5,-72.01,-58.0228,-66.2144,,
2026-08-20T07:35:14Z,SAT-EO-01,4555,17.85,82.24,-72.07,-57.922,-66.1898,,
2026-08-20T07:35:20Z,SAT-EO-01,4556,18.33,82.39,-72.05,-57.8193,-66.1653,,
2026-08-20T07:35:26Z,SAT-EO-01,4557,18.2,82.45,-71.33,-57.7128,-66.1405,,
2026-08-20T07:35:32Z,SAT-EO-01,4558,18.57,82.36,-71.7,-57.6027,-66.1154,,
2026-08-20T07:35:38Z,SAT-EO-01,4559,17.77,82.37,-72.3,-57.4881,-66.0899,,
2026-08-20T07:35:44Z,SAT-EO-01,4560,18.4,81.93,-72.82,-57.372,-66.0646,,
2026-08-20T07:35:50Z,SAT-EO-01,4561,18.72,82.26,-72.27,-57.2538,-66.0395,,
2026-08-20T07:35:56Z,SAT-EO-01,4562,18.41,82.43,-72.37,-57.1355,-66.0148,,
2026-08-20T07:36:02Z,SAT-EO-01,4563,18.51,82.42,-72.93,-57.0101,-65.9892,,
2026-08-20T07:36:08Z,SAT-EO-01,4564,17.97,82.3,-72.65,-56.8822,-65.9636,,
2026-08-20T07:36:14Z,SAT-EO-01,4565,18.85,82.75,-72.01,-56.7553,-65.9387,,
2026-08-20T07:36:20Z,SAT-EO-01,4566,18.18,82.09,-73.95,-56.6226,-65.9132,,
2026-08-20T07:36:26Z,SAT-EO-01,4567,17.87,82.8,-73.75,-56.4887,-65.8879,,
2026-08-20T07:36:32Z,SAT-EO-01,4568,17.92,82.9,-72.64,-56.3555,-65.8633,,
2026-08-20T07:36:38Z,SAT-EO-01,4569,18.08,82.76,-71.11,-56.2164,-65.838,,
2026-08-20T07:36:44Z,SAT-EO-01,4570,18.25,83.0,-72.55,-56.0756,-65.8128,,
2026-08-20T07:36:51Z,SAT-EO-01,4571,18.78,82.55,-72.62,-55.9303,-65.7873,,
2026-08-20T07:36:57Z,SAT-EO-01,4572,18.34,82.84,-71.94,-55.7863,-65.7624,,
2026-08-20T07:37:02Z,SAT-EO-01,4573,18.15,82.9,-71.03,-55.6394,-65.7375,,
2026-08-20T07:37:08Z,SAT-EO-01,4574,18.32,82.54,-72.87,-55.4913,-65.7128,,
2026-08-20T07:37:14Z,SAT-EO-01,4575,18.39,82.39,-72.01,-55.3389,-65.6877,,
2026-08-20T07:37:20Z,SAT-EO-01,4576,18.45,82.47,-72.95,-55.1842,-65.6627,,
2026-08-20T07:37:26Z,SAT-EO-01,4577,18.66,82.92,-72.49,-55.0265,-65.6376,,
2026-08-20T07:37:33Z,SAT-EO-01,4578,18.98,82.55,-72.18,-54.8653,-65.6123,,
2026-08-20T07:37:38Z,SAT-EO-01,4579,18.18,82.79,-71.31,-54.7062,-65.5877,,
2026-08-20T07:37:44Z,SAT-EO-01,4580,18.39,82.47,-72.69,-54.5413,-65.5626,,
2026-08-20T07:37:51Z,SAT-EO-01,4581,19.08,82.27,-73.7,-54.3712,-65.5371,,
2026-08-20T07:37:57Z,SAT-EO-01,4582,18.18,82.96,-71.12,-54.2046,-65.5125,,
2026-08-20T07:38:02Z,SAT-EO-01,4583,18.61,82.79,-71.24,-54.0352,-65.4877,,
2026-08-20T07:38:08Z,SAT-EO-01,4584,18.31,82.5,-73.23,-53.8642,-65.4631,,
2026-08-20T07:38:14Z,SAT-EO-01,4585,18.32,82.97,-71.6,-53.6886,-65.4382,,
2026-08-20T07:38:20Z,SAT-EO-01,4586,18.79,82.47,-72.39,-53.51,-65.4132,,
2026-08-20T07:38:26Z,SAT-EO-01,4587,18.8,82.75,-69.28,-53.3282,-65.388,,
2026-08-20T07:38:32Z,SAT-EO-01,4588,17.75,82.71,-70.6,-53.146,-65.3631,,
2026-08-20T07:38:38Z,SAT-EO-01,4589,18.62,83.08,-70.3,-52.9628,-65.3384,,
2026-08-20T07:38:44Z,SAT-EO-01,4590,19.04,82.77,-71.46,-52.7731,-65.3131,,
2026-08-20T07:38:50Z,SAT-EO-01,4591,18.48,82.69,-71.58,-52.581,-65.2878,,
2026-08-20T07:38:56Z,SAT-EO-01,4592,18.32,82.78,-72.45,-52.3872,-65.2626,,
2026-08-20T07:39:03Z,SAT-EO-01,4593,19.06,82.85,-71.78,-52.1884,-65.2371,,
2026-08-20T07:39:09Z,SAT-EO-01,4594,18.83,83.04,-71.19,-51.9869,-65.2115,,
2026-08-20T07:39:15Z,SAT-EO-01,4595,18.57,82.98,-73.49,-51.7925,-65.1871,,
2026-08-20T07:39:21Z,SAT-EO-01,4596,18.64,82.94,-72.09,-51.5876,-65.1617,,
2026-08-20T07:39:27Z,SAT-EO-01,4597,18.18,82.74,-71.84,-51.3851,-65.1369,,
2026-08-20T07:39:33Z,SAT-EO-01,4598,18.49,83.03,-70.69,-51.1776,-65.1117,,
2026-08-20T07:39:39Z,SAT-EO-01,4599,18.79,82.97,-71.38,-50.9715,-65.0869,,
2026-08-20T07:39:45Z,SAT-EO-01,4600,18.76,83.42,-70.89,-50.7632,-65.0622,,
2026-08-20T07:39:51Z,SAT-EO-01,4601,19.2,83.32,-70.83,-50.5511,-65.0373,,
2026-08-20T07:39:57Z,SAT-EO-01,4602,19.3,82.92,-69.95,-50.3363,-65.0123,,
2026-08-20T07:40:02Z,SAT-EO-01,4603,19.82,82.76,-71.56,-50.1233,-64.9877,,
2026-08-20T07:40:08Z,SAT-EO-01,4604,18.26,82.7,-70.87,-49.9079,-64.9632,,
2026-08-20T07:40:14Z,SAT-EO-01,4605,18.99,83.51,-71.42,-49.6867,-64.9382,,
2026-08-20T07:40:20Z,SAT-EO-01,4606,18.74,82.7,-71.3,-49.459,-64.9127,,
2026-08-20T07:40:27Z,SAT-EO-01,4607,18.7,83.48,-72.18,-49.2306,-64.8874,,
2026-08-20T07:40:33Z,SAT-EO-01,4608,18.14,83.02,-70.35,-48.9978,-64.8619,,
2026-08-20T07:40:39Z,SAT-EO-01,4609,18.58,83.09,-70.41,-48.7713,-64.8373,,
2026-08-20T07:40:44Z,SAT-EO-01,4610,18.45,83.72,-72.04,-48.5436,-64.8128,,
2026-08-20T07:40:50Z,SAT-EO-01,4611,18.69,83.41,-72.1,-48.3118,-64.788,,
2026-08-20T07:40:56Z,SAT-EO-01,4612,18.63,82.86,-68.78,-48.0745,-64.7629,,
2026-08-20T07:41:02Z,SAT-EO-01,4613,19.06,83.26,-70.13,-47.8382,-64.7382,,
2026-08-20T07:41:08Z,SAT-EO-01,4614,18.63,83.09,-69.76,-47.603,-64.7137,,
2026-08-20T07:41:14Z,SAT-EO-01,4615,18.83,83.71,-71.56,-47.3572,-64.6884,,
2026-08-20T07:41:20Z,SAT-EO-01,4616,18.99,83.23,-71.09,-47.1135,-64.6635,,
2026-08-20T07:41:26Z,SAT-EO-01,4617,19.12,83.29,-71.1,-46.8618,-64.638,,
2026-08-20T07:41:32Z,SAT-EO-01,4618,19.18,83.66,-70.78,-46.609,-64.6126,,
2026-08-20T07:41:39Z,SAT-EO-01,4619,19.46,83.67,-69.35,-46.3555,-64.5873,,
2026-08-20T07:41:44Z,SAT-EO-01,4620,19.36,83.41,-70.74,-46.1075,-64.5628,,
2026-08-20T07:41:50Z,SAT-EO-01,4621,19.16,83.93,-70.14,-45.8492,-64.5375,,
2026-08-20T07:41:57Z,SAT-EO-01,4622,19.72,83.61,-69.42,-45.5903,-64.5123,,
2026-08-20T07:42:02Z,SAT-EO-01,4623,19.12,83.88,-69.92,-45.3362,-64.4878,,
2026-08-20T07:42:09Z,SAT-EO-01,4624,19.18,83.31,-69.89,-45.0696,-64.4623,,
2026-08-20T07:42:15Z,SAT-EO-01,4625,18.84,84.2,-71.98,-44.8001,-64.4366,,
2026-08-20T07:42:21Z,SAT-EO-01,4626,19.67,84.13,-70.36,-44.53,-64.4111,,
2026-08-20T07:42:27Z,SAT-EO-01,4627,19.37,84.04,-70.53,-44.2585,-64.3857,,
2026-08-20T07:42:33Z,SAT-EO-01,4628,19.56,83.87,-69.24,-43.9948,-64.3612,,
2026-08-20T07:42:39Z,SAT-EO-01,4629,19.51,84.15,-69.82,-43.7291,-64.3367,,
2026-08-20T07:42:45Z,SAT-EO-01,4630,19.1,83.92,-68.98,-43.4594,-64.3119,,
2026-08-20T07:42:51Z,SAT-EO-01,4631,18.72,83.66,-70.07,-43.1816,-64.2867,,
2026-08-20T07:42:57Z,SAT-EO-01,4632,19.33,83.77,-69.82,-42.9061,-64.2617,,
2026-08-20T07:43:03Z,SAT-EO-01,4633,19.13,84.45,-70.94,-42.6276,-64.2367,,
2026-08-20T07:43:09Z,SAT-EO-01,4634,19.53,84.32,-68.48,-42.3478,-64.2118,,
2026-08-20T07:43:15Z,SAT-EO-01,4635,19.36,84.7,-70.27,-42.0648,-64.1867,,
2026-08-20T07:43:21Z,SAT-EO-01,4636,19.51,84.05,-69.18,-41.7822,-64.1618,,
2026-08-20T07:43:27Z,SAT-EO-01,4637,20.11,84.03,-70.02,-41.498,-64.1369,,
2026-08-20T07:43:33Z,SAT-EO-01,4638,19.02,84.1,-69.62,-41.2136,-64.1122,,
2026-08-20T07:43:39Z,SAT-EO-01,4639,19.26,84.3,-70.64,-40.9183,-64.0867,,
2026-08-20T07:43:45Z,SAT-EO-01,4640,19.39,84.49,-71.16,-40.62,-64.0611,,
2026-08-20T07:43:51Z,SAT-EO-01,4641,19.52,84.35,-70.02,-40.323,-64.0357,,
2026-08-20T07:43:57Z,SAT-EO-01,4642,20.2,84.19,-69.63,-40.0267,-64.0106,,
2026-08-20T07:44:03Z,SAT-EO-01,4643,19.91,84.36,-69.4,-39.7239,-63.985,,
2026-08-20T07:44:09Z,SAT-EO-01,4644,19.66,84.53,-69.87,-39.4322,-63.9606,,
2026-08-20T07:44:15Z,SAT-EO-01,4645,18.77,84.04,-70.04,-39.1262,-63.9351,,
2026-08-20T07:44:21Z,SAT-EO-01,4646,19.39,83.59,-68.35,-38.8221,-63.9099,,
2026-08-20T07:44:27Z,SAT-EO-01,4647,18.69,84.46,-69.42,-38.5238,-63.8853,,
2026-08-20T07:44:33Z,SAT-EO-01,4648,19.72,84.55,-69.93,-38.2241,-63.8608,,
2026-08-20T07:44:39Z,SAT-EO-01,4649,19.29,84.37,-68.82,-37.9214,-63.8361,,
2026-08-20T07:44:45Z,SAT-EO-01,4650,20.38,84.98,-69.25,-37.6196,-63.8116,,
2026-08-20T07:44:51Z,SAT-EO-01,4651,19.77,84.88,-68.82,-37.3161,-63.7871,,
2026-08-20T07:44:56Z,SAT-EO-01,4652,20.68,84.73,-68.86,-37.012,-63.7627,,
2026-08-20T07:45:02Z,SAT-EO-01,4653,20.29,85.09,-70.81,-36.7053,-63.7382,,
2026-08-20T07:45:08Z,SAT-EO-01,4654,19.77,84.66,-69.2,-36.3901,-63.7132,,
2026-08-20T07:45:14Z,SAT-EO-01,4655,20.04,84.7,-69.98,-36.0772,-63.6885,,
2026-08-20T07:45:20Z,SAT-EO-01,4656,20.59,84.94,-68.93,-35.7638,-63.6638,,
2026-08-20T07:45:26Z,SAT-EO-01,4657,20.03,84.64,-69.59,-35.4486,-63.6392,,
2026-08-20T07:45:32Z,SAT-EO-01,4658,19.29,85.01,-68.62,-35.1295,-63.6143,,
2026-08-20T07:45:38Z,SAT-EO-01,4659,19.97,84.91,-68.86,-34.8056,-63.5892,,
2026-08-20T07:45:44Z,SAT-EO-01,4660,19.94,85.09,-68.6,-34.4803,-63.5641,,
2026-08-20T07:45:50Z,SAT-EO-01,4661,20.37,84.68,-67.72,-34.1574,-63.5393,,
2026-08-20T07:45:56Z,SAT-EO-01,4662,20.09,85.36,-68.59,-33.8245,-63.5138,,
2026-08-20T07:46:02Z,SAT-EO-01,4663,19.86,84.72,-69.67,-33.499,-63.4891,,
2026-08-20T07:46:08Z,SAT-EO-01,4664,20.21,85.45,-69.2,-33.1661,-63.4638,,
2026-08-20T07:46:14Z,SAT-EO-01,4665,20.45,85.5,-68.7,-32.8424,-63.4394,,
2026-08-20T07:46:20Z,SAT-EO-01,4666,20.15,85.28,-68.24,-32.5046,-63.414,,
2026-08-20T07:46:26Z,SAT-EO-01,4667,20.22,85.39,-67.37,-32.1739,-63.3893,,
2026-08-20T07:46:32Z,SAT-EO-01,4668,19.9,85.09,-70.12,-31.832,-63.3639,,
2026-08-20T07:46:38Z,SAT-EO-01,4669,20.31,85.24,-67.61,-31.5015,-63.3393,,
2026-08-20T07:46:44Z,SAT-EO-01,4670,19.63,85.21,-68.19,-31.1603,-63.3141,,
2026-08-20T07:46:50Z,SAT-EO-01,4671,19.46,85.21,-67.75,-30.8238,-63.2894,,
2026-08-20T07:46:56Z,SAT-EO-01,4672,20.19,85.28,-68.0,-30.4853,-63.2646,,
2026-08-20T07:47:02Z,SAT-EO-01,4673,19.9,85.46,-69.05,-30.1382,-63.2392,,
2026-08-20T07:47:08Z,SAT-EO-01,4674,19.73,85.58,-68.93,-29.7901,-63.2139,,
2026-08-20T07:47:14Z,SAT-EO-01,4675,20.72,85.75,-68.18,-29.4412,-63.1886,,
2026-08-20T07:47:20Z,SAT-EO-01,4676,19.89,85.99,-67.2,-29.0872,-63.1631,,
2026-08-20T07:47:26Z,SAT-EO-01,4677,20.78,85.39,-68.64,-28.7353,-63.1378,,
2026-08-20T07:47:32Z,SAT-EO-01,4678,20.52,85.76,-68.1,-28.3871,-63.1129,,
2026-08-20T07:47:39Z,SAT-EO-01,4679,20.37,85.9,-69.21,-28.03,-63.0874,,
2026-08-20T07:47:44Z,SAT-EO-01,4680,20.99,86.17,-68.64,-27.6812,-63.0625,,
2026-08-20T07:47:50Z,SAT-EO-01,4681,20.66,86.0,-68.21,-27.3284,-63.0375,,
2026-08-20T07:47:56Z,SAT-EO-01,4682,20.42,86.18,-68.36,-26.9757,-63.0126,,
2026-08-20T07:48:02Z,SAT-EO-01,4683,20.62,86.05,-66.91,-26.6198,-62.9876,,
2026-08-20T07:48:08Z,SAT-EO-01,4684,20.64,85.56,-68.44,-26.2718,-62.9631,,
2026-08-20T07:48:14Z,SAT-EO-01,4685,21.26,86.11,-68.87,-25.9058,-62.9375,,
2026-08-20T07:48:20Z,SAT-EO-01,4686,20.17,85.96,-66.57,-25.5503,-62.9127,,
2026-08-20T07:48:26Z,SAT-EO-01,4687,21.11,86.18,-67.96,-25.1903,-62.8877,,
2026-08-20T07:48:32Z,SAT-EO-01,4688,20.58,85.8,-67.07,-24.8285,-62.8626,,
2026-08-20T07:48:38Z,SAT-EO-01,4689,20.73,86.15,-69.21,-24.4683,-62.8378,,
2026-08-20T07:48:44Z,SAT-EO-01,4690,20.67,86.33,-67.32,-24.1053,-62.8127,,
2026-08-20T07:48:50Z,SAT-EO-01,4691,21.04,86.05,-67.64,-23.7394,-62.7876,,
2026-08-20T07:48:57Z,SAT-EO-01,4692,20.77,86.28,-69.07,-23.3684,-62.7622,,
2026-08-20T07:49:03Z,SAT-EO-01,4693,20.22,86.32,-68.85,-22.9986,-62.7369,,
2026-08-20T07:49:09Z,SAT-EO-01,4694,21.1,86.92,-67.8,-22.6342,-62.7121,,
2026-08-20T07:49:15Z,SAT-EO-01,4695,20.69,86.44,-67.6,-22.2693,-62.6873,,
2026-08-20T07:49:21Z,SAT-EO-01,4696,20.97,86.4,-67.36,-21.8914,-62.6617,,
2026-08-20T07:49:27Z,SAT-EO-01,4697,20.68,86.59,-68.35,-21.5233,-62.6368,,
2026-08-20T07:49:33Z,SAT-EO-01,4698,20.79,86.17,-67.54,-21.1533,-62.6119,,
2026-08-20T07:49:39Z,SAT-EO-01,4699,20.68,87.05,-67.76,-20.7903,-62.5875,,
2026-08-20T07:49:45Z,SAT-EO-01,4700,20.72,86.73,-67.15,-20.4172,-62.5625,,
2026-08-20T07:49:50Z,SAT-EO-01,4701,20.77,86.41,-67.76,-20.0515,-62.538,,
2026-08-20T07:49:57Z,SAT-EO-01,4702,20.67,87.13,-67.56,-19.668,-62.5124,,
2026-08-20T07:50:03Z,SAT-EO-01,4703,20.91,86.87,-67.23,-19.2892,-62.4872,,
2026-08-20T07:50:08Z,SAT-EO-01,4704,21.2,86.84,-67.65,-18.9192,-62.4626,,
2026-08-20T07:50:15Z,SAT-EO-01,4705,21.29,86.41,-67.79,-18.5369,-62.4372,,
2026-08-20T07:50:21Z,SAT-EO-01,4706,20.24,87.12,-68.5,-18.1618,-62.4124,,
2026-08-20T07:50:27Z,SAT-EO-01,4707,20.97,87.11,-66.82,-17.7779,-62.3871,,
2026-08-20T07:50:33Z,SAT-EO-01,4708,21.14,86.86,-67.83,-17.3994,-62.3621,,
2026-08-20T07:50:39Z,SAT-EO-01,4709,21.35,87.08,-67.13,-17.0198,-62.3372,,
2026-08-20T07:50:44Z,SAT-EO-01,4710,21.35,87.02,-66.92,-16.6469,-62.3127,,
2026-08-20T07:50:51Z,SAT-EO-01,4711,21.35,87.0,-67.91,-16.2573,-62.2872,,
2026-08-20T07:50:57Z,SAT-EO-01,4712,21.78,86.86,-67.83,-15.8738,-62.2621,,
2026-08-20T07:51:03Z,SAT-EO-01,4713,21.43,86.82,-68.05,-15.4956,-62.2374,,
2026-08-20T07:51:08Z,SAT-EO-01,4714,21.07,87.58,-68.79,-15.1197,-62.2129,,
2026-08-20T07:51:14Z,SAT-EO-01,4715,20.69,87.42,-66.67,-14.7338,-62.1878,,
2026-08-20T07:51:20Z,SAT-EO-01,4716,21.61,87.26,-67.75,-14.3518,-62.163,,
2026-08-20T07:51:26Z,SAT-EO-01,4717,21.03,87.34,-68.53,-13.9732,-62.1385,,
2026-08-20T07:51:32Z,SAT-EO-01,4718,21.41,87.43,-67.66,-13.5823,-62.1132,,
2026-08-20T07:51:38Z,SAT-EO-01,4719,21.27,87.53,-66.43,-13.2019,-62.0886,,
2026-08-20T07:51:44Z,SAT-EO-01,4720,22.1,87.74,-67.43,-12.815,-62.0636,,
2026-08-20T07:51:50Z,SAT-EO-01,4721,20.99,87.3,-67.15,-12.432,-62.0389,,
2026-08-20T07:51:56Z,SAT-EO-01,4722,21.63,87.86,-66.58,-12.0367,-62.0135,,
2026-08-20T07:52:02Z,SAT-EO-01,4723,21.75,87.69,-67.18,-11.6383,-61.9879,,
2026-08-20T07:52:08Z,SAT-EO-01,4724,21.89,87.69,-67.43,-11.2584,-61.9635,,
2026-08-20T07:52:14Z,SAT-EO-01,4725,20.91,87.46,-67.38,-10.8696,-61.9386,,
2026-08-20T07:52:20Z,SAT-EO-01,4726,21.95,87.78,-66.44,-10.4721,-61.9131,,
2026-08-20T07:52:26Z,SAT-EO-01,4727,22.02,88.07,-67.73,-10.0822,-61.8882,,
2026-08-20T07:52:32Z,SAT-EO-01,4728,21.67,87.77,-67.73,-9.6954,-61.8635,,
2026-08-20T07:52:38Z,SAT-EO-01,4729,21.95,87.95,-66.75,-9.3083,-61.8388,,
2026-08-20T07:52:44Z,SAT-EO-01,4730,21.91,87.81,-65.86,-8.9105,-61.8134,,
2026-08-20T07:52:50Z,SAT-EO-01,4731,21.78,88.0,-67.66,-8.5213,-61.7887,,
2026-08-20T07:52:56Z,SAT-EO-01,4732,22.21,88.07,-65.99,-8.1379,-61.7643,,
2026-08-20T07:53:02Z,SAT-EO-01,4733,21.95,88.31,-68.59,-7.7409,-61.739,,
2026-08-20T07:53:08Z,SAT-EO-01,4734,21.96,88.08,-65.97,-7.3511,-61.7143,,
2026-08-20T07:53:14Z,SAT-EO-01,4735,21.96,87.96,-65.4,-6.9637,-61.6897,,
2026-08-20T07:53:20Z,SAT-EO-01,4736,21.84,88.24,-68.0,-6.57,-61.6647,,
2026-08-20T07:53:26Z,SAT-EO-01,4737,22.21,88.06,-65.87,-6.1674,-61.6392,,
2026-08-20T07:53:32Z,SAT-EO-01,4738,22.26,88.36,-66.6,-5.7794,-61.6147,,
2026-08-20T07:53:38Z,SAT-EO-01,4739,22.39,88.15,-67.44,-5.3774,-61.5892,,
2026-08-20T07:53:44Z,SAT-EO-01,4740,22.6,88.25,-66.83,-4.9844,-61.5644,,
2026-08-20T07:53:50Z,SAT-EO-01,4741,21.91,88.54,-66.12,-4.5841,-61.5391,,
2026-08-20T07:53:56Z,SAT-EO-01,4742,22.34,88.68,-67.4,-4.1807,-61.5136,,
2026-08-20T07:54:02Z,SAT-EO-01,4743,22.7,88.04,-66.39,-3.7908,-61.489,,
2026-08-20T07:54:08Z,SAT-EO-01,4744,21.71,88.77,-66.06,-3.3975,-61.4642,,
2026-08-20T07:54:14Z,SAT-EO-01,4745,22.4,88.4,-68.02,-3.0065,-61.4395,,
2026-08-20T07:54:20Z,SAT-EO-01,4746,22.24,88.53,-67.27,-2.6135,-61.4147,,
2026-08-20T07:54:26Z,SAT-EO-01,4747,22.48,89.11,-67.13,-2.2161,-61.3896,,
2026-08-20T07:54:32Z,SAT-EO-01,4748,22.41,89.19,-66.21,-1.8208,-61.3647,,
2026-08-20T07:54:38Z,SAT-EO-01,4749,22.69,89.16,-66.78,-1.4202,-61.3395,,
2026-08-20T07:54:44Z,SAT-EO-01,4750,22.22,88.92,-65.42,-1.019,-61.3142,,
2026-08-20T07:54:50Z,SAT-EO-01,4751,22.2,88.98,-66.25,-0.6149,-61.2887,,
2026-08-20T07:54:56Z,SAT-EO-01,4752,22.84,89.06,-67.68,-0.2126,-61.2634,,
2026-08-20T07:55:02Z,SAT-EO-01,4753,22.24,89.22,-67.92,0.1802,-61.2386,,
2026-08-20T07:55:08Z,SAT-EO-01,4754,22.9,88.85,-66.77,0.5673,-61.2143,,
2026-08-20T07:55:14Z,SAT-EO-01,4755,22.81,88.97,-66.4,0.9672,-61.1891,,
2026-08-20T07:55:20Z,SAT-EO-01,4756,22.51,89.12,-67.58,1.3697,-61.1637,,
2026-08-20T07:55:26Z,SAT-EO-01,4757,22.48,89.55,-66.28,1.7631,-61.1389,,
2026-08-20T07:55:32Z,SAT-EO-01,4758,23.23,89.22,-66.46,2.1692,-61.1133,,
2026-08-20T07:55:38Z,SAT-EO-01,4759,22.63,89.2,-67.55,2.5702,-61.088,,
2026-08-20T07:55:44Z,SAT-EO-01,4760,22.08,89.87,-67.05,2.96,-61.0634,,
2026-08-20T07:55:50Z,SAT-EO-01,4761,22.57,89.44,-66.29,3.3562,-61.0385,,
2026-08-20T07:55:56Z,SAT-EO-01,4762,22.88,89.36,-66.84,3.7451,-61.0139,,
2026-08-20T07:56:02Z,SAT-EO-01,4763,23.11,89.05,-66.25,4.1392,-60.989,,
2026-08-20T07:56:08Z,SAT-EO-01,4764,22.35,89.62,-66.27,4.5324,-60.9642,,
2026-08-20T07:56:14Z,SAT-EO-01,4765,23.19,89.46,-66.46,4.9224,-60.9395,,
2026-08-20T07:56:20Z,SAT-EO-01,4766,22.1,89.29,-67.82,5.3207,-60.9144,,
2026-08-20T07:56:26Z,SAT-EO-01,4767,22.68,89.44,-67.19,5.7154,-60.8894,,
2026-08-20T07:56:32Z,SAT-EO-01,4768,22.83,89.74,-66.67,6.1067,-60.8646,,
2026-08-20T07:56:38Z,SAT-EO-01,4769,23.15,90.05,-67.38,6.507,-60.8393,,
2026-08-20T07:56:44Z,SAT-EO-01,4770,22.58,90.2,-66.52,6.9021,-60.8142,,
2026-08-20T07:56:50Z,SAT-EO-01,4771,22.83,90.06,-66.3,7.3056,-60.7886,,
2026-08-20T07:56:56Z,SAT-EO-01,4772,23.35,89.74,-66.48,7.7038,-60.7633,,
2026-08-20T07:57:02Z,SAT-EO-01,4773,23.53,89.85,-66.81,8.0885,-60.7389,,
2026-08-20T07:57:08Z,SAT-EO-01,4774,22.85,89.91,-67.75,8.4718,-60.7145,,
2026-08-20T07:57:14Z,SAT-EO-01,4775,22.88,90.23,-68.21,8.8563,-60.69,,
2026-08-20T07:57:20Z,SAT-EO-01,4776,23.23,90.51,-67.05,9.2443,-60.6653,,
2026-08-20T07:57:26Z,SAT-EO-01,4777,23.37,90.07,-66.61,9.6283,-60.6408,,
2026-08-20T07:57:32Z,SAT-EO-01,4778,23.21,89.71,-66.98,10.0293,-60.6152,,
2026-08-20T07:57:38Z,SAT-EO-01,4779,23.11,90.05,-67.45,10.4261,-60.5898,,
2026-08-20T07:57:44Z,SAT-EO-01,4780,23.81,90.58,-66.53,10.8108,-60.5652,,
2026-08-20T07:57:50Z,SAT-EO-01,4781,23.02,90.12,-66.13,11.1936,-60.5407,,
2026-08-20T07:57:56Z,SAT-EO-01,4782,23.15,90.26,-67.62,11.5874,-60.5154,,
2026-08-20T07:58:02Z,SAT-EO-01,4783,23.3,90.12,-67.14,11.972,-60.4907,,
2026-08-20T07:58:08Z,SAT-EO-01,4784,23.36,90.23,-67.13,12.3662,-60.4653,,
2026-08-20T07:58:14Z,SAT-EO-01,4785,23.74,90.61,-68.84,12.7618,-60.4398,,
2026-08-20T07:58:20Z,SAT-EO-01,4786,23.64,89.9,-67.04,13.1489,-60.4149,,
2026-08-20T07:58:26Z,SAT-EO-01,4787,23.22,90.78,-65.94,13.5441,-60.3893,,
2026-08-20T07:58:32Z,SAT-EO-01,4788,23.82,90.81,-67.53,13.9234,-60.3648,,
2026-08-20T07:58:38Z,SAT-EO-01,4789,23.44,90.6,-65.08,14.3104,-60.3397,,
2026-08-20T07:58:44Z,SAT-EO-01,4790,23.98,90.56,-67.21,14.6923,-60.3149,,
2026-08-20T07:58:50Z,SAT-EO-01,4791,23.38,90.78,-68.18,15.0699,-60.2903,,
2026-08-20T07:58:56Z,SAT-EO-01,4792,24.22,90.8,-66.12,15.4518,-60.2655,,
2026-08-20T07:59:02Z,SAT-EO-01,4793,24.59,90.88,-66.96,15.8392,-60.2402,,
2026-08-20T07:59:08Z,SAT-EO-01,4794,24.21,91.19,-68.95,16.2238,-60.215,,
2026-08-20T07:59:14Z,SAT-EO-01,4795,23.36,90.49,-67.42,16.5976,-60.1906,,
2026-08-20T07:59:20Z,SAT-EO-01,4796,24.22,90.97,-67.78,16.983,-60.1653,,
2026-08-20T07:59:26Z,SAT-EO-01,4797,24.41,90.88,-69.04,17.3708,-60.1398,,
2026-08-20T07:59:32Z,SAT-EO-01,4798,23.07,91.28,-68.19,17.7535,-60.1146,,
2026-08-20T07:59:38Z,SAT-EO-01,4799,24.44,90.84,-67.16,18.1256,-60.09,,
2026-08-20T07:59:44Z,SAT-EO-01,4800,24.08,90.94,-67.83,18.5077,-60.0647,,
2026-08-20T07:59:50Z,SAT-EO-01,4801,24.66,91.33,-66.85,18.8794,-60.0401,,
2026-08-20T07:59:56Z,SAT-EO-01,4802,24.42,90.97,-68.0,19.2608,-60.0147,,
2026-08-20T08:00:02Z,SAT-EO-01,4803,23.88,91.13,-66.98,19.6306,-59.9901,,
2026-08-20T08:00:08Z,SAT-EO-01,4804,24.09,91.19,-67.98,20.0115,-59.9647,,
2026-08-20T08:00:14Z,SAT-EO-01,4805,24.05,91.49,-67.38,20.3795,-59.9401,,
2026-08-20T08:00:20Z,SAT-EO-01,4806,23.93,91.35,-67.35,20.7503,-59.9152,,
2026-08-20T08:00:26Z,SAT-EO-01,4807,24.43,91.47,-67.57,21.1202,-59.8903,,
2026-08-20T08:00:32Z,SAT-EO-01,4808,24.48,91.59,-67.82,21.4861,-59.8657,,
2026-08-20T08:00:38Z,SAT-EO-01,4809,24.05,91.92,-69.79,21.8581,-59.8405,,
2026-08-20T08:00:44Z,SAT-EO-01,4810,24.56,91.6,-66.87,22.2309,-59.8153,,
2026-08-20T08:00:50Z,SAT-EO-01,4811,23.84,91.51,-67.99,22.5987,-59.7903,,
2026-08-20T08:00:56Z,SAT-EO-01,4812,24.37,91.91,-67.34,22.9713,-59.7649,,
2026-08-20T08:01:02Z,SAT-EO-01,4813,24.54,91.79,-67.58,23.3454,-59.7394,,
2026-08-20T08:01:08Z,SAT-EO-01,4814,23.9,92.0,-68.64,23.7154,-59.714,,
2026-08-20T08:01:14Z,SAT-EO-01,4815,24.13,92.04,-68.9,24.0844,-59.6887,,
2026-08-20T08:01:20Z,SAT-EO-01,4816,24.71,92.44,-68.71,24.4517,-59.6634,,
2026-08-20T08:01:26Z,SAT-EO-01,4817,24.23,91.8,-67.87,24.812,-59.6385,,
2026-08-20T08:01:32Z,SAT-EO-01,4818,24.14,92.36,-68.3,25.1791,-59.6131,,
2026-08-20T08:01:38Z,SAT-EO-01,4819,24.1,91.79,-69.18,25.5326,-59.5885,,
2026-08-20T08:01:44Z,SAT-EO-01,4820,24.27,92.2,-66.93,25.8885,-59.5637,,
2026-08-20T08:01:50Z,SAT-EO-01,4821,24.34,92.62,-68.28,26.2384,-59.5392,,
2026-08-20T08:01:56Z,SAT-EO-01,4822,24.61,91.88,-67.6,26.5987,-59.5139,,
2026-08-20T08:02:02Z,SAT-EO-01,4823,25.23,92.12,-68.56,26.961,-59.4884,,
2026-08-20T08:02:08Z,SAT-EO-01,4824,24.32,92.19,-69.86,27.3165,-59.4633,,
2026-08-20T08:02:14Z,SAT-EO-01,4825,24.5,92.79,-69.74,27.667,-59.4385,,
2026-08-20T08:02:20Z,SAT-EO-01,4826,24.29,92.1,-68.87,28.0114,-59.414,,
2026-08-20T08:02:26Z,SAT-EO-01,4827,24.44,92.29,-69.35,28.3693,-59.3884,,
2026-08-20T08:02:32Z,SAT-EO-01,4828,24.78,92.65,-68.78,28.7183,-59.3634,,
2026-08-20T08:02:38Z,SAT-EO-01,4829,25.29,92.31,-67.3,29.063,-59.3386,,
2026-08-20T08:02:44Z,SAT-EO-01,4830,24.6,92.46,-70.54,29.4123,-59.3134,,
2026-08-20T08:02:50Z,SAT-EO-01,4831,24.97,92.54,-68.53,29.7656,-59.2879,,
2026-08-20T08:02:57Z,SAT-EO-01,4832,24.29,92.32,-68.59,30.1165,-59.2624,,
2026-08-20T08:03:03Z,SAT-EO-01,4833,24.92,92.33,-69.6,30.4656,-59.2369,,
2026-08-20T08:03:09Z,SAT-EO-01,4834,24.76,92.52,-68.95,30.8109,-59.2116,,
2026-08-20T08:03:15Z,SAT-EO-01,4835,25.2,92.67,-69.18,31.1456,-59.187,,
2026-08-20T08:03:21Z,SAT-EO-01,4836,24.87,92.58,-68.42,31.4852,-59.1619,,
2026-08-20T08:03:27Z,SAT-EO-01,4837,25.09,92.52,-67.87,31.8151,-59.1374,,
2026-08-20T08:03:32Z,SAT-EO-01,4838,25.72,92.8,-68.78,32.1467,-59.1127,,
2026-08-20T08:03:38Z,SAT-EO-01,4839,25.0,93.01,-68.83,32.4767,-59.088,,
2026-08-20T08:03:45Z,SAT-EO-01,4840,24.59,93.09,-68.98,32.8171,-59.0625,,
2026-08-20T08:03:50Z,SAT-EO-01,4841,25.39,92.93,-68.85,33.1446,-59.0378,,
2026-08-20T08:03:56Z,SAT-EO-01,4842,25.3,92.78,-69.08,33.477,-59.0126,,
2026-08-20T08:04:02Z,SAT-EO-01,4843,24.75,93.4,-67.17,33.8019,-58.9879,,
2026-08-20T08:04:08Z,SAT-EO-01,4844,24.94,92.85,-68.71,34.1218,-58.9634,,
2026-08-20T08:04:14Z,SAT-EO-01,4845,25.47,93.34,-70.4,34.4416,-58.9389,,
2026-08-20T08:04:20Z,SAT-EO-01,4846,25.27,92.79,-69.23,34.7678,-58.9137,,
2026-08-20T08:04:26Z,SAT-EO-01,4847,25.05,93.02,-68.63,35.0935,-58.8885,,
2026-08-20T08:04:32Z,SAT-EO-01,4848,25.52,92.68,-70.23,35.4167,-58.8633,,
2026-08-20T08:04:38Z,SAT-EO-01,4849,25.21,93.6,-68.14,35.7393,-58.8381,,
2026-08-20T08:04:44Z,SAT-EO-01,4850,25.09,93.04,-69.15,36.0579,-58.813,,
2026-08-20T08:04:50Z,SAT-EO-01,4851,25.29,93.31,-69.62,36.3755,-58.788,,
2026-08-20T08:04:56Z,SAT-EO-01,4852,25.41,93.09,-70.11,36.688,-58.7631,,
2026-08-20T08:05:02Z,SAT-EO-01,4853,25.59,92.81,-70.67,37.0025,-58.738,,
2026-08-20T08:05:08Z,SAT-EO-01,4854,25.12,92.97,-69.01,37.3078,-58.7135,,
2026-08-20T08:05:14Z,SAT-EO-01,4855,25.34,93.33,-68.89,37.6102,-58.6891,,
2026-08-20T08:05:20Z,SAT-EO-01,4856,25.04,93.22,-69.33,37.9133,-58.6646,,
2026-08-20T08:05:26Z,SAT-EO-01,4857,25.09,93.5,-69.31,38.2241,-58.6392,,
2026-08-20T08:05:32Z,SAT-EO-01,4858,25.8,93.49,-69.22,38.5356,-58.6137,,
2026-08-20T08:05:38Z,SAT-EO-01,4859,25.15,93.75,-68.91,38.8349,-58.589,,
2026-08-20T08:05:44Z,SAT-EO-01,4860,25.61,93.4,-70.79,39.1408,-58.5637,,
2026-08-20T08:05:50Z,SAT-EO-01,4861,25.01,93.59,-69.05,39.4395,-58.5388,,
2026-08-20T08:05:56Z,SAT-EO-01,4862,24.44,93.65,-68.57,39.7381,-58.5138,,
2026-08-20T08:06:02Z,SAT-EO-01,4863,25.88,93.82,-68.79,40.0306,-58.4891,,
2026-08-20T08:06:08Z,SAT-EO-01,4864,25.05,93.87,-69.92,40.3201,-58.4645,,
2026-08-20T08:06:14Z,SAT-EO-01,4865,26.15,93.9,-67.47,40.6191,-58.439,,
2026-08-20T08:06:20Z,SAT-EO-01,4866,25.4,93.74,-70.38,40.9091,-58.4141,,
2026-08-20T08:06:26Z,SAT-EO-01,4867,25.63,93.83,-69.8,41.2027,-58.3888,,
2026-08-20T08:06:32Z,SAT-EO-01,4868,25.38,93.85,-69.89,41.4846,-58.3643,,
2026-08-20T08:06:38Z,SAT-EO-01,4869,26.25,93.66,-70.22,41.7703,-58.3393,,
2026-08-20T08:06:44Z,SAT-EO-01,4870,25.36,93.96,-69.9,42.0481,-58.3148,,
2026-08-20T08:06:50Z,SAT-EO-01,4871,25.76,94.21,-72.01,42.3349,-58.2894,,
2026-08-20T08:06:56Z,SAT-EO-01,4872,25.87,94.28,-70.87,42.6196,-58.264,,
2026-08-20T08:07:02Z,SAT-EO-01,4873,26.0,93.82,-70.56,42.9024,-58.2386,,
2026-08-20T08:07:08Z,SAT-EO-01,4874,26.0,93.89,-70.57,43.1726,-58.2142,,
2026-08-20T08:07:14Z,SAT-EO-01,4875,25.49,94.43,-70.4,43.4413,-58.1897,,
2026-08-20T08:07:20Z,SAT-EO-01,4876,25.95,94.32,-69.93,43.7134,-58.1648,,
2026-08-20T08:07:26Z,SAT-EO-01,4877,26.13,94.05,-70.64,43.9846,-58.1397,,
2026-08-20T08:07:32Z,SAT-EO-01,4878,25.74,94.6,-69.01,44.2528,-58.1148,,
2026-08-20T08:07:38Z,SAT-EO-01,4879,25.49,93.95,-71.9,44.5255,-58.0893,,
2026-08-20T08:07:44Z,SAT-EO-01,4880,25.57,94.54,-69.79,44.7937,-58.064,,
2026-08-20T08:07:50Z,SAT-EO-01,4881,25.84,94.45,-70.16,45.0609,-58.0386,,
2026-08-20T08:07:56Z,SAT-EO-01,4882,26.53,94.66,-70.52,45.326,-58.0132,,
2026-08-20T08:08:02Z,SAT-EO-01,4883,26.23,94.5,-72.07,45.5906,-57.9876,,
2026-08-20T08:08:08Z,SAT-EO-01,4884,26.26,94.34,-72.35,45.8418,-57.9632,,
2026-08-20T08:08:14Z,SAT-EO-01,4885,25.97,94.05,-71.72,46.0931,-57.9386,,
2026-08-20T08:08:20Z,SAT-EO-01,4886,26.15,94.39,-69.83,46.3473,-57.9135,,
2026-08-20T08:08:26Z,SAT-EO-01,4887,25.98,94.21,-71.87,46.6027,-57.888,,
2026-08-20T08:08:32Z,SAT-EO-01,4888,26.66,94.27,-71.27,46.8495,-57.8632,,
2026-08-20T08:08:38Z,SAT-EO-01,4889,26.17,94.7,-70.38,47.1025,-57.8376,,
2026-08-20T08:08:45Z,SAT-EO-01,4890,26.01,95.0,-72.1,47.3521,-57.8121,,
2026-08-20T08:08:51Z,SAT-EO-01,4891,26.06,94.64,-71.15,47.6004,-57.7865,,
2026-08-20T08:08:57Z,SAT-EO-01,4892,26.38,94.47,-71.23,47.8394,-57.7617,,
2026-08-20T08:09:03Z,SAT-EO-01,4893,25.56,94.63,-72.21,48.0797,-57.7365,,
2026-08-20T08:09:09Z,SAT-EO-01,4894,25.67,94.55,-70.06,48.3218,-57.7109,,
2026-08-20T08:09:15Z,SAT-EO-01,4895,26.59,94.36,-71.01,48.5608,-57.6854,,
2026-08-20T08:09:21Z,SAT-EO-01,4896,26.3,94.43,-71.7,48.7949,-57.6602,,
2026-08-20T08:09:27Z,SAT-EO-01,4897,26.16,94.82,-71.48,49.0256,-57.6351,,
2026-08-20T08:09:33Z,SAT-EO-01,4898,25.68,94.52,-71.01,49.2549,-57.6099,,
2026-08-20T08:09:39Z,SAT-EO-01,4899,26.08,95.17,-71.68,49.486,-57.5843,,
2026-08-20T08:09:45Z,SAT-EO-01,4900,26.3,94.9,-72.77,49.7093,-57.5593,,
2026-08-20T08:09:51Z,SAT-EO-01,4901,26.06,94.78,-69.14,49.9326,-57.534,,
2026-08-20T08:09:57Z,SAT-EO-01,4902,26.31,94.84,-71.24,50.1461,-57.5096,,
2026-08-20T08:10:03Z,SAT-EO-01,4903,25.64,94.97,-70.7,50.3613,-57.4848,,
2026-08-20T08:10:09Z,SAT-EO-01,4904,26.15,95.06,-71.27,50.5721,-57.4603,,
2026-08-20T08:10:15Z,SAT-EO-01,4905,26.12,95.35,-71.97,50.7858,-57.4351,,
2026-08-20T08:10:21Z,SAT-EO-01,4906,26.42,94.42,-73.02,50.9957,-57.4102,,
2026-08-20T08:10:27Z,SAT-EO-01,4907,26.53,95.14,-71.87,51.2068,-57.3848,,
2026-08-20T08:10:33Z,SAT-EO-01,4908,26.29,95.29,-70.57,51.411,-57.36,,
2026-08-20T08:10:39Z,SAT-EO-01,4909,27.12,94.84,-72.38,51.6192,-57.3344,,
2026-08-20T08:10:45Z,SAT-EO-01,4910,26.43,95.2,-71.43,51.8199,-57.3094,,
2026-08-20T08:10:51Z,SAT-EO-01,4911,26.41,95.16,-72.08,52.0175,-57.2846,,
2026-08-20T08:10:57Z,SAT-EO-01,4912,26.21,94.99,-71.57,52.2106,-57.26,,
2026-08-20T08:11:03Z,SAT-EO-01,4913,26.27,95.19,-73.03,52.4045,-57.2351,,
2026-08-20T08:11:09Z,SAT-EO-01,4914,26.36,95.09,-72.67,52.6004,-57.2096,,
2026-08-20T08:11:15Z,SAT-EO-01,4915,26.91,95.17,-72.13,52.791,-57.1845,,
2026-08-20T08:11:21Z,SAT-EO-01,4916,26.01,94.57,-71.12,52.9811,-57.1591,,
2026-08-20T08:11:27Z,SAT-EO-01,4917,26.84,95.29,-72.97,53.1619,-57.1347,,
2026-08-20T08:11:33Z,SAT-EO-01,4918,26.54,95.2,-70.01,53.3403,-57.1103,,
2026-08-20T08:11:39Z,SAT-EO-01,4919,25.55,95.34,-71.93,53.5234,-57.085,,
2026-08-20T08:11:45Z,SAT-EO-01,4920,25.89,94.98,-72.35,53.7048,-57.0595,,
2026-08-20T08:11:51Z,SAT-EO-01,4921,26.53,95.12,-71.76,53.8787,-57.0348,,
2026-08-20T08:11:57Z,SAT-EO-01,4922,26.48,95.36,-72.99,54.051,-57.01,,
2026-08-20T08:12:03Z,SAT-EO-01,4923,26.54,95.81,-71.32,54.2261,-56.9844,,
2026-08-20T08:12:09Z,SAT-EO-01,4924,26.88,95.45,-72.21,54.3981,-56.9589,,
2026-08-20T08:12:15Z,SAT-EO-01,4925,26.55,95.42,-71.83,54.5627,-56.9341,,
2026-08-20T08:12:21Z,SAT-EO-01,4926,26.6,95.85,-71.61,54.7264,-56.9091,,
2026-08-20T08:12:27Z,SAT-EO-01,4927,26.38,95.58,-72.5,54.8917,-56.8836,,
2026-08-20T08:12:33Z,SAT-EO-01,4928,26.53,95.28,-72.65,55.0518,-56.8584,,
2026-08-20T08:12:40Z,SAT-EO-01,4929,26.89,94.98,-72.65,55.2115,-56.8329,,
2026-08-20T08:12:46Z,SAT-EO-01,4930,26.59,95.68,-72.27,55.3645,-56.8081,,
2026-08-20T08:12:52Z,SAT-EO-01,4931,27.11,95.34,-71.55,55.515,-56.7833,,
2026-08-20T08:12:58Z,SAT-EO-01,4932,26.9,95.39,-71.11,55.6676,-56.7577,,
2026-08-20T08:13:04Z,SAT-EO-01,4933,26.06,95.53,-73.0,55.8168,-56.7323,,
2026-08-20T08:13:10Z,SAT-EO-01,4934,26.44,95.82,-71.98,55.9586,-56.7078,,
2026-08-20T08:13:16Z,SAT-EO-01,4935,26.71,95.78,-72.4,56.0984,-56.6832,,
2026-08-20T08:13:21Z,SAT-EO-01,4936,26.69,95.37,-72.89,56.2366,-56.6584,,
2026-08-20T08:13:28Z,SAT-EO-01,4937,26.62,95.83,-72.58,56.375,-56.6332,,
2026-08-20T08:13:33Z,SAT-EO-01,4938,27.03,95.85,-73.6,56.5075,-56.6085,,
2026-08-20T08:13:39Z,SAT-EO-01,4939,26.35,95.79,-73.15,56.6388,-56.5837,,
2026-08-20T08:13:45Z,SAT-EO-01,4940,27.22,96.09,-71.91,56.7683,-56.5588,,
2026-08-20T08:13:51Z,SAT-EO-01,4941,26.95,95.83,-72.85,56.8939,-56.5341,,
2026-08-20T08:13:57Z,SAT-EO-01,4942,27.47,95.34,-72.32,57.0165,-56.5095,,
2026-08-20T08:14:03Z,SAT-EO-01,4943,27.34,95.5,-72.05,57.1384,-56.4846,,
2026-08-20T08:14:09Z,SAT-EO-01,4944,26.63,96.06,-72.71,57.2572,-56.4598,,
2026-08-20T08:14:15Z,SAT-EO-01,4945,26.48,95.31,-71.84,57.3753,-56.4347,,
2026-08-20T08:14:21Z,SAT-EO-01,4946,26.24,95.85,-71.21,57.4892,-56.4099,,
2026-08-20T08:14:27Z,SAT-EO-01,4947,26.46,95.54,-72.25,57.5996,-56.3853,,
2026-08-20T08:14:33Z,SAT-EO-01,4948,25.98,95.55,-72.08,57.7095,-56.3603,,
2026-08-20T08:14:39Z,SAT-EO-01,4949,26.38,95.49,-71.78,57.8192,-56.3347,,
2026-08-20T08:14:45Z,SAT-EO-01,4950,27.05,95.88,-72.33,57.9233,-56.3099,,
2026-08-20T08:14:51Z,SAT-EO-01,4951,27.1,96.05,-73.19,58.0269,-56.2846,,
2026-08-20T08:14:57Z,SAT-EO-01,4952,26.82,95.77,-72.72,58.1264,-56.2596,,
2026-08-20T08:15:03Z,SAT-EO-01,4953,27.26,95.51,-72.9,58.2239,-56.2345,,
2026-08-20T08:15:09Z,SAT-EO-01,4954,27.31,95.68,-71.91,58.3203,-56.209,,
2026-08-20T08:15:15Z,SAT-EO-01,4955,27.21,95.67,-73.08,58.4114,-56.1843,,
2026-08-20T08:15:21Z,SAT-EO-01,4956,27.22,95.8,-73.61,58.5012,-56.1591,,
2026-08-20T08:15:27Z,SAT-EO-01,4957,26.71,95.69,-73.58,58.5902,-56.1335,,
2026-08-20T08:15:34Z,SAT-EO-01,4958,27.07,95.66,-73.07,58.6757,-56.1082,,
2026-08-20T08:15:40Z,SAT-EO-01,4959,26.82,95.75,-71.95,58.757,-56.0833,,
2026-08-20T08:15:46Z,SAT-EO-01,4960,26.78,96.29,-73.12,58.8372,-56.0579,,
2026-08-20T08:15:52Z,SAT-EO-01,4961,27.36,95.65,-71.99,58.9139,-56.0328,,
2026-08-20T08:15:58Z,SAT-EO-01,4962,27.46,95.64,-71.56,58.9882,-56.0077,,
2026-08-20T08:16:04Z,SAT-EO-01,4963,26.64,95.8,-74.15,59.0608,-55.9822,,
2026-08-20T08:16:10Z,SAT-EO-01,4964,27.4,96.36,-73.44,59.1305,-55.9568,,
2026-08-20T08:16:16Z,SAT-EO-01,4965,26.77,95.59,-71.54,59.1959,-55.932,,
2026-08-20T08:16:22Z,SAT-EO-01,4966,27.33,95.87,-73.17,59.2596,-55.9069,,
2026-08-20T08:16:28Z,SAT-EO-01,4967,27.64,96.59,-71.61,59.3194,-55.8824,,
2026-08-20T08:16:34Z,SAT-EO-01,4968,27.12,95.62,-73.52,59.379,-55.8568,,
2026-08-20T08:16:40Z,SAT-EO-01,4969,27.71,96.39,-72.29,59.4338,-55.8322,,
2026-08-20T08:16:46Z,SAT-EO-01,4970,26.63,95.93,-73.12,59.4875,-55.8069,,
2026-08-20T08:16:52Z,SAT-EO-01,4971,26.21,96.02,-73.58,59.5389,-55.7814,,
2026-08-20T08:16:58Z,SAT-EO-01,4972,26.69,95.94,-72.94,59.5857,-55.7569,,
2026-08-20T08:17:04Z,SAT-EO-01,4973,26.96,95.94,-74.43,59.6316,-55.7316,,
2026-08-20T08:17:10Z,SAT-EO-01,4974,27.51,96.18,-73.46,59.6738,-55.7069,,
2026-08-20T08:17:16Z,SAT-EO-01,4975,26.86,95.94,-71.78,59.7147,-55.6813,,
2026-08-20T08:17:22Z,SAT-EO-01,4976,27.08,95.94,-71.77,59.7524,-55.656,,
2026-08-20T08:17:28Z,SAT-EO-01,4977,27.39,96.96,-73.92,59.7868,-55.6313,,
2026-08-20T08:17:34Z,SAT-EO-01,4978,27.13,96.53,-73.6,59.8191,-55.6061,,
2026-08-20T08:17:40Z,SAT-EO-01,4979,26.5,95.9,-73.0,59.8483,-55.5814,,
2026-08-20T08:17:46Z,SAT-EO-01,4980,27.37,96.01,-73.17,59.8748,-55.5567,,
2026-08-20T08:17:52Z,SAT-EO-01,4981,27.0,96.06,-72.21,59.8988,-55.5321,,
2026-08-20T08:17:58Z,SAT-EO-01,4982,26.55,95.85,-72.24,59.9203,-55.5074,,
2026-08-20T08:18:04Z,SAT-EO-01,4983,27.38,96.08,-73.16,59.9399,-55.4818,,
2026-08-20T08:18:10Z,SAT-EO-01,4984,26.79,95.72,-72.55,59.9565,-55.4565,,
2026-08-20T08:18:16Z,SAT-EO-01,4985,27.24,95.63,-74.04,59.9702,-55.4316,,
2026-08-20T08:18:22Z,SAT-EO-01,4986,26.63,95.68,-73.3,59.9812,-55.407,,
2026-08-20T08:18:28Z,SAT-EO-01,4987,26.32,95.71,-72.48,59.99,-55.3814,,
2026-08-20T08:18:34Z,SAT-EO-01,4988,26.55,95.83,-73.04,59.996,-55.3562,,
2026-08-20T08:18:40Z,SAT-EO-01,4989,26.98,96.09,-73.76,59.9993,-55.3307,,
2026-08-20T08:18:46Z,SAT-EO-01,4990,27.76,95.98,-73.64,59.9999,-55.3059,,
2026-08-20T08:18:52Z,SAT-EO-01,4991,27.02,95.93,-73.22,59.9978,-55.2805,,
2026-08-20T08:18:58Z,SAT-EO-01,4992,27.13,95.81,-72.33,59.9933,-55.2559,,
2026-08-20T08:19:04Z,SAT-EO-01,4993,26.51,95.6,-72.76,59.9861,-55.2313,,
2026-08-20T08:19:10Z,SAT-EO-01,4994,27.33,96.15,-72.96,59.9764,-55.2064,,
2026-08-20T08:19:16Z,SAT-EO-01,4995,26.91,95.72,-72.88,59.9642,-55.1819,,
2026-08-20T08:19:22Z,SAT-EO-01,4996,26.85,95.99,-73.55,59.9495,-55.1574,,
2026-08-20T08:19:28Z,SAT-EO-01,4997,26.33,95.75,-72.98,59.9315,-55.1318,,
2026-08-20T08:19:34Z,SAT-EO-01,4998,27.02,95.68,-73.35,59.9113,-55.107,,
2026-08-20T08:19:40Z,SAT-EO-01,4999,26.41,95.88,-73.37,59.8885,-55.082,,
2026-08-20T08:19:46Z,SAT-EO-01,5000,26.68,96.0,-72.45,59.8629,-55.057,,
2026-08-20T08:19:52Z,SAT-EO-01,5001,26.85,96.02,-72.26,59.8355,-55.0325,,
2026-08-20T08:19:58Z,SAT-EO-01,5002,27.28,95.87,-72.78,59.8046,-55.0073,,
2026-08-20T08:20:04Z,SAT-EO-01,5003,26.85,95.75,-72.95,59.7708,-54.982,,
2026-08-20T08:20:10Z,SAT-EO-01,5004,27.22,95.96,-73.65,59.734,-54.9565,,
2026-08-20T08:20:16Z,SAT-EO-01,5005,26.74,96.02,-73.38,59.6963,-54.932,,
2026-08-20T08:20:22Z,SAT-EO-01,5006,26.72,96.03,-73.14,59.6545,-54.9067,,
2026-08-20T08:20:28Z,SAT-EO-01,5007,26.94,95.85,-72.71,59.6116,-54.8821,,
2026-08-20T08:20:34Z,SAT-EO-01,5008,26.82,95.73,-72.4,59.5656,-54.8574,,
2026-08-20T08:20:40Z,SAT-EO-01,5009,26.84,95.52,-72.31,59.5167,-54.8324,,
2026-08-20T08:20:46Z,SAT-EO-01,5010,27.23,95.9,-72.69,59.4651,-54.8074,,
2026-08-20T08:20:52Z,SAT-EO-01,5011,27.49,96.29,-72.78,59.4117,-54.7827,,
2026-08-20T08:20:58Z,SAT-EO-01,5012,26.77,96.11,-72.39,59.3553,-54.7579,,
2026-08-20T08:21:04Z,SAT-EO-01,5013,26.65,96.13,-72.44,59.2958,-54.7328,,
2026-08-20T08:21:10Z,SAT-EO-01,5014,26.93,95.74,-73.37,59.2346,-54.7081,,
2026-08-20T08:21:16Z,SAT-EO-01,5015,26.98,96.04,-72.05,59.1699,-54.683,,
2026-08-20T08:21:22Z,SAT-EO-01,5016,26.44,95.61,-72.56,59.1024,-54.6579,,
2026-08-20T08:21:28Z,SAT-EO-01,5017,26.81,95.88,-72.59,59.0322,-54.6327,,
2026-08-20T08:21:34Z,SAT-EO-01,5018,26.93,95.74,-72.53,58.9605,-54.6079,,
2026-08-20T08:21:40Z,SAT-EO-01,5019,27.59,96.24,-72.34,58.8865,-54.5832,,
2026-08-20T08:21:46Z,SAT-EO-01,5020,27.37,95.84,-72.08,58.8088,-54.558,,
2026-08-20T08:21:51Z,SAT-EO-01,5021,26.79,95.57,-73.94,58.7299,-54.5334,,
2026-08-20T08:21:57Z,SAT-EO-01,5022,27.07,96.2,-72.32,58.6488,-54.5088,,
2026-08-20T08:22:03Z,SAT-EO-01,5023,26.59,95.88,-72.87,58.5645,-54.484,,
2026-08-20T08:22:09Z,SAT-EO-01,5024,27.06,95.83,-73.0,58.4748,-54.4584,,
2026-08-20T08:22:15Z,SAT-EO-01,5025,26.94,95.87,-72.62,58.3865,-54.4339,,
2026-08-20T08:22:21Z,SAT-EO-01,5026,26.99,95.2,-72.34,58.2937,-54.4089,,
2026-08-20T08:22:27Z,SAT-EO-01,5027,27.07,95.84,-71.8,58.1986,-54.3839,,
2026-08-20T08:22:33Z,SAT-EO-01,5028,26.96,95.24,-72.41,58.099,-54.3585,,
2026-08-20T08:22:40Z,SAT-EO-01,5029,26.56,95.74,-72.53,57.9979,-54.3333,,
2026-08-20T08:22:46Z,SAT-EO-01,5030,26.76,95.98,-71.06,57.8932,-54.3079,,
2026-08-20T08:22:52Z,SAT-EO-01,5031,26.54,95.7,-72.63,57.7866,-54.2826,,
2026-08-20T08:22:58Z,SAT-EO-01,5032,27.01,95.56,-72.51,57.6777,-54.2574,,
2026-08-20T08:23:04Z,SAT-EO-01,5033,26.66,95.81,-70.64,57.5645,-54.2318,,
2026-08-20T08:23:10Z,SAT-EO-01,5034,26.6,95.51,-72.41,57.4536,-54.2073,,
2026-08-20T08:23:16Z,SAT-EO-01,5035,27.17,95.73,-73.23,57.3377,-54.1823,,
2026-08-20T08:23:22Z,SAT-EO-01,5036,27.09,96.15,-71.4,57.2172,-54.1568,,
2026-08-20T08:23:28Z,SAT-EO-01,5037,27.05,95.56,-73.44,57.0986,-54.1322,,
2026-08-20T08:23:34Z,SAT-EO-01,5038,26.76,95.36,-71.62,56.9744,-54.107,,
2026-08-20T08:23:40Z,SAT-EO-01,5039,26.61,95.31,-72.73,56.8517,-54.0826,,
2026-08-20T08:23:46Z,SAT-EO-01,5040,26.59,95.7,-72.46,56.7243,-54.0577,,
2026-08-20T08:23:52Z,SAT-EO-01,5041,26.14,95.0,-73.49,56.5928,-54.0325,,
2026-08-20T08:23:58Z,SAT-EO-01,5042,26.57,96.15,-70.52,56.4605,-54.0077,,
2026-08-20T08:24:04Z,SAT-EO-01,5043,27.2,95.35,-71.88,56.3231,-53.9823,,
2026-08-20T08:24:10Z,SAT-EO-01,5044,26.74,95.91,-71.26,56.1859,-53.9575,,
2026-08-20T08:24:16Z,SAT-EO-01,5045,26.04,95.71,-70.67,56.0484,-53.933,,
2026-08-20T08:24:22Z,SAT-EO-01,5046,26.26,95.59,-72.23,55.9026,-53.9075,,
2026-08-20T08:24:28Z,SAT-EO-01,5047,26.54,95.4,-72.25,55.7566,-53.8824,,
2026-08-20T08:24:34Z,SAT-EO-01,5048,26.69,95.43,-73.06,55.6089,-53.8574,,
2026-08-20T08:24:40Z,SAT-EO-01,5049,26.23,95.43,-72.7,55.4568,-53.8321,,
2026-08-20T08:24:46Z,SAT-EO-01,5050,26.18,95.9,-70.97,55.3074,-53.8076,,
2026-08-20T08:24:52Z,SAT-EO-01,5051,26.1,95.0,-71.53,55.1558,-53.7832,,
2026-08-20T08:24:57Z,SAT-EO-01,5052,25.95,95.75,-72.34,54.9996,-53.7584,,
2026-08-20T08:25:03Z,SAT-EO-01,5053,26.65,96.0,-71.14,54.8425,-53.7338,,
2026-08-20T08:25:09Z,SAT-EO-01,5054,26.28,95.9,-72.21,54.6799,-53.7087,,
2026-08-20T08:25:15Z,SAT-EO-01,5055,26.61,95.43,-73.14,54.5129,-53.6833,,
2026-08-20T08:25:21Z,SAT-EO-01,5056,26.63,95.75,-71.75,54.3493,-53.6589,,
2026-08-20T08:25:27Z,SAT-EO-01,5057,26.52,95.84,-73.29,54.1807,-53.634,,
2026-08-20T08:25:33Z,SAT-EO-01,5058,26.37,95.63,-72.93,54.0101,-53.6091,,
2026-08-20T08:25:39Z,SAT-EO-01,5059,26.63,95.11,-73.61,53.8394,-53.5846,,
2026-08-20T08:25:45Z,SAT-EO-01,5060,27.04,95.6,-72.13,53.6662,-53.56,,
2026-08-20T08:25:51Z,SAT-EO-01,5061,26.4,95.28,-72.69,53.4841,-53.5345,,
2026-08-20T08:25:57Z,SAT-EO-01,5062,26.76,95.37,-72.26,53.3047,-53.5098,,
2026-08-20T08:26:03Z,SAT-EO-01,5063,27.04,95.46,-71.96,53.12,-53.4846,,
2026-08-20T08:26:09Z,SAT-EO-01,5064,25.93,95.48,-71.22,52.9331,-53.4594,,
2026-08-20T08:26:15Z,SAT-EO-01,5065,26.34,95.53,-72.05,52.7471,-53.4347,,
2026-08-20T08:26:21Z,SAT-EO-01,5066,27.13,95.27,-72.39,52.5525,-53.4091,,
2026-08-20T08:26:27Z,SAT-EO-01,5067,26.26,95.21,-72.34,52.3592,-53.384,,
2026-08-20T08:26:33Z,SAT-EO-01,5068,26.71,95.39,-71.44,52.1633,-53.3589,,
2026-08-20T08:26:39Z,SAT-EO-01,5069,26.23,95.2,-71.8,51.9638,-53.3336,,
2026-08-20T08:26:45Z,SAT-EO-01,5070,26.42,95.33,-71.25,51.7686,-53.3092,,
2026-08-20T08:26:51Z,SAT-EO-01,5071,26.43,95.1,-72.6,51.5681,-53.2843,,
2026-08-20T08:26:57Z,SAT-EO-01,5072,26.5,94.73,-70.8,51.3691,-53.2599,,
2026-08-20T08:27:03Z,SAT-EO-01,5073,27.07,94.4,-70.73,51.1592,-53.2345,,
2026-08-20T08:27:09Z,SAT-EO-01,5074,26.57,95.19,-70.32,50.9493,-53.2093,,
2026-08-20T08:27:15Z,SAT-EO-01,5075,26.24,94.65,-70.72,50.7428,-53.1848,,
2026-08-20T08:27:21Z,SAT-EO-01,5076,26.09,94.88,-70.98,50.5266,-53.1594,,
2026-08-20T08:27:27Z,SAT-EO-01,5077,25.99,95.13,-71.1,50.3142,-53.1347,,
2026-08-20T08:27:33Z,SAT-EO-01,5078,26.74,94.86,-72.61,50.0937,-53.1094,,
2026-08-20T08:27:39Z,SAT-EO-01,5079,26.54,94.99,-72.28,49.8735,-53.0843,,
2026-08-20T08:27:45Z,SAT-EO-01,5080,26.43,94.89,-70.58,49.6553,-53.0597,,
2026-08-20T08:27:51Z,SAT-EO-01,5081,25.87,95.3,-70.98,49.4346,-53.035,,
2026-08-20T08:27:57Z,SAT-EO-01,5082,25.76,94.72,-71.77,49.2111,-53.0103,,
2026-08-20T08:28:03Z,SAT-EO-01,5083,26.13,94.58,-70.6,48.982,-52.9852,,
2026-08-20T08:28:09Z,SAT-EO-01,5084,25.97,94.92,-71.48,48.7525,-52.9603,,
2026-08-20T08:28:15Z,SAT-EO-01,5085,26.03,94.38,-71.29,48.5217,-52.9354,,
2026-08-20T08:28:21Z,SAT-EO-01,5086,26.14,94.93,-70.1,48.2857,-52.9103,,
2026-08-20T08:28:27Z,SAT-EO-01,5087,26.24,94.08,-69.62,48.0475,-52.8851,,
2026-08-20T08:28:33Z,SAT-EO-01,5088,25.78,94.63,-71.34,47.8078,-52.86,,
2026-08-20T08:28:39Z,SAT-EO-01,5089,26.38,94.47,-71.03,47.5647,-52.8348,,
2026-08-20T08:28:45Z,SAT-EO-01,5090,26.17,94.94,-71.09,47.3168,-52.8093,,
2026-08-20T08:28:51Z,SAT-EO-01,5091,25.15,94.52,-70.78,47.0679,-52.7839,,
2026-08-20T08:28:57Z,SAT-EO-01,5092,26.07,94.7,-70.95,46.8238,-52.7592,,
2026-08-20T08:29:03Z,SAT-EO-01,5093,26.15,94.34,-70.15,46.5692,-52.7336,,
2026-08-20T08:29:09Z,SAT-EO-01,5094,25.74,94.43,-70.34,46.3214,-52.709,,
2026-08-20T08:29:15Z,SAT-EO-01,5095,26.06,94.32,-69.85,46.0657,-52.6837,,
2026-08-20T08:29:22Z,SAT-EO-01,5096,26.07,94.43,-70.27,45.8046,-52.6582,,
2026-08-20T08:29:28Z,SAT-EO-01,5097,26.42,94.0,-71.3,45.5462,-52.6331,,
2026-08-20T08:29:34Z,SAT-EO-01,5098,25.62,94.26,-71.62,45.2871,-52.6081,,
2026-08-20T08:29:40Z,SAT-EO-01,5099,25.69,94.53,-70.27,45.0198,-52.5825,,
2026-08-20T08:29:46Z,SAT-EO-01,5100,25.98,94.21,-69.92,44.7603,-52.5579,,
2026-08-20T08:29:52Z,SAT-EO-01,5101,26.56,94.08,-68.7,44.4903,-52.5324,,
2026-08-20T08:29:58Z,SAT-EO-01,5102,25.48,94.0,-69.23,44.2275,-52.5078,,
2026-08-20T08:30:04Z,SAT-EO-01,5103,25.9,93.97,-69.47,43.9541,-52.4824,,
2026-08-20T08:30:10Z,SAT-EO-01,5104,25.55,94.22,-70.03,43.6843,-52.4576,,
2026-08-20T08:30:16Z,SAT-EO-01,5105,25.29,94.3,-70.62,43.4179,-52.4332,,
2026-08-20T08:30:21Z,SAT-EO-01,5106,25.73,94.33,-70.32,43.1473,-52.4085,,
2026-08-20T08:30:27Z,SAT-EO-01,5107,26.07,94.06,-69.17,42.8709,-52.3836,,
2026-08-20T08:30:34Z,SAT-EO-01,5108,25.32,93.83,-70.95,42.5873,-52.3581,,
2026-08-20T08:30:40Z,SAT-EO-01,5109,25.63,93.87,-70.94,42.3001,-52.3325,,
2026-08-20T08:30:46Z,SAT-EO-01,5110,24.92,93.83,-69.39,42.016,-52.3074,,
2026-08-20T08:30:52Z,SAT-EO-01,5111,25.38,93.87,-69.22,41.7268,-52.2819,,
2026-08-20T08:30:58Z,SAT-EO-01,5112,25.53,93.58,-69.0,41.4445,-52.2572,,
2026-08-20T08:31:04Z,SAT-EO-01,5113,26.02,93.85,-68.43,41.1632,-52.2328,,
2026-08-20T08:31:10Z,SAT-EO-01,5114,25.09,93.62,-69.33,40.8677,-52.2073,,
2026-08-20T08:31:16Z,SAT-EO-01,5115,26.13,93.74,-70.61,40.5729,-52.182,,
2026-08-20T08:31:22Z,SAT-EO-01,5116,25.52,94.52,-70.86,40.2786,-52.1569,,
2026-08-20T08:31:28Z,SAT-EO-01,5117,25.46,93.9,-68.86,39.978,-52.1315,,
2026-08-20T08:31:34Z,SAT-EO-01,5118,24.46,93.67,-69.28,39.6809,-52.1064,,
2026-08-20T08:31:40Z,SAT-EO-01,5119,26.24,93.73,-68.71,39.3858,-52.0817,,
2026-08-20T08:31:46Z,SAT-EO-01,5120,26.06,93.54,-69.72,39.0904,-52.0571,,
2026-08-20T08:31:52Z,SAT-EO-01,5121,25.64,93.46,-70.61,38.7896,-52.0322,,
2026-08-20T08:31:58Z,SAT-EO-01,5122,25.36,93.48,-69.58,38.4793,-52.0067,,
2026-08-20T08:32:04Z,SAT-EO-01,5123,25.09,93.4,-69.44,38.1675,-51.9811,,
2026-08-20T08:32:10Z,SAT-EO-01,5124,24.66,93.73,-69.49,37.8653,-51.9565,,
2026-08-20T08:32:16Z,SAT-EO-01,5125,25.55,92.99,-68.54,37.5509,-51.9311,,
2026-08-20T08:32:22Z,SAT-EO-01,5126,25.15,93.41,-69.96,37.2372,-51.9058,,
2026-08-20T08:32:28Z,SAT-EO-01,5127,25.01,93.17,-68.95,36.9313,-51.8813,,
2026-08-20T08:32:34Z,SAT-EO-01,5128,24.85,93.05,-69.37,36.6167,-51.8562,,
2026-08-20T08:32:40Z,SAT-EO-01,5129,25.34,93.25,-68.71,36.3075,-51.8317,,
2026-08-20T08:32:46Z,SAT-EO-01,5130,25.23,93.2,-71.45,35.9917,-51.8067,,
2026-08-20T08:32:52Z,SAT-EO-01,5131,25.51,93.08,-69.17,35.6702,-51.7815,,
2026-08-20T08:32:58Z,SAT-EO-01,5132,24.99,92.75,-68.51,35.3502,-51.7565,,
2026-08-20T08:33:04Z,SAT-EO-01,5133,25.82,93.05,-68.45,35.03,-51.7316,,
2026-08-20T08:33:10Z,SAT-EO-01,5134,25.4,92.85,-69.51,34.7096,-51.7068,,
2026-08-20T08:33:16Z,SAT-EO-01,5135,25.49,92.97,-68.56,34.3882,-51.682,,
2026-08-20T08:33:22Z,SAT-EO-01,5136,25.2,92.58,-68.39,34.0659,-51.6573,,
2026-08-20T08:33:28Z,SAT-EO-01,5137,24.74,93.04,-67.95,33.7449,-51.6328,,
2026-08-20T08:33:34Z,SAT-EO-01,5138,25.48,92.99,-69.23,33.411,-51.6074,,
2026-08-20T08:33:40Z,SAT-EO-01,5139,25.14,93.01,-69.53,33.0724,-51.5818,,
2026-08-20T08:33:46Z,SAT-EO-01,5140,25.59,93.02,-67.67,32.7367,-51.5565,,
2026-08-20T08:33:52Z,SAT-EO-01,5141,24.57,92.75,-70.07,32.3985,-51.5311,,
2026-08-20T08:33:58Z,SAT-EO-01,5142,25.05,92.73,-68.84,32.0657,-51.5062,,
2026-08-20T08:34:04Z,SAT-EO-01,5143,24.79,92.71,-70.15,31.7244,-51.4809,,
2026-08-20T08:34:10Z,SAT-EO-01,5144,24.76,92.83,-68.76,31.3873,-51.4559,,
2026-08-20T08:34:16Z,SAT-EO-01,5145,25.13,92.74,-69.08,31.0562,-51.4315,,
2026-08-20T08:34:22Z,SAT-EO-01,5146,24.82,92.59,-69.38,30.716,-51.4065,,
2026-08-20T08:34:28Z,SAT-EO-01,5147,24.8,92.58,-69.32,30.374,-51.3814,,
2026-08-20T08:34:34Z,SAT-EO-01,5148,24.47,92.7,-67.65,30.0375,-51.3569,,
2026-08-20T08:34:40Z,SAT-EO-01,5149,24.84,92.49,-69.81,29.6915,-51.3318,,
2026-08-20T08:34:46Z,SAT-EO-01,5150,24.96,92.56,-69.08,29.348,-51.3069,,
2026-08-20T08:34:52Z,SAT-EO-01,5151,24.51,92.28,-68.96,28.9977,-51.2816,,
2026-08-20T08:34:58Z,SAT-EO-01,5152,24.23,92.75,-68.89,28.6534,-51.2569,,
2026-08-20T08:35:04Z,SAT-EO-01,5153,24.82,92.06,-69.29,28.2977,-51.2315,,
2026-08-20T08:35:10Z,SAT-EO-01,5154,24.62,92.53,-67.57,27.9551,-51.207,,
2026-08-20T08:35:16Z,SAT-EO-01,5155,24.72,92.71,-67.25,27.6041,-51.1821,,
2026-08-20T08:35:22Z,SAT-EO-01,5156,25.14,92.02,-68.9,27.2482,-51.1569,,
2026-08-20T08:35:28Z,SAT-EO-01,5157,25.04,92.06,-69.05,26.8951,-51.1319,,
2026-08-20T08:35:34Z,SAT-EO-01,5158,24.35,92.27,-68.86,26.5442,-51.1073,,
2026-08-20T08:35:40Z,SAT-EO-01,5159,24.23,92.47,-67.46,26.1883,-51.0823,,
2026-08-20T08:35:46Z,SAT-EO-01,5160,24.58,92.07,-66.92,25.8306,-51.0573,,
2026-08-20T08:35:52Z,SAT-EO-01,5161,24.69,91.9,-67.98,25.4761,-51.0326,,
2026-08-20T08:35:58Z,SAT-EO-01,5162,24.17,92.16,-68.26,25.1186,-51.0077,,
2026-08-20T08:36:04Z,SAT-EO-01,5163,23.82,92.05,-70.01,24.7513,-50.9823,,
2026-08-20T08:36:10Z,SAT-EO-01,5164,24.1,91.87,-68.74,24.3919,-50.9575,,
2026-08-20T08:36:16Z,SAT-EO-01,5165,23.86,92.09,-68.46,24.0324,-50.9327,,
2026-08-20T08:36:22Z,SAT-EO-01,5166,24.24,91.65,-67.93,23.6593,-50.9071,,
2026-08-20T08:36:28Z,SAT-EO-01,5167,24.37,91.83,-68.52,23.2934,-50.8821,,
2026-08-20T08:36:34Z,SAT-EO-01,5168,24.37,91.78,-66.69,22.9242,-50.8569,,
2026-08-20T08:36:40Z,SAT-EO-01,5169,23.86,91.43,-67.59,22.5498,-50.8314,,
2026-08-20T08:36:46Z,SAT-EO-01,5170,24.49,91.82,-68.13,22.1908,-50.807,,
2026-08-20T08:36:52Z,SAT-EO-01,5171,25.11,91.79,-68.73,21.8303,-50.7826,,
2026-08-20T08:36:58Z,SAT-EO-01,5172,23.84,91.5,-68.55,21.4544,-50.7572,,
2026-08-20T08:37:04Z,SAT-EO-01,5173,24.1,91.22,-66.49,21.0808,-50.732,,
2026-08-20T08:37:10Z,SAT-EO-01,5174,24.23,91.56,-69.1,20.7138,-50.7074,,
2026-08-20T08:37:16Z,SAT-EO-01,5175,24.32,91.51,-67.9,20.3319,-50.6818,,
2026-08-20T08:37:22Z,SAT-EO-01,5176,23.81,91.36,-67.69,19.9663,-50.6573,,
2026-08-20T08:37:28Z,SAT-EO-01,5177,23.92,91.29,-68.36,19.5991,-50.6328,,
2026-08-20T08:37:34Z,SAT-EO-01,5178,24.16,91.53,-68.17,19.2306,-50.6083,,
2026-08-20T08:37:39Z,SAT-EO-01,5179,23.94,91.31,-66.87,18.8617,-50.5838,,
2026-08-20T08:37:45Z,SAT-EO-01,5180,24.34,90.9,-67.36,18.4912,-50.5592,,
2026-08-20T08:37:51Z,SAT-EO-01,5181,24.45,91.61,-67.03,18.1152,-50.5343,,
2026-08-20T08:37:57Z,SAT-EO-01,5182,24.13,91.05,-68.87,17.7444,-50.5098,,
2026-08-20T08:38:03Z,SAT-EO-01,5183,23.49,91.1,-67.55,17.3699,-50.4852,,
2026-08-20T08:38:09Z,SAT-EO-01,5184,24.46,91.07,-67.04,16.9875,-50.46,,
2026-08-20T08:38:15Z,SAT-EO-01,5185,23.74,91.02,-67.43,16.6073,-50.4351,,
2026-08-20T08:38:21Z,SAT-EO-01,5186,23.58,91.62,-67.3,16.2292,-50.4103,,
2026-08-20T08:38:27Z,SAT-EO-01,5187,24.24,90.94,-68.0,15.8518,-50.3856,,
2026-08-20T08:38:33Z,SAT-EO-01,5188,23.16,90.95,-66.75,15.4732,-50.3609,,
2026-08-20T08:38:39Z,SAT-EO-01,5189,23.8,90.77,-67.07,15.0823,-50.3355,,
2026-08-20T08:38:45Z,SAT-EO-01,5190,23.56,90.69,-68.9,14.7068,-50.311,,
2026-08-20T08:38:51Z,SAT-EO-01,5191,24.11,90.85,-67.16,14.324,-50.2862,,
2026-08-20T08:38:57Z,SAT-EO-01,5192,23.29,90.56,-66.6,13.9392,-50.2613,,
2026-08-20T08:39:03Z,SAT-EO-01,5193,23.25,90.37,-68.49,13.5495,-50.236,,
2026-08-20T08:39:09Z,SAT-EO-01,5194,23.16,90.56,-64.99,13.1674,-50.2113,,
2026-08-20T08:39:15Z,SAT-EO-01,5195,22.87,90.64,-67.25,12.7801,-50.1863,,
2026-08-20T08:39:21Z,SAT-EO-01,5196,24.17,90.58,-66.63,12.3953,-50.1616,,
2026-08-20T08:39:27Z,SAT-EO-01,5197,22.88,90.45,-67.35,12.0088,-50.1367,,
2026-08-20T08:39:33Z,SAT-EO-01,5198,23.25,90.41,-66.71,11.6153,-50.1114,,
2026-08-20T08:39:39Z,SAT-EO-01,5199,23.49,90.33,-67.74,11.217,-50.0858,,
2026-08-20T08:39:45Z,SAT-EO-01,5200,23.31,90.07,-68.15,10.8323,-50.0612,,
2026-08-20T08:39:51Z,SAT-EO-01,5201,23.3,90.45,-67.58,10.4507,-50.0368,,
2026-08-20T08:39:57Z,SAT-EO-01,5202,23.32,90.41,-67.0,10.0684,-50.0123,,
2026-08-20T08:40:03Z,SAT-EO-01,5203,23.29,90.19,-67.72,9.6764,-49.9873,,
2026-08-20T08:40:08Z,SAT-EO-01,5204,23.89,89.73,-68.84,9.2887,-49.9625,,
2026-08-20T08:40:15Z,SAT-EO-01,5205,23.06,89.9,-65.63,8.8884,-49.937,,
2026-08-20T08:40:21Z,SAT-EO-01,5206,23.26,89.63,-66.89,8.4932,-49.9119,,
2026-08-20T08:40:27Z,SAT-EO-01,5207,23.41,90.07,-67.02,8.1011,-49.8869,,
2026-08-20T08:40:33Z,SAT-EO-01,5208,23.24,89.48,-67.91,7.7072,-49.8619,,
2026-08-20T08:40:39Z,SAT-EO-01,5209,23.87,90.07,-68.51,7.3108,-49.8367,,
2026-08-20T08:40:45Z,SAT-EO-01,5210,22.94,89.84,-68.65,6.9079,-49.8112,,
2026-08-20T08:40:51Z,SAT-EO-01,5211,22.95,89.58,-67.77,6.5212,-49.7866,,
2026-08-20T08:40:57Z,SAT-EO-01,5212,23.28,89.53,-68.26,6.1254,-49.7616,,
2026-08-20T08:41:03Z,SAT-EO-01,5213,22.95,89.96,-67.62,5.7225,-49.7361,,
2026-08-20T08:41:09Z,SAT-EO-01,5214,22.69,89.76,-67.48,5.3183,-49.7105,,
2026-08-20T08:41:15Z,SAT-EO-01,5215,23.32,89.23,-66.24,4.9255,-49.6857,,
2026-08-20T08:41:21Z,SAT-EO-01,5216,23.13,89.67,-66.71,4.5287,-49.6606,,
2026-08-20T08:41:27Z,SAT-EO-01,5217,23.05,90.04,-66.26,4.1332,-49.6356,,
2026-08-20T08:41:33Z,SAT-EO-01,5218,22.83,89.38,-68.17,3.74,-49.6108,,
2026-08-20T08:41:39Z,SAT-EO-01,5219,23.08,89.39,-66.2,3.3497,-49.5861,,
2026-08-20T08:41:45Z,SAT-EO-01,5220,22.84,89.4,-66.34,2.96,-49.5616,,
2026-08-20T08:41:51Z,SAT-EO-01,5221,22.86,89.33,-66.89,2.5729,-49.5371,,
2026-08-20T08:41:57Z,SAT-EO-01,5222,22.39,88.72,-67.29,2.1681,-49.5116,,
2026-08-20T08:42:03Z,SAT-EO-01,5223,21.8,89.23,-66.29,1.769,-49.4865,,
2026-08-20T08:42:09Z,SAT-EO-01,5224,22.42,89.18,-66.14,1.3637,-49.4609,,
2026-08-20T08:42:15Z,SAT-EO-01,5225,22.51,89.3,-67.43,0.9593,-49.4354,,
2026-08-20T08:42:21Z,SAT-EO-01,5226,22.44,89.09,-66.49,0.5629,-49.4105,,
2026-08-20T08:42:27Z,SAT-EO-01,5227,22.73,89.01,-66.3,0.1628,-49.3853,,
2026-08-20T08:42:33Z,SAT-EO-01,5228,22.37,89.33,-65.68,-0.2265,-49.3607,,
2026-08-20T08:42:39Z,SAT-EO-01,5229,23.15,89.52,-66.39,-0.6305,-49.3353,,
2026-08-20T08:42:45Z,SAT-EO-01,5230,22.45,88.95,-67.12,-1.0318,-49.31,,
2026-08-20T08:42:51Z,SAT-EO-01,5231,23.0,88.63,-67.74,-1.4318,-49.2848,,
2026-08-20T08:42:57Z,SAT-EO-01,5232,22.28,88.92,-66.38,-1.8329,-49.2595,,
2026-08-20T08:43:03Z,SAT-EO-01,5233,21.91,88.53,-67.1,-2.2241,-49.2349,,
2026-08-20T08:43:09Z,SAT-EO-01,5234,22.11,88.66,-65.91,-2.6231,-49.2097,,
2026-08-20T08:43:15Z,SAT-EO-01,5235,22.23,88.95,-67.09,-3.0239,-49.1844,,
2026-08-20T08:43:21Z,SAT-EO-01,5236,22.77,89.1,-66.78,-3.4179,-49.1596,,
2026-08-20T08:43:27Z,SAT-EO-01,5237,22.55,88.08,-67.55,-3.8185,-49.1343,,
2026-08-20T08:43:33Z,SAT-EO-01,5238,21.98,88.42,-67.08,-4.2179,-49.1091,,
2026-08-20T08:43:39Z,SAT-EO-01,5239,22.35,88.6,-69.7,-4.6107,-49.0842,,
2026-08-20T08:43:45Z,SAT-EO-01,5240,21.9,88.45,-68.25,-5.0078,-49.0591,,
2026-08-20T08:43:51Z,SAT-EO-01,5241,21.37,88.29,-66.16,-5.3935,-49.0348,,
2026-08-20T08:43:57Z,SAT-EO-01,5242,22.56,88.17,-66.9,-5.7862,-49.0099,,
2026-08-20T08:44:03Z,SAT-EO-01,5243,22.48,88.46,-67.16,-6.1733,-48.9854,,
2026-08-20T08:44:09Z,SAT-EO-01,5244,21.3,88.2,-66.82,-6.5767,-48.9598,,
2026-08-20T08:44:15Z,SAT-EO-01,5245,22.1,88.2,-65.85,-6.9771,-48.9345,,
2026-08-20T08:44:21Z,SAT-EO-01,5246,21.9,88.5,-67.1,-7.3764,-48.9091,,
2026-08-20T08:44:27Z,SAT-EO-01,5247,21.85,87.84,-67.1,-7.7653,-48.8844,,
2026-08-20T08:44:33Z,SAT-EO-01,5248,22.13,87.81,-66.85,-8.1613,-48.8592,,
2026-08-20T08:44:39Z,SAT-EO-01,5249,21.75,87.71,-67.3,-8.5521,-48.8344,,
2026-08-20T08:44:45Z,SAT-EO-01,5250,21.71,87.57,-66.95,-8.9423,-48.8095,,
2026-08-20T08:44:51Z,SAT-EO-01,5251,22.22,87.63,-66.96,-9.3292,-48.7849,,
2026-08-20T08:44:57Z,SAT-EO-01,5252,21.73,88.04,-65.22,-9.7243,-48.7597,,
2026-08-20T08:45:03Z,SAT-EO-01,5253,21.93,87.43,-68.16,-10.1117,-48.7349,,
2026-08-20T08:45:09Z,SAT-EO-01,5254,21.8,87.4,-66.41,-10.4956,-48.7104,,
2026-08-20T08:45:15Z,SAT-EO-01,5255,22.17,87.41,-66.76,-10.8849,-48.6854,,
2026-08-20T08:45:21Z,SAT-EO-01,5256,21.64,87.47,-66.52,-11.272,-48.6606,,
2026-08-20T08:45:27Z,SAT-EO-01,5257,20.95,87.79,-68.65,-11.6617,-48.6356,,
2026-08-20T08:45:33Z,SAT-EO-01,5258,21.52,87.77,-68.03,-12.0411,-48.6112,,
2026-08-20T08:45:39Z,SAT-EO-01,5259,21.33,87.15,-66.85,-12.4349,-48.5859,,
2026-08-20T08:45:45Z,SAT-EO-01,5260,22.01,87.69,-67.74,-12.8171,-48.5613,,
2026-08-20T08:45:51Z,SAT-EO-01,5261,21.94,87.15,-68.49,-13.1989,-48.5366,,
2026-08-20T08:45:57Z,SAT-EO-01,5262,22.3,87.59,-67.97,-13.5934,-48.5111,,
2026-08-20T08:46:03Z,SAT-EO-01,5263,21.79,87.44,-65.93,-13.973,-48.4866,,
2026-08-20T08:46:09Z,SAT-EO-01,5264,21.31,87.43,-67.93,-14.3648,-48.4612,,
2026-08-20T08:46:15Z,SAT-EO-01,5265,20.94,87.36,-67.66,-14.7579,-48.4356,,
2026-08-20T08:46:21Z,SAT-EO-01,5266,21.16,87.04,-67.36,-15.1346,-48.4111,,
2026-08-20T08:46:27Z,SAT-EO-01,5267,20.94,86.54,-66.0,-15.513,-48.3865,,
2026-08-20T08:46:33Z,SAT-EO-01,5268,21.5,87.01,-67.49,-15.8873,-48.362,,
2026-08-20T08:46:39Z,SAT-EO-01,5269,20.27,86.92,-66.87,-16.2743,-48.3367,,
2026-08-20T08:46:45Z,SAT-EO-01,5270,21.58,87.03,-66.91,-16.6579,-48.3116,,
2026-08-20T08:46:51Z,SAT-EO-01,5271,21.6,86.92,-68.19,-17.0447,-48.2862,,
2026-08-20T08:46:57Z,SAT-EO-01,5272,20.84,86.8,-68.07,-17.4282,-48.261,,
2026-08-20T08:47:03Z,SAT-EO-01,5273,21.41,87.0,-66.76,-17.8038,-48.2362,,
2026-08-20T08:47:09Z,SAT-EO-01,5274,21.32,86.4,-67.06,-18.1832,-48.2112,,
2026-08-20T08:47:15Z,SAT-EO-01,5275,21.82,86.73,-66.59,-18.5557,-48.1865,,
2026-08-20T08:47:21Z,SAT-EO-01,5276,20.92,87.03,-68.68,-18.9372,-48.1612,,
2026-08-20T08:47:27Z,SAT-EO-01,5277,21.53,86.84,-66.25,-19.32,-48.1358,,
2026-08-20T08:47:33Z,SAT-EO-01,5278,20.46,86.8,-67.04,-19.6869,-48.1113,,
2026-08-20T08:47:39Z,SAT-EO-01,5279,20.47,86.5,-69.27,-20.0555,-48.0867,,
2026-08-20T08:47:45Z,SAT-EO-01,5280,21.51,87.1,-67.82,-20.4319,-48.0615,,
2026-08-20T08:47:51Z,SAT-EO-01,5281,20.73,86.31,-67.3,-20.8111,-48.0361,,
2026-08-20T08:47:57Z,SAT-EO-01,5282,20.89,86.91,-68.7,-21.1804,-48.0113,,
2026-08-20T08:48:03Z,SAT-EO-01,5283,21.66,86.54,-67.65,-21.5497,-47.9864,,
2026-08-20T08:48:09Z,SAT-EO-01,5284,20.74,86.14,-68.29,-21.9234,-47.9611,,
2026-08-20T08:48:15Z,SAT-EO-01,5285,21.48,86.17,-67.9,-22.2999,-47.9356,,
2026-08-20T08:48:21Z,SAT-EO-01,5286,20.64,86.72,-69.14,-22.6737,-47.9102,,
2026-08-20T08:48:27Z,SAT-EO-01,5287,21.03,86.28,-67.17,-23.0353,-47.8856,,
2026-08-20T08:48:33Z,SAT-EO-01,5288,20.8,86.23,-68.29,-23.4085,-47.8601,,
2026-08-20T08:48:39Z,SAT-EO-01,5289,20.59,86.21,-70.08,-23.7756,-47.8349,,
2026-08-20T08:48:45Z,SAT-EO-01,5290,20.31,85.96,-68.54,-24.1441,-47.8096,,
2026-08-20T08:48:51Z,SAT-EO-01,5291,20.95,85.74,-69.66,-24.5024,-47.7849,,
2026-08-20T08:48:57Z,SAT-EO-01,5292,20.51,86.17,-68.09,-24.8619,-47.76,,
2026-08-20T08:49:03Z,SAT-EO-01,5293,20.81,86.28,-67.43,-25.2177,-47.7354,,
2026-08-20T08:49:09Z,SAT-EO-01,5294,20.97,85.61,-67.8,-25.5755,-47.7105,,
2026-08-20T08:49:15Z,SAT-EO-01,5295,20.71,85.84,-68.72,-25.9256,-47.6861,,
2026-08-20T08:49:21Z,SAT-EO-01,5296,20.73,86.31,-68.51,-26.2815,-47.6612,,
2026-08-20T08:49:27Z,SAT-EO-01,5297,20.55,85.67,-67.59,-26.6437,-47.6358,,
2026-08-20T08:49:33Z,SAT-EO-01,5298,20.71,86.14,-68.15,-26.9924,-47.6112,,
2026-08-20T08:49:39Z,SAT-EO-01,5299,20.91,85.73,-68.45,-27.343,-47.5864,,
2026-08-20T08:49:45Z,SAT-EO-01,5300,20.37,85.52,-67.73,-27.6885,-47.5619,,
2026-08-20T08:49:51Z,SAT-EO-01,5301,19.38,86.03,-66.88,-28.0476,-47.5364,,
2026-08-20T08:49:57Z,SAT-EO-01,5302,20.16,85.5,-68.45,-28.3969,-47.5114,,
2026-08-20T08:50:03Z,SAT-EO-01,5303,19.88,85.86,-67.9,-28.7464,-47.4864,,
2026-08-20T08:50:09Z,SAT-EO-01,5304,20.69,85.73,-68.48,-29.0967,-47.4612,,
2026-08-20T08:50:15Z,SAT-EO-01,5305,19.68,85.74,-69.97,-29.4392,-47.4365,,
2026-08-20T08:50:21Z,SAT-EO-01,5306,19.99,85.29,-67.97,-29.7862,-47.4114,,
2026-08-20T08:50:27Z,SAT-EO-01,5307,20.28,85.61,-67.51,-30.1246,-47.3868,,
2026-08-20T08:50:33Z,SAT-EO-01,5308,20.06,85.26,-69.07,-30.4676,-47.3617,,
2026-08-20T08:50:39Z,SAT-EO-01,5309,20.29,85.35,-68.34,-30.807,-47.3369,,
2026-08-20T08:50:45Z,SAT-EO-01,5310,19.85,84.97,-67.46,-31.142,-47.3122,,
2026-08-20T08:50:50Z,SAT-EO-01,5311,20.75,85.52,-67.79,-31.4738,-47.2877,,
2026-08-20T08:50:56Z,SAT-EO-01,5312,20.61,85.85,-68.43,-31.8109,-47.2627,,
2026-08-20T08:51:03Z,SAT-EO-01,5313,20.44,85.69,-69.06,-32.1499,-47.2375,,
2026-08-20T08:51:08Z,SAT-EO-01,5314,19.89,85.24,-68.6,-32.4802,-47.2128,,
2026-08-20T08:51:14Z,SAT-EO-01,5315,19.87,85.1,-68.66,-32.8141,-47.1877,,
2026-08-20T08:51:20Z,SAT-EO-01,5316,19.93,85.42,-69.52,-33.1447,-47.1628,,
2026-08-20T08:51:26Z,SAT-EO-01,5317,19.59,84.8,-68.84,-33.4766,-47.1376,,
2026-08-20T08:51:32Z,SAT-EO-01,5318,19.24,84.54,-69.6,-33.8017,-47.1129,,
2026-08-20T08:51:38Z,SAT-EO-01,5319,20.52,85.3,-69.46,-34.1326,-47.0876,,
2026-08-20T08:51:44Z,SAT-EO-01,5320,19.54,84.9,-69.39,-34.4505,-47.0632,,
2026-08-20T08:51:50Z,SAT-EO-01,5321,20.01,84.75,-68.42,-34.7676,-47.0388,,
2026-08-20T08:51:56Z,SAT-EO-01,5322,19.96,84.76,-69.27,-35.084,-47.0142,,
2026-08-20T08:52:02Z,SAT-EO-01,5323,19.87,84.89,-68.88,-35.4037,-46.9894,,
2026-08-20T08:52:08Z,SAT-EO-01,5324,20.44,84.54,-69.26,-35.7294,-46.9639,,
2026-08-20T08:52:14Z,SAT-EO-01,5325,19.75,84.78,-68.94,-36.0528,-46.9385,,
2026-08-20T08:52:20Z,SAT-EO-01,5326,19.44,84.98,-69.95,-36.3709,-46.9133,,
2026-08-20T08:52:26Z,SAT-EO-01,5327,19.8,84.91,-68.67,-36.69,-46.888,,
2026-08-20T08:52:32Z,SAT-EO-01,5328,20.0,84.63,-70.84,-36.9994,-46.8633,,
2026-08-20T08:52:38Z,SAT-EO-01,5329,19.62,84.18,-67.94,-37.3035,-46.8389,,
2026-08-20T08:52:44Z,SAT-EO-01,5330,19.58,84.25,-67.25,-37.6187,-46.8135,,
2026-08-20T08:52:50Z,SAT-EO-01,5331,19.52,84.49,-69.54,-37.9252,-46.7886,,
2026-08-20T08:52:56Z,SAT-EO-01,5332,20.14,84.31,-68.95,-38.2363,-46.7632,,
2026-08-20T08:53:02Z,SAT-EO-01,5333,18.88,84.12,-69.19,-38.5415,-46.7382,,
2026-08-20T08:53:08Z,SAT-EO-01,5334,19.6,84.37,-70.83,-38.8495,-46.7128,,
2026-08-20T08:53:14Z,SAT-EO-01,5335,19.89,84.43,-69.6,-39.1532,-46.6877,,
2026-08-20T08:53:20Z,SAT-EO-01,5336,19.95,84.36,-69.52,-39.4523,-46.6627,,
2026-08-20T08:53:27Z,SAT-EO-01,5337,19.8,84.45,-69.63,-39.7561,-46.6372,,
2026-08-20T08:53:32Z,SAT-EO-01,5338,19.57,84.2,-70.42,-40.0465,-46.6128,,
2026-08-20T08:53:38Z,SAT-EO-01,5339,19.27,84.52,-69.79,-40.3353,-46.5882,,
2026-08-20T08:53:44Z,SAT-EO-01,5340,19.0,85.05,-70.28,-40.6277,-46.5633,,
2026-08-20T08:53:50Z,SAT-EO-01,5341,19.38,84.72,-69.33,-40.912,-46.5389,,
2026-08-20T08:53:56Z,SAT-EO-01,5342,19.6,84.21,-69.97,-41.1975,-46.5142,,
2026-08-20T08:54:02Z,SAT-EO-01,5343,18.81,84.07,-70.26,-41.4919,-46.4886,,
2026-08-20T08:54:08Z,SAT-EO-01,5344,19.09,84.59,-70.63,-41.7752,-46.4638,,
2026-08-20T08:54:14Z,SAT-EO-01,5345,19.3,83.97,-69.95,-42.0559,-46.4391,,
2026-08-20T08:54:20Z,SAT-EO-01,5346,19.73,83.61,-69.97,-42.3446,-46.4135,,
2026-08-20T08:54:26Z,SAT-EO-01,5347,19.43,84.5,-68.88,-42.6205,-46.3889,,
2026-08-20T08:54:32Z,SAT-EO-01,5348,19.49,83.41,-69.5,-42.902,-46.3636,,
2026-08-20T08:54:38Z,SAT-EO-01,5349,18.89,84.05,-71.54,-43.179,-46.3386,,
2026-08-20T08:54:44Z,SAT-EO-01,5350,18.93,83.83,-71.0,-43.4516,-46.3138,,
2026-08-20T08:54:50Z,SAT-EO-01,5351,19.09,83.56,-69.37,-43.7296,-46.2883,,
2026-08-20T08:54:56Z,SAT-EO-01,5352,18.97,83.72,-70.71,-43.9943,-46.2638,,
2026-08-20T08:55:02Z,SAT-EO-01,5353,18.8,83.89,-70.88,-44.2698,-46.2382,,
2026-08-20T08:55:08Z,SAT-EO-01,5354,18.98,83.8,-69.15,-44.5317,-46.2137,,
2026-08-20T08:55:14Z,SAT-EO-01,5355,19.36,83.29,-71.03,-44.7984,-46.1885,,
2026-08-20T08:55:20Z,SAT-EO-01,5356,18.74,83.83,-71.22,-45.0634,-46.1633,,
2026-08-20T08:55:26Z,SAT-EO-01,5357,19.02,83.55,-69.53,-45.329,-46.1379,,
2026-08-20T08:55:32Z,SAT-EO-01,5358,19.81,83.86,-70.39,-45.5828,-46.1134,,
2026-08-20T08:55:38Z,SAT-EO-01,5359,19.18,83.84,-71.43,-45.8357,-46.0888,,
2026-08-20T08:55:44Z,SAT-EO-01,5360,18.87,83.21,-69.56,-46.0948,-46.0634,,
2026-08-20T08:55:50Z,SAT-EO-01,5361,18.85,83.85,-71.85,-46.3471,-46.0385,,
2026-08-20T08:55:56Z,SAT-EO-01,5362,18.59,83.52,-70.41,-46.5944,-46.0139,,
2026-08-20T08:56:02Z,SAT-EO-01,5363,18.87,83.83,-71.61,-46.8451,-45.9887,,
2026-08-20T08:56:08Z,SAT-EO-01,5364,19.48,83.41,-70.39,-47.0944,-45.9634,,
2026-08-20T08:56:14Z,SAT-EO-01,5365,18.78,83.61,-70.74,-47.338,-45.9386,,
2026-08-20T08:56:20Z,SAT-EO-01,5366,19.32,83.14,-69.76,-47.5791,-45.9137,,
2026-08-20T08:56:26Z,SAT-EO-01,5367,18.6,83.7,-70.36,-47.818,-45.8889,,
2026-08-20T08:56:32Z,SAT-EO-01,5368,18.7,84.24,-71.1,-48.0603,-45.8636,,
2026-08-20T08:56:38Z,SAT-EO-01,5369,17.95,83.44,-70.14,-48.2991,-45.8383,,
2026-08-20T08:56:44Z,SAT-EO-01,5370,18.94,83.25,-70.29,-48.5357,-45.8131,,
2026-08-20T08:56:50Z,SAT-EO-01,5371,18.73,83.58,-71.58,-48.7653,-45.7884,,
2026-08-20T08:56:56Z,SAT-EO-01,5372,18.98,82.86,-70.71,-48.9983,-45.763,,
2026-08-20T08:57:02Z,SAT-EO-01,5373,19.03,83.79,-70.47,-49.2262,-45.738,,
2026-08-20T08:57:08Z,SAT-EO-01,5374,18.52,83.17,-72.49,-49.4498,-45.7133,,
2026-08-20T08:57:14Z,SAT-EO-01,5375,18.54,83.16,-71.37,-49.6755,-45.6881,,
2026-08-20T08:57:20Z,SAT-EO-01,5376,19.31,83.4,-71.52,-49.8992,-45.6628,,
2026-08-20T08:57:26Z,SAT-EO-01,5377,19.3,83.17,-71.44,-50.1189,-45.6378,,
2026-08-20T08:57:33Z,SAT-EO-01,5378,18.75,82.87,-71.89,-50.341,-45.6122,,
2026-08-20T08:57:39Z,SAT-EO-01,5379,19.25,83.16,-72.19,-50.5557,-45.5872,,
2026-08-20T08:57:45Z,SAT-EO-01,5380,17.97,83.27,-71.45,-50.7687,-45.5622,,
2026-08-20T08:57:51Z,SAT-EO-01,5381,18.46,82.94,-70.94,-50.9827,-45.5367,,
2026-08-20T08:57:57Z,SAT-EO-01,5382,18.48,83.13,-71.38,-51.1917,-45.5116,,
2026-08-20T08:58:03Z,SAT-EO-01,5383,18.36,83.15,-71.95,-51.4009,-45.4862,,
2026-08-20T08:58:09Z,SAT-EO-01,5384,19.05,83.36,-70.21,-51.6048,-45.4612,,
2026-08-20T08:58:15Z,SAT-EO-01,5385,18.43,83.01,-69.86,-51.8083,-45.4359,,
2026-08-20T08:58:21Z,SAT-EO-01,5386,18.42,82.75,-71.81,-52.0054,-45.4111,,
2026-08-20T08:58:27Z,SAT-EO-01,5387,19.17,82.96,-70.76,-52.2013,-45.3862,,
2026-08-20T08:58:33Z,SAT-EO-01,5388,18.47,82.78,-72.26,-52.3914,-45.3618,,
2026-08-20T08:58:39Z,SAT-EO-01,5389,18.24,82.95,-71.19,-52.5822,-45.337,,
2026-08-20T08:58:45Z,SAT-EO-01,5390,18.75,82.99,-72.62,-52.7721,-45.312,,
2026-08-20T08:58:51Z,SAT-EO-01,5391,18.7,82.53,-70.9,-52.9566,-45.2874,,
2026-08-20T08:58:57Z,SAT-EO-01,5392,19.33,82.24,-70.65,-53.1466,-45.2618,,
2026-08-20T08:59:03Z,SAT-EO-01,5393,18.39,82.73,-72.35,-53.3333,-45.2363,,
2026-08-20T08:59:09Z,SAT-EO-01,5394,18.57,83.1,-73.55,-53.5128,-45.2115,,
2026-08-20T08:59:15Z,SAT-EO-01,5395,18.27,82.41,-71.57,-53.6955,-45.1858,,
2026-08-20T08:59:21Z,SAT-EO-01,5396,18.11,82.31,-71.93,-53.8734,-45.1606,,
2026-08-20T08:59:27Z,SAT-EO-01,5397,18.0,82.73,-72.97,-54.0479,-45.1354,,
2026-08-20T08:59:33Z,SAT-EO-01,5398,17.73,82.79,-71.35,-54.2231,-45.1098,,
2026-08-20T08:59:39Z,SAT-EO-01,5399,18.58,82.72,-71.98,-54.3951,-45.0843,,
2026-08-20T08:59:45Z,SAT-EO-01,5400,18.18,82.33,-71.71,-54.5634,-45.059,,
2026-08-20T08:59:51Z,SAT-EO-01,5401,18.0,82.4,-71.83,-54.726,-45.0342,,
2026-08-20T08:59:57Z,SAT-EO-01,5402,17.63,82.77,-71.61,-54.8903,-45.0088,,
2026-08-20T09:00:04Z,SAT-EO-01,5403,17.74,82.33,-71.99,-55.0524,-44.9833,,
2026-08-20T09:00:09Z,SAT-EO-01,5404,18.31,82.53,-71.6,-55.2081,-44.9584,,
2026-08-20T09:00:16Z,SAT-EO-01,5405,18.0,82.27,-71.52,-55.3647,-44.933,,
2026-08-20T09:00:22Z,SAT-EO-01,5406,18.35,82.45,-71.03,-55.5186,-44.9077,,
2026-08-20T09:00:28Z,SAT-EO-01,5407,17.97,82.3,-72.5,-55.667,-44.8828,,
2026-08-20T09:00:34Z,SAT-EO-01,5408,18.66,82.6,-72.3,-55.8132,-44.8579,,
2026-08-20T09:00:40Z,SAT-EO-01,5409,18.59,82.67,-74.06,-55.9591,-44.8327,,
2026-08-20T09:00:46Z,SAT-EO-01,5410,18.24,82.42,-72.77,-56.1004,-44.8078,,
2026-08-20T09:00:52Z,SAT-EO-01,5411,18.34,82.15,-73.15,-56.2423,-44.7824,,
2026-08-20T09:00:58Z,SAT-EO-01,5412,18.53,82.43,-71.59,-56.3793,-44.7574,,
2026-08-20T09:01:04Z,SAT-EO-01,5413,18.7,82.84,-72.58,-56.5116,-44.7328,,
2026-08-20T09:01:10Z,SAT-EO-01,5414,17.67,82.45,-71.65,-56.6428,-44.7079,,
2026-08-20T09:01:16Z,SAT-EO-01,5415,17.93,82.39,-71.33,-56.7749,-44.6825,,
2026-08-20T09:01:22Z,SAT-EO-01,5416,18.18,82.29,-72.91,-56.9001,-44.6579,,
2026-08-20T09:01:28Z,SAT-EO-01,5417,17.95,82.24,-71.76,-57.0241,-44.633,,
2026-08-20T09:01:34Z,SAT-EO-01,5418,17.82,82.48,-70.69,-57.1455,-44.6081,,
2026-08-20T09:01:40Z,SAT-EO-01,5419,18.25,81.91,-72.51,-57.2655,-44.5831,,
2026-08-20T09:01:46Z,SAT-EO-01,5420,18.06,82.16,-73.09,-57.3831,-44.558,,
2026-08-20T09:01:51Z,SAT-EO-01,5421,18.12,82.15,-70.85,-57.4962,-44.5333,,
2026-08-20T09:01:58Z,SAT-EO-01,5422,17.99,82.42,-73.6,-57.6092,-44.5081,,
2026-08-20T09:02:04Z,SAT-EO-01,5423,18.25,82.28,-72.66,-57.7209,-44.4827,,
2026-08-20T09:02:10Z,SAT-EO-01,5424,17.84,82.61,-73.14,-57.8305,-44.4571,,
2026-08-20T09:02:16Z,SAT-EO-01,5425,18.3,82.29,-72.78,-57.9326,-44.4327,,
2026-08-20T09:02:22Z,SAT-EO-01,5426,18.13,82.31,-72.16,-58.0322,-44.4082,,
2026-08-20T09:02:27Z,SAT-EO-01,5427,18.06,82.26,-71.83,-58.1298,-44.3837,,
2026-08-20T09:02:33Z,SAT-EO-01,5428,17.88,82.2,-72.17,-58.227,-44.3587,,
2026-08-20T09:02:39Z,SAT-EO-01,5429,18.37,82.2,-73.78,-58.3223,-44.3335,,
2026-08-20T09:02:45Z,SAT-EO-01,5430,17.94,82.18,-71.74,-58.4134,-44.3087,,
2026-08-20T09:02:51Z,SAT-EO-01,5431,17.73,82.21,-71.46,-58.5021,-44.2839,,
2026-08-20T09:02:57Z,SAT-EO-01,5432,18.38,82.13,-72.14,-58.5904,-44.2585,,
2026-08-20T09:03:04Z,SAT-EO-01,5433,18.05,81.89,-73.29,-58.6756,-44.2332,,
2026-08-20T09:03:10Z,SAT-EO-01,5434,17.77,82.35,-74.37,-58.7578,-44.208,,
2026-08-20T09:03:16Z,SAT-EO-01,5435,18.52,82.26,-73.66,-58.8365,-44.1831,,
2026-08-20T09:03:22Z,SAT-EO-01,5436,17.53,82.03,-73.01,-58.9142,-44.1577,,
2026-08-20T09:03:28Z,SAT-EO-01,5437,18.48,82.54,-72.98,-58.9881,-44.1327,,
2026-08-20T09:03:34Z,SAT-EO-01,5438,18.11,82.3,-73.44,-59.0591,-44.1078,,
2026-08-20T09:03:40Z,SAT-EO-01,5439,17.89,82.03,-73.18,-59.1291,-44.0823,,
2026-08-20T09:03:46Z,SAT-EO-01,5440,17.96,82.21,-72.81,-59.1946,-44.0575,,
2026-08-20T09:03:52Z,SAT-EO-01,5441,17.86,81.97,-73.21,-59.2578,-44.0327,,
2026-08-20T09:03:58Z,SAT-EO-01,5442,17.88,82.76,-71.76,-59.3195,-44.0073,,
2026-08-20T09:04:04Z,SAT-EO-01,5443,17.95,82.56,-73.83,-59.3774,-43.9825,,
2026-08-20T09:04:10Z,SAT-EO-01,5444,17.74,81.93,-74.28,-59.4342,-43.957,,
2026-08-20T09:04:16Z,SAT-EO-01,5445,18.25,81.82,-71.8,-59.4869,-43.9322,,
2026-08-20T09:04:22Z,SAT-EO-01,5446,17.88,82.12,-73.98,-59.5379,-43.9069,,
2026-08-20T09:04:28Z,SAT-EO-01,5447,18.47,82.47,-73.66,-59.5863,-43.8816,,
2026-08-20T09:04:34Z,SAT-EO-01,5448,18.36,82.2,-73.32,-59.6317,-43.8565,,
2026-08-20T09:04:40Z,SAT-EO-01,5449,18.43,82.18,-72.7,-59.6743,-43.8315,,
2026-08-20T09:04:46Z,SAT-EO-01,5450,18.2,82.12,-72.12,-59.7136,-43.807,,
2026-08-20T09:04:52Z,SAT-EO-01,5451,17.97,82.09,-72.89,-59.7512,-43.7819,,
2026-08-20T09:04:58Z,SAT-EO-01,5452,17.45,82.54,-73.61,-59.7864,-43.7565,,
2026-08-20T09:05:04Z,SAT-EO-01,5453,18.42,82.12,-72.52,-59.8185,-43.7316,,
2026-08-20T09:05:10Z,SAT-EO-01,5454,17.69,81.54,-73.43,-59.8484,-43.7062,,
2026-08-20T09:05:16Z,SAT-EO-01,5455,17.79,82.28,-74.08,-59.8747,-43.6818,,
2026-08-20T09:05:22Z,SAT-EO-01,5456,17.59,82.26,-72.38,-59.899,-43.6568,,
2026-08-20T09:05:28Z,SAT-EO-01,5457,18.44,82.24,-73.44,-59.9206,-43.632,,
2026-08-20T09:05:34Z,SAT-EO-01,5458,17.9,82.29,-71.91,-59.94,-43.6065,,
2026-08-20T09:05:40Z,SAT-EO-01,5459,18.1,82.33,-72.39,-59.9561,-43.582,,
2026-08-20T09:05:46Z,SAT-EO-01,5460,17.47,81.91,-72.78,-59.9697,-43.5576,,
2026-08-20T09:05:52Z,SAT-EO-01,5461,18.2,82.23,-72.91,-59.981,-43.5327,,
2026-08-20T09:05:58Z,SAT-EO-01,5462,17.91,81.71,-72.47,-59.9898,-43.5071,,
2026-08-20T09:06:04Z,SAT-EO-01,5463,17.28,82.32,-72.6,-59.9958,-43.4823,,
2026-08-20T09:06:10Z,SAT-EO-01,5464,18.13,82.15,-71.4,-59.9992,-43.4575,,
2026-08-20T09:06:16Z,SAT-EO-01,5465,18.1,81.57,-72.71,-60.0,-43.4328,,
2026-08-20T09:06:21Z,SAT-EO-01,5466,17.86,81.93,-73.56,-59.9982,-43.4083,,
2026-08-20T09:06:27Z,SAT-EO-01,5467,17.15,81.85,-73.56,-59.9939,-43.3838,,
2026-08-20T09:06:34Z,SAT-EO-01,5468,18.2,81.86,-74.91,-59.9868,-43.3583,,
2026-08-20T09:06:39Z,SAT-EO-01,5469,18.2,81.93,-72.32,-59.9772,-43.3334,,
2026-08-20T09:06:45Z,SAT-EO-01,5470,17.37,82.16,-72.45,-59.9652,-43.3087,,
2026-08-20T09:06:51Z,SAT-EO-01,5471,18.41,82.26,-71.36,-59.9505,-43.2839,,
2026-08-20T09:06:57Z,SAT-EO-01,5472,18.45,82.07,-73.46,-59.933,-43.2589,,
2026-08-20T09:07:03Z,SAT-EO-01,5473,18.39,81.96,-72.28,-59.913,-43.2339,,
2026-08-20T09:07:09Z,SAT-EO-01,5474,17.58,82.06,-72.95,-59.8908,-43.2094,,
2026-08-20T09:07:15Z,SAT-EO-01,5475,17.42,82.21,-72.25,-59.8658,-43.1846,,
2026-08-20T09:07:21Z,SAT-EO-01,5476,18.17,81.54,-73.37,-59.8384,-43.16,,
2026-08-20T09:07:27Z,SAT-EO-01,5477,17.93,82.29,-72.11,-59.8084,-43.1353,,
2026-08-20T09:07:33Z,SAT-EO-01,5478,17.44,82.06,-74.2,-59.7758,-43.1107,,
2026-08-20T09:07:39Z,SAT-EO-01,5479,17.93,82.0,-71.87,-59.7404,-43.0858,,
2026-08-20T09:07:45Z,SAT-EO-01,5480,18.05,82.17,-74.07,-59.7016,-43.0603,,
2026-08-20T09:07:51Z,SAT-EO-01,5481,18.27,82.0,-73.0,-59.66,-43.0349,,
2026-08-20T09:07:57Z,SAT-EO-01,5482,18.07,81.92,-73.33,-59.617,-43.0102,,
2026-08-20T09:08:03Z,SAT-EO-01,5483,18.51,82.55,-71.64,-59.57,-42.9847,,
2026-08-20T09:08:09Z,SAT-EO-01,5484,17.57,82.03,-73.16,-59.5201,-42.9591,,
2026-08-20T09:08:15Z,SAT-EO-01,5485,18.09,81.36,-73.37,-59.4692,-42.9343,,
2026-08-20T09:08:21Z,SAT-EO-01,5486,18.54,82.14,-72.66,-59.4157,-42.9095,,
2026-08-20T09:08:27Z,SAT-EO-01,5487,18.38,81.94,-73.06,-59.3599,-42.8849,,
2026-08-20T09:08:33Z,SAT-EO-01,5488,17.85,81.96,-73.23,-59.301,-42.8599,,
2026-08-20T09:08:39Z,SAT-EO-01,5489,18.28,82.21,-72.29,-59.2395,-42.835,,
2026-08-20T09:08:45Z,SAT-EO-01,5490,17.79,81.83,-73.34,-59.1751,-42.81,,
2026-08-20T09:08:51Z,SAT-EO-01,5491,17.63,82.04,-71.56,-59.109,-42.7853,,
2026-08-20T09:08:57Z,SAT-EO-01,5492,17.9,81.95,-73.71,-59.0389,-42.76,,
2026-08-20T09:09:03Z,SAT-EO-01,5493,18.31,82.65,-74.88,-58.9668,-42.735,,
2026-08-20T09:09:09Z,SAT-EO-01,5494,17.65,82.49,-74.63,-58.8922,-42.71,,
2026-08-20T09:09:15Z,SAT-EO-01,5495,18.58,82.35,-71.4,-58.8135,-42.6845,,
2026-08-20T09:09:21Z,SAT-EO-01,5496,18.5,82.12,-73.08,-58.7334,-42.6594,,
2026-08-20T09:09:27Z,SAT-EO-01,5497,18.12,82.14,-71.66,-58.6527,-42.6349,,
2026-08-20T09:09:33Z,SAT-EO-01,5498,17.99,81.95,-73.39,-58.5687,-42.6102,,
2026-08-20T09:09:39Z,SAT-EO-01,5499,18.04,82.51,-72.47,-58.4808,-42.5851,,
2026-08-20T09:09:45Z,SAT-EO-01,5500,18.09,81.54,-72.98,-58.3925,-42.5606,,
2026-08-20T09:09:51Z,SAT-EO-01,5501,18.22,82.44,-72.59,-58.3019,-42.5361,,
2026-08-20T09:09:57Z,SAT-EO-01,5502,18.61,82.35,-72.43,-58.2064,-42.5109,,
2026-08-20T09:10:03Z,SAT-EO-01,5503,18.57,81.97,-73.55,-58.1108,-42.4864,,
2026-08-20T09:10:09Z,SAT-EO-01,5504,18.33,82.21,-72.1,-58.0127,-42.4619,,
2026-08-20T09:10:15Z,SAT-EO-01,5505,18.43,82.6,-72.79,-57.9117,-42.4373,,
2026-08-20T09:10:20Z,SAT-EO-01,5506,17.94,82.12,-70.63,-57.8085,-42.4127,,
2026-08-20T09:10:26Z,SAT-EO-01,5507,18.16,82.29,-73.22,-57.7037,-42.3884,,
2026-08-20T09:10:32Z,SAT-EO-01,5508,17.93,82.53,-72.73,-57.5956,-42.3638,,
2026-08-20T09:10:38Z,SAT-EO-01,5509,18.47,82.23,-73.16,-57.4823,-42.3386,,
2026-08-20T09:10:44Z,SAT-EO-01,5510,18.46,82.31,-71.83,-57.3665,-42.3134,,
2026-08-20T09:10:50Z,SAT-EO-01,5511,18.12,82.22,-73.71,-57.2475,-42.2881,,
2026-08-20T09:10:56Z,SAT-EO-01,5512,18.45,82.08,-74.27,-57.1247,-42.2626,,
2026-08-20T09:11:03Z,SAT-EO-01,5513,17.41,82.47,-72.28,-57.0008,-42.2373,,
2026-08-20T09:11:09Z,SAT-EO-01,5514,17.98,82.12,-71.17,-56.8734,-42.2119,,
2026-08-20T09:11:15Z,SAT-EO-01,5515,18.76,82.2,-72.31,-56.7481,-42.1873,,
2026-08-20T09:11:21Z,SAT-EO-01,5516,17.34,82.41,-73.02,-56.6158,-42.1619,,
2026-08-20T09:11:27Z,SAT-EO-01,5517,18.69,82.07,-72.26,-56.4851,-42.1373,,
2026-08-20T09:11:32Z,SAT-EO-01,5518,18.14,82.21,-71.96,-56.3515,-42.1125,,
2026-08-20T09:11:39Z,SAT-EO-01,5519,18.36,82.46,-72.47,-56.2123,-42.0872,,
2026-08-20T09:11:44Z,SAT-EO-01,5520,18.46,82.73,-70.92,-56.0757,-42.0628,,
2026-08-20T09:11:50Z,SAT-EO-01,5521,18.38,82.23,-72.49,-55.9367,-42.0384,,
2026-08-20T09:11:56Z,SAT-EO-01,5522,17.95,82.9,-72.35,-55.7952,-42.014,,
2026-08-20T09:12:02Z,SAT-EO-01,5523,18.0,82.51,-71.65,-55.6459,-41.9886,,
2026-08-20T09:12:08Z,SAT-EO-01,5524,18.28,82.81,-72.8,-55.4983,-41.964,,
2026-08-20T09:12:14Z,SAT-EO-01,5525,18.28,82.73,-74.48,-55.3445,-41.9387,,
2026-08-20T09:12:20Z,SAT-EO-01,5526,18.83,82.72,-71.68,-55.1867,-41.9131,,
2026-08-20T09:12:26Z,SAT-EO-01,5527,18.26,82.93,-72.9,-55.0327,-41.8886,,
2026-08-20T09:12:32Z,SAT-EO-01,5528,18.9,82.35,-71.54,-54.8704,-41.8631,,
2026-08-20T09:12:38Z,SAT-EO-01,5529,18.72,82.7,-70.9,-54.7093,-41.8382,,
2026-08-20T09:12:44Z,SAT-EO-01,5530,18.34,82.64,-74.08,-54.5429,-41.8129,,
2026-08-20T09:12:50Z,SAT-EO-01,5531,18.16,82.86,-72.13,-54.3746,-41.7876,,
2026-08-20T09:12:57Z,SAT-EO-01,5532,18.64,83.1,-72.15,-54.2034,-41.7623,,
2026-08-20T09:13:02Z,SAT-EO-01,5533,18.28,82.63,-72.2,-54.035,-41.7377,,
2026-08-20T09:13:09Z,SAT-EO-01,5534,18.72,82.87,-72.48,-53.8597,-41.7125,,
2026-08-20T09:13:15Z,SAT-EO-01,5535,17.53,82.67,-71.98,-53.6816,-41.6872,,
2026-08-20T09:13:21Z,SAT-EO-01,5536,18.72,82.89,-71.81,-53.4992,-41.6616,,
2026-08-20T09:13:27Z,SAT-EO-01,5537,18.12,82.84,-71.02,-53.3163,-41.6364,,
2026-08-20T09:13:33Z,SAT-EO-01,5538,18.0,82.81,-72.15,-53.131,-41.6111,,
2026-08-20T09:13:39Z,SAT-EO-01,5539,18.53,82.62,-71.81,-52.9448,-41.586,,
2026-08-20T09:13:45Z,SAT-EO-01,5540,18.57,83.15,-71.42,-52.7545,-41.5607,,
2026-08-20T09:13:51Z,SAT-EO-01,5541,18.11,82.76,-71.3,-52.567,-41.536,,
2026-08-20T09:13:57Z,SAT-EO-01,5542,18.81,82.98,-72.36,-52.3792,-41.5116,,
2026-08-20T09:14:03Z,SAT-EO-01,5543,18.66,82.35,-69.53,-52.1829,-41.4864,,
2026-08-20T09:14:09Z,SAT-EO-01,5544,18.59,83.12,-71.92,-51.9813,-41.4608,,
2026-08-20T09:14:15Z,SAT-EO-01,5545,18.95,82.73,-71.72,-51.7787,-41.4354,,
2026-08-20T09:14:21Z,SAT-EO-01,5546,19.34,83.06,-70.86,-51.5801,-41.4108,,
2026-08-20T09:14:27Z,SAT-EO-01,5547,19.01,83.22,-71.61,-51.3797,-41.3862,,
2026-08-20T09:14:33Z,SAT-EO-01,5548,18.79,83.11,-72.24,-51.1685,-41.3606,,
2026-08-20T09:14:39Z,SAT-EO-01,5549,18.4,82.42,-71.09,-50.9585,-41.3354,,
2026-08-20T09:14:45Z,SAT-EO-01,5550,18.97,83.09,-71.39,-50.748,-41.3104,,
2026-08-20T09:14:51Z,SAT-EO-01,5551,18.52,83.43,-71.14,-50.54,-41.286,,
2026-08-20T09:14:57Z,SAT-EO-01,5552,18.42,83.44,-70.21,-50.3274,-41.2612,,
2026-08-20T09:15:03Z,SAT-EO-01,5553,19.23,83.11,-71.58,-50.108,-41.236,,
2026-08-20T09:15:09Z,SAT-EO-01,5554,18.79,82.78,-71.45,-49.8849,-41.2106,,
2026-08-20T09:15:15Z,SAT-EO-01,5555,18.37,83.37,-71.15,-49.6674,-41.186,,
2026-08-20T09:15:21Z,SAT-EO-01,5556,18.68,83.09,-72.58,-49.4459,-41.1613,,
2026-08-20T09:15:27Z,SAT-EO-01,5557,19.02,83.3,-73.26,-49.2181,-41.1361,,
2026-08-20T09:15:33Z,SAT-EO-01,5558,19.45,83.14,-70.67,-48.9933,-41.1114,,
2026-08-20T09:15:39Z,SAT-EO-01,5559,19.48,83.08,-71.38,-48.7633,-41.0864,,
2026-08-20T09:15:45Z,SAT-EO-01,5560,18.61,82.63,-70.05,-48.5274,-41.061,,
2026-08-20T09:15:51Z,SAT-EO-01,5561,19.01,83.39,-71.67,-48.2904,-41.0358,,
2026-08-20T09:15:57Z,SAT-EO-01,5562,19.74,83.5,-69.87,-48.0534,-41.0107,,
2026-08-20T09:16:03Z,SAT-EO-01,5563,18.94,83.5,-69.6,-47.8129,-40.9855,,
2026-08-20T09:16:09Z,SAT-EO-01,5564,18.6,83.44,-71.03,-47.5702,-40.9603,,
2026-08-20T09:16:15Z,SAT-EO-01,5565,19.48,83.48,-70.46,-47.3244,-40.935,,
2026-08-20T09:16:21Z,SAT-EO-01,5566,18.96,83.47,-71.38,-47.0819,-40.9103,,
2026-08-20T09:16:27Z,SAT-EO-01,5567,18.55,83.35,-71.52,-46.8344,-40.8852,,
2026-08-20T09:16:33Z,SAT-EO-01,5568,19.53,83.74,-70.01,-46.5837,-40.8601,,
2026-08-20T09:16:39Z,SAT-EO-01,5569,18.47,84.13,-71.13,-46.3341,-40.8352,,
2026-08-20T09:16:45Z,SAT-EO-01,5570,18.95,83.86,-72.13,-46.0852,-40.8106,,
2026-08-20T09:16:51Z,SAT-EO-01,5571,19.49,83.35,-70.36,-45.8281,-40.7855,,
2026-08-20T09:16:57Z,SAT-EO-01,5572,19.26,83.99,-68.61,-45.5754,-40.7609,,
2026-08-20T09:17:03Z,SAT-EO-01,5573,18.77,83.25,-69.94,-45.3115,-40.7354,,
2026-08-20T09:17:09Z,SAT-EO-01,5574,19.98,83.76,-70.82,-45.0475,-40.7101,,
2026-08-20T09:17:15Z,SAT-EO-01,5575,19.53,83.46,-70.73,-44.7894,-40.6856,,
2026-08-20T09:17:21Z,SAT-EO-01,5576,18.86,83.63,-70.1,-44.5216,-40.6604,,
2026-08-20T09:17:27Z,SAT-EO-01,5577,19.03,83.68,-71.05,-44.2536,-40.6353,,
2026-08-20T09:17:33Z,SAT-EO-01,5578,19.17,83.99,-70.67,-43.978,-40.6096,,
2026-08-20T09:17:39Z,SAT-EO-01,5579,19.22,83.92,-70.25,-43.7026,-40.5842,,
2026-08-20T09:17:45Z,SAT-EO-01,5580,18.79,84.24,-68.67,-43.4358,-40.5598,,
2026-08-20T09:17:51Z,SAT-EO-01,5581,19.05,84.02,-69.43,-43.1651,-40.5352,,
2026-08-20T09:17:57Z,SAT-EO-01,5582,18.95,84.21,-70.05,-42.8916,-40.5104,,
2026-08-20T09:18:03Z,SAT-EO-01,5583,19.84,83.69,-70.44,-42.6195,-40.486,,
2026-08-20T09:18:09Z,SAT-EO-01,5584,19.79,84.43,-70.28,-42.344,-40.4614,,
2026-08-20T09:18:15Z,SAT-EO-01,5585,19.12,83.96,-70.3,-42.0579,-40.4361,,
2026-08-20T09:18:21Z,SAT-EO-01,5586,19.29,83.95,-71.26,-41.7743,-40.4111,,
2026-08-20T09:18:27Z,SAT-EO-01,5587,19.18,83.86,-69.38,-41.4861,-40.3859,,
2026-08-20T09:18:33Z,SAT-EO-01,5588,19.83,84.49,-69.25,-41.2011,-40.3611,,
2026-08-20T09:18:39Z,SAT-EO-01,5589,19.61,84.35,-70.17,-40.9103,-40.336,,
2026-08-20T09:18:45Z,SAT-EO-01,5590,19.53,84.16,-68.81,-40.6179,-40.3109,,
2026-08-20T09:18:51Z,SAT-EO-01,5591,19.9,84.38,-69.62,-40.3294,-40.2863,,
2026-08-20T09:18:57Z,SAT-EO-01,5592,19.3,84.75,-68.76,-40.0326,-40.2611,,
2026-08-20T09:19:03Z,SAT-EO-01,5593,19.39,84.24,-69.76,-39.7342,-40.2359,,
2026-08-20T09:19:09Z,SAT-EO-01,5594,19.56,84.11,-69.0,-39.4339,-40.2107,,
2026-08-20T09:19:15Z,SAT-EO-01,5595,18.97,84.49,-68.85,-39.1325,-40.1856,,
2026-08-20T09:19:21Z,SAT-EO-01,5596,19.56,84.38,-69.43,-38.832,-40.1607,,
2026-08-20T09:19:27Z,SAT-EO-01,5597,19.19,84.34,-70.04,-38.535,-40.1362,,
2026-08-20T09:19:33Z,SAT-EO-01,5598,19.82,84.07,-70.05,-38.2339,-40.1116,,
2026-08-20T09:19:39Z,SAT-EO-01,5599,19.28,84.17,-69.23,-37.9259,-40.0864,,
2026-08-20T09:19:45Z,SAT-EO-01,5600,19.74,84.81,-67.75,-37.6165,-40.0614,,
2026-08-20T09:19:51Z,SAT-EO-01,5601,19.36,84.68,-68.85,-37.3021,-40.036,,
2026-08-20T09:19:57Z,SAT-EO-01,5602,19.97,84.53,-69.94,-36.9854,-40.0106,,
2026-08-20T09:20:03Z,SAT-EO-01,5603,19.36,84.73,-70.18,-36.6754,-39.9859,,
2026-08-20T09:20:09Z,SAT-EO-01,5604,19.62,84.95,-68.85,-36.3642,-39.9612,,
2026-08-20T09:20:15Z,SAT-EO-01,5605,19.62,84.81,-68.97,-36.0553,-39.9367,,
2026-08-20T09:20:21Z,SAT-EO-01,5606,19.65,84.8,-68.04,-35.7336,-39.9115,,
2026-08-20T09:20:27Z,SAT-EO-01,5607,19.66,84.7,-68.84,-35.4083,-39.886,,
2026-08-20T09:20:33Z,SAT-EO-01,5608,19.74,85.0,-69.89,-35.0915,-39.8613,,
2026-08-20T09:20:39Z,SAT-EO-01,5609,19.4,85.02,-68.47,-34.7757,-39.8369,,
2026-08-20T09:20:45Z,SAT-EO-01,5610,19.71,84.87,-67.5,-34.4515,-39.8119,,
2026-08-20T09:20:51Z,SAT-EO-01,5611,19.96,85.13,-69.15,-34.1302,-39.7872,,
2026-08-20T09:20:57Z,SAT-EO-01,5612,19.61,85.0,-68.69,-33.8059,-39.7624,,
2026-08-20T09:21:02Z,SAT-EO-01,5613,19.73,85.26,-67.55,-33.4797,-39.7376,,
2026-08-20T09:21:09Z,SAT-EO-01,5614,20.28,85.39,-68.0,-33.1471,-39.7124,,
2026-08-20T09:21:15Z,SAT-EO-01,5615,20.33,85.09,-68.68,-32.8079,-39.6868,,
2026-08-20T09:21:21Z,SAT-EO-01,5616,19.92,85.31,-67.97,-32.4816,-39.6623,,
2026-08-20T09:21:26Z,SAT-EO-01,5617,20.34,85.35,-68.85,-32.1551,-39.6379,,
2026-08-20T09:21:33Z,SAT-EO-01,5618,20.13,85.1,-67.55,-31.8134,-39.6125,,
2026-08-20T09:21:38Z,SAT-EO-01,5619,20.53,85.31,-68.99,-31.4791,-39.5877,,
2026-08-20T09:21:45Z,SAT-EO-01,5620,20.07,85.39,-70.17,-31.1344,-39.5622,,
2026-08-20T09:21:50Z,SAT-EO-01,5621,20.28,85.51,-68.4,-30.8008,-39.5377,,
2026-08-20T09:21:56Z,SAT-EO-01,5622,20.4,85.41,-70.11,-30.4649,-39.5131,,
2026-08-20T09:22:02Z,SAT-EO-01,5623,20.18,85.66,-67.24,-30.1205,-39.4879,,
2026-08-20T09:22:08Z,SAT-EO-01,5624,20.08,85.79,-68.23,-29.7802,-39.4632,,
2026-08-20T09:22:14Z,SAT-EO-01,5625,20.85,85.31,-68.47,-29.4426,-39.4387,,
2026-08-20T09:22:20Z,SAT-EO-01,5626,19.98,85.43,-69.2,-29.0972,-39.4138,,
2026-08-20T09:22:26Z,SAT-EO-01,5627,20.02,85.47,-66.77,-28.7413,-39.3882,,
2026-08-20T09:22:32Z,SAT-EO-01,5628,20.52,86.03,-68.76,-28.3884,-39.3629,,
2026-08-20T09:22:39Z,SAT-EO-01,5629,20.2,85.76,-68.87,-28.0311,-39.3374,,
2026-08-20T09:22:45Z,SAT-EO-01,5630,20.36,85.5,-70.18,-27.6753,-39.3121,,
2026-08-20T09:22:51Z,SAT-EO-01,5631,21.08,85.73,-67.62,-27.3242,-39.2872,,
2026-08-20T09:22:57Z,SAT-EO-01,5632,19.73,86.16,-69.47,-26.9738,-39.2625,,
2026-08-20T09:23:02Z,SAT-EO-01,5633,20.66,86.32,-68.38,-26.6189,-39.2375,,
2026-08-20T09:23:08Z,SAT-EO-01,5634,21.01,85.66,-67.61,-26.2629,-39.2125,,
2026-08-20T09:23:14Z,SAT-EO-01,5635,20.45,86.0,-66.49,-25.9075,-39.1877,,
2026-08-20T09:23:21Z,SAT-EO-01,5636,20.13,85.93,-67.58,-25.5407,-39.1621,,
2026-08-20T09:23:27Z,SAT-EO-01,5637,20.46,86.14,-67.65,-25.1809,-39.1371,,
2026-08-20T09:23:33Z,SAT-EO-01,5638,20.85,85.98,-67.75,-24.8136,-39.1116,,
2026-08-20T09:23:39Z,SAT-EO-01,5639,20.02,86.01,-68.1,-24.4514,-39.0866,,
2026-08-20T09:23:45Z,SAT-EO-01,5640,21.13,85.96,-68.57,-24.0965,-39.0621,,
2026-08-20T09:23:51Z,SAT-EO-01,5641,21.0,86.73,-66.19,-23.7255,-39.0367,,
2026-08-20T09:23:57Z,SAT-EO-01,5642,20.78,86.45,-67.84,-23.3558,-39.0113,,
2026-08-20T09:24:03Z,SAT-EO-01,5643,20.72,86.49,-68.79,-22.981,-38.9857,,
2026-08-20T09:24:09Z,SAT-EO-01,5644,20.69,86.17,-67.25,-22.617,-38.9609,,
2026-08-20T09:24:15Z,SAT-EO-01,5645,21.53,86.72,-67.67,-22.2494,-38.936,,
2026-08-20T09:24:21Z,SAT-EO-01,5646,21.04,86.75,-67.56,-21.875,-38.9106,,
2026-08-20T09:24:27Z,SAT-EO-01,5647,21.26,86.79,-69.58,-21.5094,-38.8859,,
2026-08-20T09:24:33Z,SAT-EO-01,5648,20.7,86.5,-68.57,-21.1375,-38.8608,,
2026-08-20T09:24:39Z,SAT-EO-01,5649,21.7,86.73,-67.62,-20.7664,-38.8359,,
2026-08-20T09:24:45Z,SAT-EO-01,5650,21.1,87.14,-66.96,-20.3865,-38.8104,,
2026-08-20T09:24:51Z,SAT-EO-01,5651,21.08,86.4,-66.65,-20.0209,-38.786,,
2026-08-20T09:24:57Z,SAT-EO-01,5652,20.87,86.63,-68.49,-19.6456,-38.7609,,
2026-08-20T09:25:03Z,SAT-EO-01,5653,20.68,86.53,-67.51,-19.2671,-38.7357,,
2026-08-20T09:25:09Z,SAT-EO-01,5654,21.62,86.29,-65.86,-18.8919,-38.7108,,
2026-08-20T09:25:15Z,SAT-EO-01,5655,21.39,87.12,-67.6,-18.5148,-38.6858,,
2026-08-20T09:25:21Z,SAT-EO-01,5656,21.17,86.72,-67.46,-18.1449,-38.6613,,
2026-08-20T09:25:27Z,SAT-EO-01,5657,21.19,86.73,-67.18,-17.7609,-38.6359,,
2026-08-20T09:25:33Z,SAT-EO-01,5658,21.12,86.9,-67.02,-17.3824,-38.611,,
2026-08-20T09:25:39Z,SAT-EO-01,5659,20.57,87.34,-67.85,-17.0044,-38.5861,,
2026-08-20T09:25:45Z,SAT-EO-01,5660,21.37,86.87,-66.15,-16.6246,-38.5612,,
2026-08-20T09:25:51Z,SAT-EO-01,5661,21.29,87.58,-66.19,-16.2514,-38.5368,,
2026-08-20T09:25:57Z,SAT-EO-01,5662,21.53,87.14,-67.75,-15.8773,-38.5123,,
2026-08-20T09:26:03Z,SAT-EO-01,5663,21.44,87.12,-68.43,-15.4886,-38.4869,,
2026-08-20T09:26:09Z,SAT-EO-01,5664,21.79,87.83,-67.39,-15.1046,-38.4619,,
2026-08-20T09:26:15Z,SAT-EO-01,5665,21.21,87.23,-67.45,-14.7272,-38.4374,,
2026-08-20T09:26:20Z,SAT-EO-01,5666,21.18,87.23,-68.0,-14.3513,-38.413,,
2026-08-20T09:26:26Z,SAT-EO-01,5667,21.4,87.53,-68.64,-13.9678,-38.3881,,
2026-08-20T09:26:32Z,SAT-EO-01,5668,21.47,87.36,-68.17,-13.5912,-38.3637,,
2026-08-20T09:26:38Z,SAT-EO-01,5669,21.47,87.42,-68.71,-13.1989,-38.3384,,
2026-08-20T09:26:44Z,SAT-EO-01,5670,21.89,87.59,-67.69,-12.8134,-38.3135,,
2026-08-20T09:26:50Z,SAT-EO-01,5671,21.19,87.44,-66.15,-12.4235,-38.2884,,
2026-08-20T09:26:56Z,SAT-EO-01,5672,21.76,87.55,-67.58,-12.0386,-38.2636,,
2026-08-20T09:27:02Z,SAT-EO-01,5673,21.45,87.98,-67.18,-11.6514,-38.2387,,
2026-08-20T09:27:08Z,SAT-EO-01,5674,22.14,87.93,-67.01,-11.2709,-38.2143,,
2026-08-20T09:27:14Z,SAT-EO-01,5675,22.13,87.78,-66.43,-10.889,-38.1898,,
2026-08-20T09:27:20Z,SAT-EO-01,5676,21.34,87.97,-66.83,-10.4945,-38.1646,,
2026-08-20T09:27:26Z,SAT-EO-01,5677,21.84,87.62,-67.21,-10.1117,-38.1401,,
2026-08-20T09:27:32Z,SAT-EO-01,5678,21.99,88.01,-66.42,-9.7113,-38.1145,,
2026-08-20T09:27:38Z,SAT-EO-01,5679,21.88,88.06,-66.34,-9.3288,-38.0901,,
2026-08-20T09:27:44Z,SAT-EO-01,5680,21.6,88.27,-67.96,-8.9368,-38.0651,,
2026-08-20T09:27:50Z,SAT-EO-01,5681,22.33,88.0,-67.07,-8.5483,-38.0404,,
2026-08-20T09:27:56Z,SAT-EO-01,5682,21.62,88.16,-67.67,-8.1472,-38.0149,,
2026-08-20T09:28:02Z,SAT-EO-01,5683,22.42,88.08,-68.16,-7.7629,-37.9904,,
2026-08-20T09:28:08Z,SAT-EO-01,5684,22.04,88.19,-66.53,-7.3694,-37.9654,,
2026-08-20T09:28:14Z,SAT-EO-01,5685,21.61,88.05,-66.9,-6.9711,-37.9402,,
2026-08-20T09:28:20Z,SAT-EO-01,5686,21.42,88.69,-66.78,-6.5811,-37.9154,,
2026-08-20T09:28:26Z,SAT-EO-01,5687,22.21,88.11,-66.93,-6.1819,-37.8901,,
2026-08-20T09:28:32Z,SAT-EO-01,5688,21.89,88.38,-65.65,-5.7894,-37.8653,,
2026-08-20T09:28:38Z,SAT-EO-01,5689,22.6,88.56,-66.52,-5.3855,-37.8397,,
2026-08-20T09:28:44Z,SAT-EO-01,5690,21.56,88.31,-67.11,-4.9972,-37.8152,,
2026-08-20T09:28:50Z,SAT-EO-01,5691,22.09,88.29,-67.34,-4.6073,-37.7905,,
2026-08-20T09:28:56Z,SAT-EO-01,5692,22.56,88.54,-65.31,-4.205,-37.7651,,
2026-08-20T09:29:02Z,SAT-EO-01,5693,22.55,88.93,-68.26,-3.8142,-37.7405,,
2026-08-20T09:29:08Z,SAT-EO-01,5694,22.12,88.56,-66.73,-3.4195,-37.7155,,
2026-08-20T09:29:14Z,SAT-EO-01,5695,21.94,88.22,-66.97,-3.0255,-37.6907,,
2026-08-20T09:29:20Z,SAT-EO-01,5696,22.62,88.69,-68.07,-2.6278,-37.6656,,
2026-08-20T09:29:26Z,SAT-EO-01,5697,21.77,88.84,-67.05,-2.223,-37.6401,,
2026-08-20T09:29:32Z,SAT-EO-01,5698,22.31,88.82,-67.39,-1.8249,-37.615,,
2026-08-20T09:29:38Z,SAT-EO-01,5699,22.43,89.21,-66.72,-1.4278,-37.59,,
2026-08-20T09:29:44Z,SAT-EO-01,5700,22.39,88.39,-66.64,-1.0378,-37.5654,,
2026-08-20T09:29:50Z,SAT-EO-01,5701,22.15,88.95,-66.05,-0.6404,-37.5403,,
2026-08-20T09:29:56Z,SAT-EO-01,5702,22.98,88.91,-67.43,-0.2383,-37.515,,
2026-08-20T09:30:02Z,SAT-EO-01,5703,22.65,88.81,-67.14,0.1615,-37.4898,,
2026-08-20T09:30:08Z,SAT-EO-01,5704,22.38,89.23,-66.02,0.5653,-37.4644,,
2026-08-20T09:30:14Z,SAT-EO-01,5705,22.63,89.58,-68.22,0.9694,-37.4389,,
2026-08-20T09:30:20Z,SAT-EO-01,5706,23.2,89.12,-67.11,1.3741,-37.4134,,
2026-08-20T09:30:26Z,SAT-EO-01,5707,22.8,89.47,-66.63,1.7672,-37.3886,,
2026-08-20T09:30:32Z,SAT-EO-01,5708,22.47,88.69,-66.84,2.164,-37.3636,,
2026-08-20T09:30:38Z,SAT-EO-01,5709,22.47,89.23,-66.15,2.5677,-37.3382,,
2026-08-20T09:30:44Z,SAT-EO-01,5710,22.38,89.32,-67.08,2.9672,-37.313,,
2026-08-20T09:30:50Z,SAT-EO-01,5711,22.37,89.75,-66.73,3.3667,-37.2878,,
2026-08-20T09:30:56Z,SAT-EO-01,5712,22.3,89.27,-65.71,3.753,-37.2634,,
2026-08-20T09:31:02Z,SAT-EO-01,5713,23.07,89.63,-66.12,4.1429,-37.2388,,
2026-08-20T09:31:08Z,SAT-EO-01,5714,22.32,90.09,-66.01,4.5445,-37.2134,,
2026-08-20T09:31:14Z,SAT-EO-01,5715,23.69,89.73,-66.21,4.9461,-37.1881,,
2026-08-20T09:31:20Z,SAT-EO-01,5716,22.92,89.47,-67.35,5.3362,-37.1634,,
2026-08-20T09:31:26Z,SAT-EO-01,5717,22.31,89.41,-67.31,5.7376,-37.138,,
2026-08-20T09:31:32Z,SAT-EO-01,5718,23.21,89.77,-69.03,6.1229,-37.1136,,
2026-08-20T09:31:38Z,SAT-EO-01,5719,23.45,89.8,-68.28,6.5098,-37.0891,,
2026-08-20T09:31:44Z,SAT-EO-01,5720,22.58,89.39,-67.39,6.901,-37.0643,,
2026-08-20T09:31:50Z,SAT-EO-01,5721,22.98,89.64,-66.35,7.3028,-37.0388,,
2026-08-20T09:31:56Z,SAT-EO-01,5722,23.0,89.67,-66.81,7.6909,-37.0141,,
2026-08-20T09:32:02Z,SAT-EO-01,5723,23.71,90.26,-68.64,8.0932,-36.9886,,
2026-08-20T09:32:08Z,SAT-EO-01,5724,22.86,90.12,-67.03,8.4806,-36.9639,,
2026-08-20T09:32:14Z,SAT-EO-01,5725,23.1,90.17,-67.69,8.8705,-36.9391,,
2026-08-20T09:32:20Z,SAT-EO-01,5726,22.41,90.04,-65.7,9.2671,-36.9138,,
2026-08-20T09:32:26Z,SAT-EO-01,5727,23.49,89.63,-65.75,9.6594,-36.8888,,
2026-08-20T09:32:32Z,SAT-EO-01,5728,23.42,90.36,-67.76,10.0551,-36.8635,,
2026-08-20T09:32:38Z,SAT-EO-01,5729,23.09,90.29,-67.02,10.4367,-36.8391,,
2026-08-20T09:32:44Z,SAT-EO-01,5730,23.92,90.4,-68.25,10.826,-36.8142,,
2026-08-20T09:32:50Z,SAT-EO-01,5731,22.85,90.14,-65.34,11.2229,-36.7888,,
2026-08-20T09:32:56Z,SAT-EO-01,5732,23.5,90.37,-66.38,11.6109,-36.7639,,
2026-08-20T09:33:02Z,SAT-EO-01,5733,23.31,90.03,-68.04,11.9909,-36.7395,,
2026-08-20T09:33:08Z,SAT-EO-01,5734,23.68,90.53,-68.83,12.3887,-36.7139,,
2026-08-20T09:33:14Z,SAT-EO-01,5735,23.54,90.57,-66.35,12.7674,-36.6895,,
2026-08-20T09:33:20Z,SAT-EO-01,5736,23.1,90.62,-67.14,13.1611,-36.6641,,
2026-08-20T09:33:26Z,SAT-EO-01,5737,23.86,90.23,-67.1,13.555,-36.6386,,
2026-08-20T09:33:32Z,SAT-EO-01,5738,24.15,90.28,-67.71,13.933,-36.6141,,
2026-08-20T09:33:38Z,SAT-EO-01,5739,23.85,90.41,-65.87,14.3094,-36.5897,,
2026-08-20T09:33:44Z,SAT-EO-01,5740,23.78,91.14,-66.92,14.6902,-36.565,,
2026-08-20T09:33:50Z,SAT-EO-01,5741,24.2,90.68,-68.17,15.0811,-36.5396,,
2026-08-20T09:33:56Z,SAT-EO-01,5742,23.42,90.72,-67.48,15.4589,-36.515,,
2026-08-20T09:34:02Z,SAT-EO-01,5743,24.14,91.18,-67.57,15.8378,-36.4903,,
2026-08-20T09:34:08Z,SAT-EO-01,5744,23.58,90.69,-68.84,16.2216,-36.4652,,
2026-08-20T09:34:14Z,SAT-EO-01,5745,23.7,91.05,-66.08,16.6073,-36.4399,,
2026-08-20T09:34:20Z,SAT-EO-01,5746,23.84,91.14,-67.89,16.9797,-36.4155,,
2026-08-20T09:34:26Z,SAT-EO-01,5747,23.3,90.66,-68.15,17.3668,-36.39,,
2026-08-20T09:34:32Z,SAT-EO-01,5748,24.18,90.9,-68.67,17.739,-36.3655,,
2026-08-20T09:34:38Z,SAT-EO-01,5749,24.45,91.07,-68.18,18.1092,-36.3411,,
2026-08-20T09:34:44Z,SAT-EO-01,5750,23.9,91.09,-67.47,18.486,-36.3161,,
2026-08-20T09:34:49Z,SAT-EO-01,5751,23.5,91.07,-67.49,18.8549,-36.2917,,
2026-08-20T09:34:55Z,SAT-EO-01,5752,24.18,91.02,-66.45,19.2272,-36.267,,
2026-08-20T09:35:01Z,SAT-EO-01,5753,24.21,90.97,-68.13,19.5958,-36.2424,,
2026-08-20T09:35:07Z,SAT-EO-01,5754,23.79,91.47,-67.0,19.9738,-36.2172,,
2026-08-20T09:35:13Z,SAT-EO-01,5755,23.92,91.08,-68.63,20.3503,-36.192,,
2026-08-20T09:35:19Z,SAT-EO-01,5756,23.41,91.42,-68.67,20.7177,-36.1674,,
2026-08-20T09:35:25Z,SAT-EO-01,5757,23.91,91.43,-68.57,21.0976,-36.1418,,
2026-08-20T09:35:31Z,SAT-EO-01,5758,24.47,91.8,-68.51,21.4639,-36.1172,,
2026-08-20T09:35:37Z,SAT-EO-01,5759,23.53,91.76,-68.39,21.8399,-36.0918,,
2026-08-20T09:35:44Z,SAT-EO-01,5760,24.04,91.53,-67.77,22.217,-36.0662,,
2026-08-20T09:35:50Z,SAT-EO-01,5761,24.35,91.62,-68.19,22.5881,-36.041,,
2026-08-20T09:35:56Z,SAT-EO-01,5762,24.37,91.34,-67.93,22.9593,-36.0157,,
2026-08-20T09:36:02Z,SAT-EO-01,5763,24.08,91.73,-66.87,23.3291,-35.9905,,
2026-08-20T09:36:08Z,SAT-EO-01,5764,24.77,92.02,-69.37,23.6877,-35.9659,,
2026-08-20T09:36:14Z,SAT-EO-01,5765,25.11,91.94,-69.24,24.0452,-35.9414,,
2026-08-20T09:36:20Z,SAT-EO-01,5766,24.08,91.81,-68.25,24.4138,-35.916,,
2026-08-20T09:36:26Z,SAT-EO-01,5767,24.14,91.68,-68.33,24.7675,-35.8916,,
2026-08-20T09:36:32Z,SAT-EO-01,5768,24.51,91.64,-67.1,25.1334,-35.8662,,
2026-08-20T09:36:38Z,SAT-EO-01,5769,24.04,91.93,-67.97,25.494,-35.8412,,
2026-08-20T09:36:44Z,SAT-EO-01,5770,24.74,91.91,-68.41,25.8595,-35.8157,,
2026-08-20T09:36:50Z,SAT-EO-01,5771,24.5,92.34,-68.21,26.2229,-35.7903,,
2026-08-20T09:36:56Z,SAT-EO-01,5772,24.48,92.66,-68.29,26.5851,-35.7649,,
2026-08-20T09:37:02Z,SAT-EO-01,5773,24.11,91.98,-67.61,26.9387,-35.74,,
2026-08-20T09:37:08Z,SAT-EO-01,5774,24.91,92.23,-68.72,27.2903,-35.7152,,
2026-08-20T09:37:14Z,SAT-EO-01,5775,25.01,92.16,-70.21,27.6433,-35.6901,,
2026-08-20T09:37:20Z,SAT-EO-01,5776,24.63,92.34,-67.3,27.989,-35.6656,,
2026-08-20T09:37:26Z,SAT-EO-01,5777,24.3,92.77,-67.12,28.3323,-35.6411,,
2026-08-20T09:37:32Z,SAT-EO-01,5778,24.88,92.74,-68.08,28.6737,-35.6166,,
2026-08-20T09:37:38Z,SAT-EO-01,5779,24.98,92.44,-67.66,29.0216,-35.5916,,
2026-08-20T09:37:44Z,SAT-EO-01,5780,24.89,92.69,-68.08,29.3744,-35.5662,,
2026-08-20T09:37:50Z,SAT-EO-01,5781,24.79,92.4,-68.91,29.7232,-35.5409,,
2026-08-20T09:37:56Z,SAT-EO-01,5782,24.52,92.23,-69.45,30.0654,-35.5161,,
2026-08-20T09:38:02Z,SAT-EO-01,5783,25.33,92.51,-68.35,30.4025,-35.4915,,
2026-08-20T09:38:08Z,SAT-EO-01,5784,24.9,92.36,-67.77,30.7426,-35.4666,,
2026-08-20T09:38:13Z,SAT-EO-01,5785,25.23,92.96,-68.23,31.0751,-35.4421,,
2026-08-20T09:38:19Z,SAT-EO-01,5786,25.29,92.76,-67.84,31.4081,-35.4176,,
2026-08-20T09:38:25Z,SAT-EO-01,5787,24.62,92.95,-68.85,31.7507,-35.3922,,
2026-08-20T09:38:31Z,SAT-EO-01,5788,24.79,93.07,-69.61,32.0861,-35.3672,,
2026-08-20T09:38:37Z,SAT-EO-01,5789,25.4,92.54,-68.39,32.4145,-35.3427,,
2026-08-20T09:38:43Z,SAT-EO-01,5790,24.67,92.94,-69.41,32.7398,-35.3183,,
2026-08-20T09:38:49Z,SAT-EO-01,5791,24.86,93.41,-67.94,33.0751,-35.293,,
2026-08-20T09:38:55Z,SAT-EO-01,5792,25.25,92.95,-68.66,33.4132,-35.2675,,
2026-08-20T09:39:01Z,SAT-EO-01,5793,24.68,92.99,-68.59,33.7452,-35.2422,,
2026-08-20T09:39:07Z,SAT-EO-01,5794,24.92,92.7,-67.3,34.0776,-35.2168,,
2026-08-20T09:39:13Z,SAT-EO-01,5795,24.79,92.57,-68.35,34.3957,-35.1924,,
2026-08-20T09:39:19Z,SAT-EO-01,5796,25.09,92.48,-68.75,34.7138,-35.1679,,
2026-08-20T09:39:25Z,SAT-EO-01,5797,25.06,93.36,-69.05,35.0446,-35.1423,,
2026-08-20T09:39:31Z,SAT-EO-01,5798,25.16,92.75,-68.84,35.3606,-35.1177,,
2026-08-20T09:39:37Z,SAT-EO-01,5799,24.85,92.9,-69.26,35.6826,-35.0925,,
2026-08-20T09:39:43Z,SAT-EO-01,5800,25.08,93.67,-69.16,35.9944,-35.0681,,
2026-08-20T09:39:49Z,SAT-EO-01,5801,25.16,93.12,-69.66,36.315,-35.0427,,
2026-08-20T09:39:55Z,SAT-EO-01,5802,25.14,93.51,-70.37,36.628,-35.0179,,
2026-08-20T09:40:01Z,SAT-EO-01,5803,25.84,93.24,-69.56,36.9475,-34.9924,,
2026-08-20T09:40:07Z,SAT-EO-01,5804,25.15,93.47,-70.8,37.2532,-34.9679,,
2026-08-20T09:40:13Z,SAT-EO-01,5805,25.14,93.7,-67.84,37.571,-34.9423,,
2026-08-20T09:40:19Z,SAT-EO-01,5806,25.75,93.54,-68.1,37.8846,-34.9169,,
2026-08-20T09:40:25Z,SAT-EO-01,5807,25.16,93.55,-68.93,38.194,-34.8917,,
2026-08-20T09:40:32Z,SAT-EO-01,5808,25.04,93.57,-69.52,38.5046,-34.8663,,
2026-08-20T09:40:38Z,SAT-EO-01,5809,24.77,93.21,-69.65,38.8038,-34.8416,,
2026-08-20T09:40:44Z,SAT-EO-01,5810,25.56,93.59,-70.64,39.1052,-34.8167,,
2026-08-20T09:40:50Z,SAT-EO-01,5811,25.78,93.45,-70.24,39.4106,-34.7912,,
2026-08-20T09:40:56Z,SAT-EO-01,5812,25.77,94.03,-69.0,39.7042,-34.7666,,
2026-08-20T09:41:01Z,SAT-EO-01,5813,25.18,93.9,-70.05,39.9992,-34.7417,,
2026-08-20T09:41:07Z,SAT-EO-01,5814,25.52,94.22,-67.55,40.2918,-34.7169,,
2026-08-20T09:41:13Z,SAT-EO-01,5815,25.29,93.98,-71.03,40.5807,-34.6923,,
2026-08-20T09:41:19Z,SAT-EO-01,5816,25.76,93.91,-70.75,40.871,-34.6674,,
2026-08-20T09:41:25Z,SAT-EO-01,5817,25.12,93.77,-71.2,41.1596,-34.6425,,
2026-08-20T09:41:31Z,SAT-EO-01,5818,26.17,93.85,-69.36,41.4496,-34.6173,,
2026-08-20T09:41:37Z,SAT-EO-01,5819,25.71,93.9,-69.45,41.7397,-34.5919,,
2026-08-20T09:41:44Z,SAT-EO-01,5820,25.48,93.51,-70.68,42.0296,-34.5664,,
2026-08-20T09:41:50Z,SAT-EO-01,5821,25.18,94.31,-70.51,42.3183,-34.5409,,
2026-08-20T09:41:56Z,SAT-EO-01,5822,26.04,94.53,-68.82,42.5941,-34.5163,,
2026-08-20T09:42:02Z,SAT-EO-01,5823,26.18,93.96,-69.5,42.8772,-34.4909,,
2026-08-20T09:42:08Z,SAT-EO-01,5824,25.12,94.29,-70.36,43.1498,-34.4662,,
2026-08-20T09:42:14Z,SAT-EO-01,5825,25.54,94.28,-70.83,43.4207,-34.4416,,
2026-08-20T09:42:20Z,SAT-EO-01,5826,26.09,93.84,-69.14,43.6958,-34.4164,,
2026-08-20T09:42:26Z,SAT-EO-01,5827,26.0,94.1,-71.0,43.9664,-34.3914,,
2026-08-20T09:42:32Z,SAT-EO-01,5828,25.62,94.47,-69.42,44.2337,-34.3666,,
2026-08-20T09:42:38Z,SAT-EO-01,5829,25.71,94.35,-69.0,44.5065,-34.3411,,
2026-08-20T09:42:44Z,SAT-EO-01,5830,25.75,94.06,-71.91,44.7771,-34.3155,,
2026-08-20T09:42:50Z,SAT-EO-01,5831,25.77,93.7,-71.0,45.0455,-34.29,,
2026-08-20T09:42:56Z,SAT-EO-01,5832,25.5,94.26,-69.18,45.3048,-34.2652,,
2026-08-20T09:43:02Z,SAT-EO-01,5833,25.61,94.7,-69.42,45.5576,-34.2408,,
2026-08-20T09:43:08Z,SAT-EO-01,5834,26.5,94.17,-69.2,45.8146,-34.2159,,
2026-08-20T09:43:14Z,SAT-EO-01,5835,25.65,94.22,-70.12,46.0726,-34.1906,,
2026-08-20T09:43:20Z,SAT-EO-01,5836,25.71,94.0,-70.71,46.3225,-34.1659,,
2026-08-20T09:43:26Z,SAT-EO-01,5837,25.67,94.74,-69.67,46.5747,-34.1408,,
2026-08-20T09:43:32Z,SAT-EO-01,5838,26.14,94.21,-69.71,46.8188,-34.1163,,
2026-08-20T09:43:37Z,SAT-EO-01,5839,25.5,94.55,-70.65,47.0613,-34.0918,,
2026-08-20T09:43:43Z,SAT-EO-01,5840,25.72,94.29,-70.03,47.3075,-34.0667,,
2026-08-20T09:43:50Z,SAT-EO-01,5841,26.07,94.7,-70.65,47.5547,-34.0413,,
2026-08-20T09:43:55Z,SAT-EO-01,5842,26.64,94.42,-71.01,47.7905,-34.0168,,
2026-08-20T09:44:02Z,SAT-EO-01,5843,26.32,94.29,-70.11,48.0352,-33.9912,,
2026-08-20T09:44:08Z,SAT-EO-01,5844,25.66,94.56,-70.7,48.2685,-33.9666,,
2026-08-20T09:44:14Z,SAT-EO-01,5845,26.3,94.89,-70.8,48.5078,-33.9411,,
2026-08-20T09:44:20Z,SAT-EO-01,5846,25.74,94.78,-72.11,48.7377,-33.9163,,
2026-08-20T09:44:26Z,SAT-EO-01,5847,26.21,94.43,-69.83,48.9666,-33.8915,,
2026-08-20T09:44:31Z,SAT-EO-01,5848,25.94,94.47,-69.42,49.1903,-33.867,,
2026-08-20T09:44:37Z,SAT-EO-01,5849,26.05,94.99,-70.79,49.4154,-33.8421,,
2026-08-20T09:44:43Z,SAT-EO-01,5850,26.27,94.41,-71.64,49.6401,-33.817,,
2026-08-20T09:44:50Z,SAT-EO-01,5851,26.64,95.13,-70.22,49.8667,-33.7915,,
2026-08-20T09:44:56Z,SAT-EO-01,5852,26.17,95.02,-72.43,50.0887,-33.7662,,
2026-08-20T09:45:02Z,SAT-EO-01,5853,26.28,94.6,-72.2,50.3053,-33.7413,,
2026-08-20T09:45:08Z,SAT-EO-01,5854,25.84,95.0,-72.2,50.5202,-33.7163,,
2026-08-20T09:45:13Z,SAT-EO-01,5855,26.29,94.82,-72.32,50.7304,-33.6917,,
2026-08-20T09:45:20Z,SAT-EO-01,5856,26.22,94.85,-71.27,50.9442,-33.6663,,
2026-08-20T09:45:26Z,SAT-EO-01,5857,26.17,94.5,-70.57,51.1575,-33.6407,,
2026-08-20T09:45:32Z,SAT-EO-01,5858,26.02,94.76,-70.77,51.3636,-33.6158,,
2026-08-20T09:45:38Z,SAT-EO-01,5859,26.86,95.02,-72.21,51.5639,-33.5912,,
2026-08-20T09:45:44Z,SAT-EO-01,5860,26.05,95.13,-72.3,51.769,-33.5658,,
2026-08-20T09:45:50Z,SAT-EO-01,5861,26.1,94.96,-70.91,51.973,-33.5402,,
2026-08-20T09:45:56Z,SAT-EO-01,5862,26.01,94.92,-72.0,52.1735,-33.5148,,
2026-08-20T09:46:02Z,SAT-EO-01,5863,26.73,95.06,-71.9,52.3636,-33.4904,,
2026-08-20T09:46:08Z,SAT-EO-01,5864,25.98,95.21,-69.67,52.5589,-33.4651,,
2026-08-20T09:46:14Z,SAT-EO-01,5865,26.44,94.92,-73.14,52.75,-33.4399,,
2026-08-20T09:46:20Z,SAT-EO-01,5866,26.53,95.63,-70.3,52.9383,-33.4149,,
2026-08-20T09:46:26Z,SAT-EO-01,5867,26.61,94.59,-71.09,53.1272,-33.3894,,
2026-08-20T09:46:32Z,SAT-EO-01,5868,26.3,95.21,-71.75,53.3083,-33.3647,,
2026-08-20T09:46:38Z,SAT-EO-01,5869,26.55,94.87,-71.94,53.4894,-33.3397,,
2026-08-20T09:46:44Z,SAT-EO-01,5870,26.14,95.22,-72.31,53.6688,-33.3146,,
2026-08-20T09:46:50Z,SAT-EO-01,5871,26.74,94.93,-70.41,53.8434,-33.2899,,
2026-08-20T09:46:56Z,SAT-EO-01,5872,26.97,95.07,-72.41,54.0143,-33.2653,,
2026-08-20T09:47:02Z,SAT-EO-01,5873,25.86,95.21,-72.0,54.1863,-33.2402,,
2026-08-20T09:47:08Z,SAT-EO-01,5874,26.61,95.41,-72.24,54.3595,-33.2146,,
2026-08-20T09:47:14Z,SAT-EO-01,5875,26.07,95.08,-71.57,54.5252,-33.1898,,
2026-08-20T09:47:20Z,SAT-EO-01,5876,26.2,95.31,-72.22,54.6899,-33.1648,,
2026-08-20T09:47:26Z,SAT-EO-01,5877,26.25,95.37,-72.58,54.8558,-33.1391,,
2026-08-20T09:47:32Z,SAT-EO-01,5878,26.32,95.28,-73.65,55.0155,-33.1141,,
2026-08-20T09:47:38Z,SAT-EO-01,5879,26.46,95.38,-72.19,55.17,-33.0895,,
2026-08-20T09:47:44Z,SAT-EO-01,5880,26.72,95.36,-73.82,55.3268,-33.0642,,
2026-08-20T09:47:50Z,SAT-EO-01,5881,26.95,95.59,-72.91,55.4776,-33.0395,,
2026-08-20T09:47:56Z,SAT-EO-01,5882,26.39,95.62,-73.08,55.6288,-33.0143,,
2026-08-20T09:48:02Z,SAT-EO-01,5883,26.78,96.1,-71.93,55.7733,-32.9898,,
2026-08-20T09:48:08Z,SAT-EO-01,5884,26.41,95.37,-73.16,55.918,-32.9648,,
2026-08-20T09:48:14Z,SAT-EO-01,5885,26.45,95.61,-72.66,56.0606,-32.9398,,
2026-08-20T09:48:20Z,SAT-EO-01,5886,27.05,95.8,-73.0,56.2015,-32.9147,,
2026-08-20T09:48:26Z,SAT-EO-01,5887,26.18,95.65,-72.83,56.3407,-32.8894,,
2026-08-20T09:48:32Z,SAT-EO-01,5888,26.24,95.9,-73.21,56.4736,-32.8649,,
2026-08-20T09:48:38Z,SAT-EO-01,5889,26.34,95.42,-72.65,56.6086,-32.8395,,
2026-08-20T09:48:44Z,SAT-EO-01,5890,26.73,96.02,-71.0,56.7401,-32.8142,,
2026-08-20T09:48:50Z,SAT-EO-01,5891,26.61,96.02,-72.23,56.8671,-32.7894,,
2026-08-20T09:48:56Z,SAT-EO-01,5892,27.48,96.02,-71.88,56.9909,-32.7647,,
2026-08-20T09:49:02Z,SAT-EO-01,5893,26.57,95.62,-73.14,57.1166,-32.7391,,
2026-08-20T09:49:08Z,SAT-EO-01,5894,26.66,95.68,-71.62,57.2389,-32.7137,,
2026-08-20T09:49:14Z,SAT-EO-01,5895,26.88,95.44,-70.93,57.3548,-32.6891,,
2026-08-20T09:49:20Z,SAT-EO-01,5896,26.83,95.63,-72.55,57.469,-32.6643,,
2026-08-20T09:49:26Z,SAT-EO-01,5897,27.09,95.68,-73.48,57.5824,-32.6392,,
2026-08-20T09:49:32Z,SAT-EO-01,5898,27.41,95.83,-72.68,57.6913,-32.6145,,
2026-08-20T09:49:38Z,SAT-EO-01,5899,26.33,95.78,-72.93,57.7999,-32.5893,,
2026-08-20T09:49:44Z,SAT-EO-01,5900,27.02,95.65,-72.9,57.9038,-32.5646,,
2026-08-20T09:49:50Z,SAT-EO-01,5901,27.43,96.08,-75.24,58.0088,-32.539,,
2026-08-20T09:49:56Z,SAT-EO-01,5902,27.26,95.33,-72.93,58.1068,-32.5146,,
2026-08-20T09:50:02Z,SAT-EO-01,5903,26.63,95.51,-73.73,58.2033,-32.4899,,
2026-08-20T09:50:08Z,SAT-EO-01,5904,26.51,95.83,-72.1,58.3007,-32.4643,,
2026-08-20T09:50:14Z,SAT-EO-01,5905,27.07,95.8,-73.73,58.3954,-32.4387,,
2026-08-20T09:50:20Z,SAT-EO-01,5906,27.06,95.67,-73.59,58.4861,-32.4134,,
2026-08-20T09:50:26Z,SAT-EO-01,5907,26.77,96.0,-72.58,58.5722,-32.3888,,
2026-08-20T09:50:32Z,SAT-EO-01,5908,26.91,95.81,-73.46,58.6555,-32.3642,,
2026-08-20T09:50:38Z,SAT-EO-01,5909,26.54,95.58,-74.17,58.738,-32.3391,,
2026-08-20T09:50:44Z,SAT-EO-01,5910,26.66,95.98,-72.43,58.8193,-32.3136,,
2026-08-20T09:50:50Z,SAT-EO-01,5911,26.8,95.44,-73.42,58.8949,-32.2891,,
2026-08-20T09:50:56Z,SAT-EO-01,5912,26.76,96.19,-72.55,58.9687,-32.2644,,
2026-08-20T09:51:02Z,SAT-EO-01,5913,26.77,95.36,-71.79,59.0401,-32.2395,,
2026-08-20T09:51:08Z,SAT-EO-01,5914,27.19,95.45,-71.71,59.109,-32.2147,,
2026-08-20T09:51:14Z,SAT-EO-01,5915,26.76,95.73,-72.08,59.1765,-32.1895,,
2026-08-20T09:51:20Z,SAT-EO-01,5916,26.88,95.32,-73.77,59.241,-32.1644,,
2026-08-20T09:51:26Z,SAT-EO-01,5917,27.09,96.01,-71.94,59.3029,-32.1393,,
2026-08-20T09:51:32Z,SAT-EO-01,5918,27.44,96.2,-73.19,59.3632,-32.1137,,
2026-08-20T09:51:38Z,SAT-EO-01,5919,27.57,95.92,-73.74,59.4207,-32.0882,,
2026-08-20T09:51:44Z,SAT-EO-01,5920,26.83,95.89,-74.0,59.4747,-32.0631,,
2026-08-20T09:51:50Z,SAT-EO-01,5921,26.4,96.2,-74.33,59.5267,-32.0376,,
2026-08-20T09:51:56Z,SAT-EO-01,5922,26.43,95.86,-74.05,59.5742,-32.0131,,
2026-08-20T09:52:02Z,SAT-EO-01,5923,27.59,95.97,-72.1,59.6211,-31.9875,,
2026-08-20T09:52:08Z,SAT-EO-01,5924,27.25,95.93,-73.97,59.6642,-31.9626,,
2026-08-20T09:52:15Z,SAT-EO-01,5925,26.74,96.01,-73.32,59.7051,-31.9374,,
2026-08-20T09:52:21Z,SAT-EO-01,5926,26.7,95.66,-73.23,59.7436,-31.9121,,
2026-08-20T09:52:27Z,SAT-EO-01,5927,26.45,96.53,-73.13,59.7789,-31.8871,,
2026-08-20T09:52:33Z,SAT-EO-01,5928,27.14,95.92,-73.68,59.8119,-31.8619,,
2026-08-20T09:52:39Z,SAT-EO-01,5929,27.15,95.63,-71.35,59.8423,-31.8366,,
2026-08-20T09:52:45Z,SAT-EO-01,5930,27.08,95.98,-72.94,59.8693,-31.8121,,
2026-08-20T09:52:50Z,SAT-EO-01,5931,26.81,95.87,-74.94,59.8937,-31.7876,,
2026-08-20T09:52:57Z,SAT-EO-01,5932,26.96,95.72,-73.32,59.9165,-31.762,,
2026-08-20T09:53:03Z,SAT-EO-01,5933,26.99,95.59,-72.87,59.9359,-31.7373,,
2026-08-20T09:53:09Z,SAT-EO-01,5934,26.34,96.18,-72.22,59.953,-31.7121,,
2026-08-20T09:53:15Z,SAT-EO-01,5935,27.04,95.74,-74.61,59.9672,-31.6874,,
2026-08-20T09:53:21Z,SAT-EO-01,5936,27.11,96.71,-72.67,59.9792,-31.6621,,
2026-08-20T09:53:27Z,SAT-EO-01,5937,25.72,95.88,-74.1,59.9884,-31.6369,,
2026-08-20T09:53:33Z,SAT-EO-01,5938,26.72,95.89,-73.14,59.995,-31.6113,,
2026-08-20T09:53:39Z,SAT-EO-01,5939,27.09,96.27,-72.49,59.9988,-31.5867,,
2026-08-20T09:53:45Z,SAT-EO-01,5940,27.2,95.68,-72.84,60.0,-31.5613,,
2026-08-20T09:53:51Z,SAT-EO-01,5941,26.33,96.26,-73.06,59.9986,-31.5368,,
2026-08-20T09:53:57Z,SAT-EO-01,5942,28.03,95.79,-72.5,59.9946,-31.5116,,
2026-08-20T09:54:03Z,SAT-EO-01,5943,27.12,96.01,-73.24,59.9879,-31.4864,,
2026-08-20T09:54:09Z,SAT-EO-01,5944,27.41,95.93,-73.72,59.9785,-31.4613,,
2026-08-20T09:54:15Z,SAT-EO-01,5945,26.89,96.58,-72.61,59.9664,-31.436,,
2026-08-20T09:54:21Z,SAT-EO-01,5946,26.82,96.1,-72.05,59.952,-31.4113,,
2026-08-20T09:54:27Z,SAT-EO-01,5947,26.61,96.61,-73.38,59.9349,-31.3864,,
2026-08-20T09:54:33Z,SAT-EO-01,5948,27.74,96.21,-73.38,59.915,-31.3613,,
2026-08-20T09:54:39Z,SAT-EO-01,5949,27.33,95.86,-74.03,59.8923,-31.336,,
2026-08-20T09:54:45Z,SAT-EO-01,5950,26.97,96.17,-72.64,59.8678,-31.3115,,
2026-08-20T09:54:51Z,SAT-EO-01,5951,26.67,96.08,-73.18,59.8397,-31.2862,,
2026-08-20T09:54:57Z,SAT-EO-01,5952,26.74,96.08,-71.76,59.8089,-31.2607,,
2026-08-20T09:55:03Z,SAT-EO-01,5953,27.46,96.02,-72.53,59.7767,-31.2363,,
2026-08-20T09:55:09Z,SAT-EO-01,5954,26.88,95.9,-72.01,59.7417,-31.2116,,
2026-08-20T09:55:15Z,SAT-EO-01,5955,26.38,96.65,-73.2,59.703,-31.1863,,
2026-08-20T09:55:21Z,SAT-EO-01,5956,27.43,96.03,-73.56,59.6616,-31.1609,,
2026-08-20T09:55:27Z,SAT-EO-01,5957,26.9,96.03,-73.94,59.6178,-31.1356,,
2026-08-20T09:55:33Z,SAT-EO-01,5958,27.66,96.07,-72.38,59.572,-31.1108,,
2026-08-20T09:55:39Z,SAT-EO-01,5959,27.3,96.02,-73.22,59.5237,-31.0859,,
2026-08-20T09:55:45Z,SAT-EO-01,5960,27.33,96.23,-73.1,59.4719,-31.0606,,
2026-08-20T09:55:51Z,SAT-EO-01,5961,26.92,95.95,-71.9,59.418,-31.0356,,
2026-08-20T09:55:57Z,SAT-EO-01,5962,27.72,96.05,-72.68,59.3612,-31.0104,,
2026-08-20T09:56:03Z,SAT-EO-01,5963,27.15,95.79,-72.62,59.3013,-30.9851,,
2026-08-20T09:56:09Z,SAT-EO-01,5964,26.62,95.92,-71.7,59.2384,-30.9596,,
2026-08-20T09:56:15Z,SAT-EO-01,5965,27.08,95.88,-72.55,59.1747,-30.9348,,
2026-08-20T09:56:21Z,SAT-EO-01,5966,26.46,96.07,-73.42,59.1092,-30.9104,,
2026-08-20T09:56:27Z,SAT-EO-01,5967,26.93,95.97,-73.25,59.0405,-30.8856,,
2026-08-20T09:56:33Z,SAT-EO-01,5968,26.93,95.92,-73.83,58.9669,-30.86,,
2026-08-20T09:56:39Z,SAT-EO-01,5969,27.55,95.6,-73.53,58.8927,-30.8352,,
2026-08-20T09:56:45Z,SAT-EO-01,5970,27.07,95.79,-71.63,58.8155,-30.8102,,
2026-08-20T09:56:51Z,SAT-EO-01,5971,26.54,95.69,-72.99,58.7371,-30.7856,,
2026-08-20T09:56:57Z,SAT-EO-01,5972,26.57,95.89,-73.29,58.6546,-30.7605,,
2026-08-20T09:57:03Z,SAT-EO-01,5973,26.97,95.48,-72.4,58.5677,-30.7349,,
2026-08-20T09:57:09Z,SAT-EO-01,5974,26.75,96.0,-72.24,58.479,-30.7096,,
2026-08-20T09:57:15Z,SAT-EO-01,5975,26.59,96.14,-73.32,58.3902,-30.6849,,
2026-08-20T09:57:21Z,SAT-EO-01,5976,27.0,95.37,-73.12,58.2966,-30.6597,,
2026-08-20T09:57:27Z,SAT-EO-01,5977,26.27,95.07,-73.35,58.2,-30.6343,,
2026-08-20T09:57:33Z,SAT-EO-01,5978,27.34,95.97,-72.06,58.103,-30.6095,,
2026-08-20T09:57:39Z,SAT-EO-01,5979,26.72,95.65,-73.67,58.0052,-30.5851,,
2026-08-20T09:57:45Z,SAT-EO-01,5980,26.51,95.64,-72.21,57.9016,-30.5599,,
2026-08-20T09:57:51Z,SAT-EO-01,5981,26.87,95.17,-71.89,57.7959,-30.5348,,
2026-08-20T09:57:57Z,SAT-EO-01,5982,26.92,95.79,-73.13,57.6898,-30.5102,,
2026-08-20T09:58:03Z,SAT-EO-01,5983,26.19,95.85,-72.08,57.58,-30.4853,,
2026-08-20T09:58:09Z,SAT-EO-01,5984,26.38,94.84,-73.44,57.4687,-30.4606,,
2026-08-20T09:58:15Z,SAT-EO-01,5985,26.59,95.85,-72.43,57.3536,-30.4357,,
2026-08-20T09:58:21Z,SAT-EO-01,5986,26.83,95.53,-73.12,57.2368,-30.4109,,
2026-08-20T09:58:27Z,SAT-EO-01,5987,26.58,95.68,-72.9,57.1176,-30.3861,,
2026-08-20T09:58:33Z,SAT-EO-01,5988,26.66,95.74,-71.53,56.9963,-30.3614,,
2026-08-20T09:58:39Z,SAT-EO-01,5989,26.86,95.72,-71.89,56.8728,-30.3367,,
2026-08-20T09:58:45Z,SAT-EO-01,5990,26.92,95.03,-72.35,56.7443,-30.3116,,
2026-08-20T09:58:51Z,SAT-EO-01,5991,27.08,95.64,-71.74,56.616,-30.2869,,
2026-08-20T09:58:57Z,SAT-EO-01,5992,26.8,95.85,-71.24,56.4843,-30.2621,,
2026-08-20T09:59:03Z,SAT-EO-01,5993,26.3,95.73,-72.33,56.3481,-30.2369,,
2026-08-20T09:59:09Z,SAT-EO-01,5994,26.5,95.86,-72.75,56.211,-30.212,,
2026-08-20T09:59:15Z,SAT-EO-01,5995,26.63,95.75,-71.48,56.0693,-30.1867,,
2026-08-20T09:59:21Z,SAT-EO-01,5996,26.75,95.61,-71.94,55.9232,-30.1611,,
2026-08-20T09:59:27Z,SAT-EO-01,5997,26.99,95.17,-72.59,55.7764,-30.1358,,
2026-08-20T09:59:33Z,SAT-EO-01,5998,26.01,95.46,-71.98,55.6298,-30.1109,,
2026-08-20T09:59:39Z,SAT-EO-01,5999,27.15,95.17,-71.51,55.4793,-30.0858,,
2026-08-20T09:59:45Z,SAT-EO-01,6000,26.69,95.63,-72.69,55.3301,-30.0613,,
2026-08-20T09:59:51Z,SAT-EO-01,6001,26.64,95.12,-72.38,55.1764,-30.0365,,
2026-08-20T09:59:57Z,SAT-EO-01,6002,26.67,95.44,-70.94,55.0209,-30.0117,,
2026-08-20T10:00:03Z,SAT-EO-01,6003,26.92,95.06,-71.61,54.8652,-29.9873,,
2026-08-20T10:00:09Z,SAT-EO-01,6004,26.44,95.59,-72.03,54.7019,-29.9621,,
2026-08-20T10:00:15Z,SAT-EO-01,6005,26.84,95.07,-73.43,54.5386,-29.9372,,
2026-08-20T10:00:21Z,SAT-EO-01,6006,26.87,94.95,-72.54,54.3733,-29.9124,,
2026-08-20T10:00:27Z,SAT-EO-01,6007,26.29,95.82,-73.22,54.2025,-29.8872,,
2026-08-20T10:00:33Z,SAT-EO-01,6008,26.11,95.25,-72.18,54.033,-29.8624,,
2026-08-20T10:00:38Z,SAT-EO-01,6009,27.07,95.35,-71.37,53.8609,-29.8377,,
2026-08-20T10:00:45Z,SAT-EO-01,6010,26.48,95.61,-70.47,53.682,-29.8122,,
2026-08-20T10:00:50Z,SAT-EO-01,6011,26.76,95.63,-70.21,53.5069,-29.7877,,
2026-08-20T10:00:56Z,SAT-EO-01,6012,26.52,94.61,-71.28,53.3266,-29.7628,,
2026-08-20T10:01:02Z,SAT-EO-01,6013,26.4,95.31,-71.83,53.1416,-29.7375,,
2026-08-20T10:01:08Z,SAT-EO-01,6014,26.54,95.36,-70.63,52.9568,-29.7126,,
2026-08-20T10:01:14Z,SAT-EO-01,6015,26.64,95.64,-70.95,52.7698,-29.6877,,
2026-08-20T10:01:20Z,SAT-EO-01,6016,25.98,94.58,-70.74,52.5827,-29.6631,,
2026-08-20T10:01:26Z,SAT-EO-01,6017,27.2,95.17,-71.72,52.3923,-29.6383,,
2026-08-20T10:01:32Z,SAT-EO-01,6018,27.05,95.07,-71.78,52.1988,-29.6134,,
2026-08-20T10:01:38Z,SAT-EO-01,6019,26.14,94.5,-72.26,51.9985,-29.588,,
2026-08-20T10:01:44Z,SAT-EO-01,6020,26.05,94.8,-69.76,51.8038,-29.5636,,
2026-08-20T10:01:50Z,SAT-EO-01,6021,26.86,95.08,-70.79,51.6014,-29.5384,,
2026-08-20T10:01:56Z,SAT-EO-01,6022,26.62,95.14,-71.56,51.3978,-29.5134,,
2026-08-20T10:02:02Z,SAT-EO-01,6023,26.25,94.69,-71.0,51.1965,-29.489,,
2026-08-20T10:02:08Z,SAT-EO-01,6024,26.92,95.12,-73.44,50.9886,-29.464,,
2026-08-20T10:02:14Z,SAT-EO-01,6025,26.19,94.77,-70.75,50.7819,-29.4394,,
2026-08-20T10:02:20Z,SAT-EO-01,6026,26.87,95.31,-69.66,50.5697,-29.4144,,
2026-08-20T10:02:26Z,SAT-EO-01,6027,26.84,95.08,-69.94,50.3571,-29.3897,,
2026-08-20T10:02:32Z,SAT-EO-01,6028,26.18,94.65,-71.53,50.1393,-29.3646,,
2026-08-20T10:02:38Z,SAT-EO-01,6029,26.58,95.09,-70.75,49.9248,-29.3401,,
2026-08-20T10:02:44Z,SAT-EO-01,6030,26.31,95.31,-70.28,49.7053,-29.3153,,
2026-08-20T10:02:50Z,SAT-EO-01,6031,26.29,94.75,-70.73,49.4765,-29.2897,,
2026-08-20T10:02:56Z,SAT-EO-01,6032,25.99,95.17,-69.83,49.2495,-29.2645,,
2026-08-20T10:03:02Z,SAT-EO-01,6033,25.91,94.7,-70.5,49.0171,-29.239,,
2026-08-20T10:03:08Z,SAT-EO-01,6034,26.35,94.62,-71.01,48.7814,-29.2134,,
2026-08-20T10:03:14Z,SAT-EO-01,6035,26.31,94.69,-70.11,48.5524,-29.1887,,
2026-08-20T10:03:20Z,SAT-EO-01,6036,26.56,94.57,-70.72,48.3211,-29.164,,
2026-08-20T10:03:26Z,SAT-EO-01,6037,25.74,94.47,-69.29,48.0798,-29.1385,,
2026-08-20T10:03:32Z,SAT-EO-01,6038,26.19,94.28,-69.67,47.8414,-29.1135,,
2026-08-20T10:03:38Z,SAT-EO-01,6039,26.04,94.36,-71.7,47.6066,-29.0891,,
2026-08-20T10:03:44Z,SAT-EO-01,6040,26.23,94.16,-70.61,47.3631,-29.064,,
2026-08-20T10:03:50Z,SAT-EO-01,6041,25.76,94.78,-70.05,47.1228,-29.0395,,
2026-08-20T10:03:56Z,SAT-EO-01,6042,25.71,94.63,-70.97,46.8732,-29.0142,,
2026-08-20T10:04:02Z,SAT-EO-01,6043,25.69,93.97,-71.32,46.6221,-28.9889,,
2026-08-20T10:04:08Z,SAT-EO-01,6044,26.22,94.54,-68.92,46.3717,-28.964,,
2026-08-20T10:04:14Z,SAT-EO-01,6045,25.47,94.43,-69.85,46.1175,-28.9388,,
2026-08-20T10:04:20Z,SAT-EO-01,6046,25.09,94.13,-69.01,45.8591,-28.9135,,
2026-08-20T10:04:26Z,SAT-EO-01,6047,25.86,94.26,-71.41,45.5961,-28.8879,,
2026-08-20T10:04:32Z,SAT-EO-01,6048,25.66,94.54,-71.35,45.3355,-28.8627,,
2026-08-20T10:04:39Z,SAT-EO-01,6049,25.69,94.38,-70.75,45.0696,-28.8373,,
2026-08-20T10:04:45Z,SAT-EO-01,6050,25.88,94.18,-69.25,44.8092,-28.8125,,
2026-08-20T10:04:50Z,SAT-EO-01,6051,25.36,94.13,-70.53,44.549,-28.7879,,
2026-08-20T10:04:56Z,SAT-EO-01,6052,24.96,94.19,-69.71,44.2842,-28.7631,,
2026-08-20T10:05:02Z,SAT-EO-01,6053,26.06,94.43,-70.33,44.0108,-28.7377,,
2026-08-20T10:05:08Z,SAT-EO-01,6054,25.78,93.89,-70.44,43.7386,-28.7125,,
2026-08-20T10:05:14Z,SAT-EO-01,6055,26.02,93.53,-70.49,43.4668,-28.6876,,
2026-08-20T10:05:20Z,SAT-EO-01,6056,26.06,94.17,-70.35,43.1972,-28.6631,,
2026-08-20T10:05:26Z,SAT-EO-01,6057,25.57,93.51,-69.5,42.9256,-28.6385,,
2026-08-20T10:05:32Z,SAT-EO-01,6058,25.66,93.64,-70.0,42.6521,-28.6139,,
2026-08-20T10:05:38Z,SAT-EO-01,6059,25.88,94.07,-69.83,42.3722,-28.5889,,
2026-08-20T10:05:44Z,SAT-EO-01,6060,26.03,94.53,-69.77,42.0852,-28.5635,,
2026-08-20T10:05:50Z,SAT-EO-01,6061,25.37,93.84,-68.92,41.7977,-28.5381,,
2026-08-20T10:05:56Z,SAT-EO-01,6062,25.09,93.73,-70.49,41.5165,-28.5135,,
2026-08-20T10:06:02Z,SAT-EO-01,6063,25.29,94.03,-69.53,41.2359,-28.4891,,
2026-08-20T10:06:08Z,SAT-EO-01,6064,25.32,93.74,-69.35,40.9417,-28.4637,,
2026-08-20T10:06:14Z,SAT-EO-01,6065,25.24,93.56,-69.4,40.6443,-28.4381,,
2026-08-20T10:06:20Z,SAT-EO-01,6066,25.85,93.58,-70.74,40.3467,-28.4127,,
2026-08-20T10:06:26Z,SAT-EO-01,6067,25.63,93.88,-69.75,40.0501,-28.3876,,
2026-08-20T10:06:33Z,SAT-EO-01,6068,25.91,93.65,-69.0,39.7505,-28.3623,,
2026-08-20T10:06:39Z,SAT-EO-01,6069,25.38,93.85,-68.92,39.4502,-28.3371,,
2026-08-20T10:06:44Z,SAT-EO-01,6070,24.56,93.1,-69.58,39.1576,-28.3127,,
2026-08-20T10:06:51Z,SAT-EO-01,6071,25.38,93.32,-68.93,38.8496,-28.2872,,
2026-08-20T10:06:57Z,SAT-EO-01,6072,25.97,93.31,-69.67,38.5497,-28.2624,,
2026-08-20T10:07:03Z,SAT-EO-01,6073,25.78,93.15,-69.87,38.2404,-28.2371,,
2026-08-20T10:07:09Z,SAT-EO-01,6074,24.59,93.28,-68.91,37.9329,-28.212,,
2026-08-20T10:07:15Z,SAT-EO-01,6075,24.89,93.49,-70.25,37.6262,-28.1871,,
2026-08-20T10:07:20Z,SAT-EO-01,6076,25.34,93.33,-70.15,37.3232,-28.1627,,
2026-08-20T10:07:27Z,SAT-EO-01,6077,24.94,93.41,-70.26,37.009,-28.1375,,
2026-08-20T10:07:32Z,SAT-EO-01,6078,25.85,93.13,-68.39,36.6964,-28.1125,,
2026-08-20T10:07:38Z,SAT-EO-01,6079,25.13,93.34,-68.38,36.3872,-28.088,,
2026-08-20T10:07:44Z,SAT-EO-01,6080,24.84,93.07,-68.76,36.068,-28.0627,,
2026-08-20T10:07:50Z,SAT-EO-01,6081,25.22,92.91,-68.31,35.7524,-28.0379,,
2026-08-20T10:07:56Z,SAT-EO-01,6082,24.76,93.11,-69.63,35.441,-28.0136,,
2026-08-20T10:08:02Z,SAT-EO-01,6083,24.94,93.07,-68.19,35.1126,-27.988,,
2026-08-20T10:08:08Z,SAT-EO-01,6084,24.69,92.99,-69.13,34.796,-27.9634,,
2026-08-20T10:08:14Z,SAT-EO-01,6085,24.47,92.76,-67.67,34.4723,-27.9385,,
2026-08-20T10:08:20Z,SAT-EO-01,6086,25.15,93.51,-70.04,34.1531,-27.914,,
2026-08-20T10:08:26Z,SAT-EO-01,6087,24.63,93.01,-70.87,33.8186,-27.8884,,
2026-08-20T10:08:32Z,SAT-EO-01,6088,25.16,92.91,-70.0,33.4904,-27.8634,,
2026-08-20T10:08:38Z,SAT-EO-01,6089,25.19,93.25,-70.07,33.1662,-27.8388,,
2026-08-20T10:08:44Z,SAT-EO-01,6090,25.3,92.49,-67.64,32.8423,-27.8144,,
2026-08-20T10:08:50Z,SAT-EO-01,6091,25.19,92.54,-69.27,32.5027,-27.7889,,
2026-08-20T10:08:56Z,SAT-EO-01,6092,25.24,92.75,-67.54,32.1686,-27.7639,,
2026-08-20T10:09:02Z,SAT-EO-01,6093,24.9,92.66,-68.42,31.8341,-27.739,,
2026-08-20T10:09:08Z,SAT-EO-01,6094,24.7,92.96,-67.57,31.5011,-27.7143,,
2026-08-20T10:09:14Z,SAT-EO-01,6095,24.52,92.41,-68.29,31.1607,-27.6892,,
2026-08-20T10:09:20Z,SAT-EO-01,6096,24.4,92.94,-69.6,30.8155,-27.6638,,
2026-08-20T10:09:26Z,SAT-EO-01,6097,24.85,92.4,-68.51,30.4733,-27.6387,,
2026-08-20T10:09:32Z,SAT-EO-01,6098,24.71,92.44,-69.25,30.1323,-27.6138,,
2026-08-20T10:09:38Z,SAT-EO-01,6099,24.69,91.91,-67.86,29.7926,-27.5891,,
2026-08-20T10:09:44Z,SAT-EO-01,6100,23.99,92.68,-68.14,29.452,-27.5644,,
2026-08-20T10:09:50Z,SAT-EO-01,6101,25.45,92.43,-70.0,29.1104,-27.5398,,
2026-08-20T10:09:56Z,SAT-EO-01,6102,24.99,92.34,-68.6,28.7603,-27.5146,,
2026-08-20T10:10:02Z,SAT-EO-01,6103,24.63,92.21,-67.37,28.4108,-27.4895,,
2026-08-20T10:10:08Z,SAT-EO-01,6104,24.86,91.95,-68.89,28.0675,-27.465,,
2026-08-20T10:10:14Z,SAT-EO-01,6105,24.6,92.49,-69.25,27.7149,-27.4399,,
2026-08-20T10:10:20Z,SAT-EO-01,6106,25.03,92.44,-69.08,27.3643,-27.4151,,
2026-08-20T10:10:26Z,SAT-EO-01,6107,24.35,91.86,-67.86,27.013,-27.3903,,
2026-08-20T10:10:32Z,SAT-EO-01,6108,24.73,92.37,-66.85,26.661,-27.3655,,
2026-08-20T10:10:38Z,SAT-EO-01,6109,24.85,92.27,-67.74,26.3023,-27.3403,,
2026-08-20T10:10:44Z,SAT-EO-01,6110,24.01,92.07,-68.52,25.9436,-27.3152,,
2026-08-20T10:10:50Z,SAT-EO-01,6111,24.61,91.56,-68.16,25.5809,-27.2899,,
2026-08-20T10:10:56Z,SAT-EO-01,6112,24.2,92.05,-67.85,25.2287,-27.2654,,
2026-08-20T10:11:02Z,SAT-EO-01,6113,24.21,91.93,-69.25,24.8724,-27.2407,,
2026-08-20T10:11:08Z,SAT-EO-01,6114,24.05,91.64,-67.72,24.5156,-27.216,,
2026-08-20T10:11:14Z,SAT-EO-01,6115,24.75,92.06,-68.19,24.1464,-27.1906,,
2026-08-20T10:11:20Z,SAT-EO-01,6116,25.33,91.85,-66.51,23.7856,-27.1658,,
2026-08-20T10:11:26Z,SAT-EO-01,6117,23.98,91.46,-67.12,23.4128,-27.1402,,
2026-08-20T10:11:32Z,SAT-EO-01,6118,24.02,91.12,-69.0,23.0543,-27.1157,,
2026-08-20T10:11:38Z,SAT-EO-01,6119,24.34,91.0,-67.84,22.6952,-27.0913,,
2026-08-20T10:11:44Z,SAT-EO-01,6120,23.91,91.61,-67.51,22.3189,-27.0657,,
2026-08-20T10:11:50Z,SAT-EO-01,6121,24.02,91.13,-67.71,21.9498,-27.0407,,
2026-08-20T10:11:56Z,SAT-EO-01,6122,24.05,91.09,-67.32,21.5789,-27.0156,,
2026-08-20T10:12:02Z,SAT-EO-01,6123,24.33,91.54,-67.56,21.2023,-26.9902,,
2026-08-20T10:12:08Z,SAT-EO-01,6124,23.52,91.11,-67.96,20.8299,-26.9652,,
2026-08-20T10:12:14Z,SAT-EO-01,6125,23.76,91.47,-69.1,20.4662,-26.9408,,
2026-08-20T10:12:20Z,SAT-EO-01,6126,24.28,90.84,-68.92,20.0949,-26.9159,,
2026-08-20T10:12:26Z,SAT-EO-01,6127,23.73,91.58,-66.16,19.7175,-26.8907,,
2026-08-20T10:12:32Z,SAT-EO-01,6128,23.41,91.47,-68.54,19.3464,-26.866,,
2026-08-20T10:12:38Z,SAT-EO-01,6129,23.54,91.57,-68.17,18.9685,-26.8408,,
2026-08-20T10:12:44Z,SAT-EO-01,6130,24.01,90.94,-67.92,18.5922,-26.8159,,
2026-08-20T10:12:50Z,SAT-EO-01,6131,23.56,91.23,-66.48,18.212,-26.7907,,
2026-08-20T10:12:56Z,SAT-EO-01,6132,23.83,90.85,-66.87,17.827,-26.7653,,
2026-08-20T10:13:02Z,SAT-EO-01,6133,23.54,90.86,-65.96,17.4436,-26.74,,
2026-08-20T10:13:08Z,SAT-EO-01,6134,23.96,91.07,-66.66,17.072,-26.7156,,
2026-08-20T10:13:14Z,SAT-EO-01,6135,23.92,91.13,-68.88,16.6925,-26.6907,,
2026-08-20T10:13:20Z,SAT-EO-01,6136,24.0,90.49,-67.95,16.3168,-26.666,,
2026-08-20T10:13:26Z,SAT-EO-01,6137,23.25,90.87,-67.73,15.9376,-26.6413,,
2026-08-20T10:13:32Z,SAT-EO-01,6138,23.78,90.79,-66.06,15.5551,-26.6163,,
2026-08-20T10:13:38Z,SAT-EO-01,6139,24.06,90.75,-66.16,15.1741,-26.5914,,
2026-08-20T10:13:44Z,SAT-EO-01,6140,23.77,90.91,-67.73,14.7896,-26.5664,,
2026-08-20T10:13:50Z,SAT-EO-01,6141,24.22,90.91,-66.99,14.4028,-26.5413,,
2026-08-20T10:13:55Z,SAT-EO-01,6142,23.79,90.73,-67.35,14.0229,-26.5167,,
2026-08-20T10:14:02Z,SAT-EO-01,6143,23.1,90.92,-66.51,13.6357,-26.4916,,
2026-08-20T10:14:07Z,SAT-EO-01,6144,23.01,90.7,-66.71,13.2502,-26.4667,,
2026-08-20T10:14:13Z,SAT-EO-01,6145,23.45,90.98,-67.96,12.8666,-26.4419,,
2026-08-20T10:14:20Z,SAT-EO-01,6146,22.83,90.11,-67.98,12.471,-26.4164,,
2026-08-20T10:14:26Z,SAT-EO-01,6147,23.49,90.04,-67.0,12.0854,-26.3916,,
2026-08-20T10:14:31Z,SAT-EO-01,6148,23.26,90.12,-67.02,11.7018,-26.367,,
2026-08-20T10:14:38Z,SAT-EO-01,6149,23.8,90.27,-66.6,11.303,-26.3414,,
2026-08-20T10:14:44Z,SAT-EO-01,6150,23.65,90.35,-67.73,10.9067,-26.3159,,
2026-08-20T10:14:50Z,SAT-EO-01,6151,22.79,89.88,-65.61,10.5208,-26.2912,,
2026-08-20T10:14:56Z,SAT-EO-01,6152,23.65,90.27,-67.08,10.1305,-26.2663,,
2026-08-20T10:15:02Z,SAT-EO-01,6153,23.23,89.95,-67.87,9.7374,-26.2412,,
2026-08-20T10:15:08Z,SAT-EO-01,6154,23.28,90.0,-66.57,9.3526,-26.2166,,
2026-08-20T10:15:13Z,SAT-EO-01,6155,23.31,90.02,-66.38,8.9642,-26.1919,,
2026-08-20T10:15:20Z,SAT-EO-01,6156,22.99,89.78,-67.41,8.562,-26.1662,,
2026-08-20T10:15:25Z,SAT-EO-01,6157,22.91,90.06,-67.76,8.1761,-26.1417,,
2026-08-20T10:15:31Z,SAT-EO-01,6158,22.85,89.84,-66.25,7.7856,-26.1169,,
2026-08-20T10:15:37Z,SAT-EO-01,6159,23.51,90.05,-65.84,7.3897,-26.0917,,
2026-08-20T10:15:44Z,SAT-EO-01,6160,24.12,89.57,-66.03,6.9932,-26.0666,,
2026-08-20T10:15:49Z,SAT-EO-01,6161,23.12,89.35,-66.58,6.6022,-26.0418,,
2026-08-20T10:15:55Z,SAT-EO-01,6162,22.22,90.18,-65.68,6.2095,-26.0169,,
2026-08-20T10:16:01Z,SAT-EO-01,6163,23.4,89.59,-66.53,5.817,-25.992,,
2026-08-20T10:16:08Z,SAT-EO-01,6164,22.77,89.93,-66.52,5.4141,-25.9665,,
2026-08-20T10:16:14Z,SAT-EO-01,6165,23.06,89.59,-67.65,5.0165,-25.9414,,
2026-08-20T10:16:19Z,SAT-EO-01,6166,22.68,89.24,-66.69,4.6252,-25.9167,,
2026-08-20T10:16:26Z,SAT-EO-01,6167,23.2,89.42,-67.68,4.2213,-25.8912,,
2026-08-20T10:16:31Z,SAT-EO-01,6168,22.4,89.43,-68.38,3.8341,-25.8667,,
2026-08-20T10:16:38Z,SAT-EO-01,6169,23.31,89.08,-67.48,3.4292,-25.8412,,
2026-08-20T10:16:44Z,SAT-EO-01,6170,22.7,89.19,-65.92,3.0328,-25.8161,,
2026-08-20T10:16:50Z,SAT-EO-01,6171,22.82,89.15,-66.67,2.6337,-25.791,,
2026-08-20T10:16:56Z,SAT-EO-01,6172,22.82,89.3,-68.38,2.2414,-25.7662,,
2026-08-20T10:17:02Z,SAT-EO-01,6173,22.56,89.38,-66.42,1.8356,-25.7407,,
2026-08-20T10:17:08Z,SAT-EO-01,6174,22.42,88.89,-67.46,1.4435,-25.7159,,
2026-08-20T10:17:14Z,SAT-EO-01,6175,22.61,89.43,-67.28,1.0466,-25.6909,,
2026-08-20T10:17:20Z,SAT-EO-01,6176,22.36,89.49,-65.57,0.6486,-25.6659,,
2026-08-20T10:17:26Z,SAT-EO-01,6177,22.63,89.08,-65.55,0.2601,-25.6414,,
2026-08-20T10:17:32Z,SAT-EO-01,6178,22.52,89.33,-66.1,-0.1449,-25.6159,,
2026-08-20T10:17:38Z,SAT-EO-01,6179,22.65,88.55,-67.39,-0.5461,-25.5906,,
2026-08-20T10:17:44Z,SAT-EO-01,6180,22.72,88.59,-65.49,-0.9508,-25.5651,,
2026-08-20T10:17:50Z,SAT-EO-01,6181,22.8,88.76,-66.25,-1.35,-25.5399,,
2026-08-20T10:17:56Z,SAT-EO-01,6182,22.35,88.91,-67.54,-1.7469,-25.5149,,
2026-08-20T10:18:02Z,SAT-EO-01,6183,22.45,89.04,-66.65,-2.1364,-25.4904,,
2026-08-20T10:18:08Z,SAT-EO-01,6184,23.18,88.75,-67.85,-2.5263,-25.4658,,
2026-08-20T10:18:14Z,SAT-EO-01,6185,22.36,88.73,-66.96,-2.9138,-25.4414,,
2026-08-20T10:18:20Z,SAT-EO-01,6186,22.04,88.3,-68.05,-3.3199,-25.4157,,
2026-08-20T10:18:26Z,SAT-EO-01,6187,22.62,88.91,-67.08,-3.7088,-25.3912,,
2026-08-20T10:18:32Z,SAT-EO-01,6188,21.86,89.03,-67.09,-4.1081,-25.366,,
2026-08-20T10:18:38Z,SAT-EO-01,6189,22.5,88.86,-67.96,-4.5102,-25.3406,,
2026-08-20T10:18:44Z,SAT-EO-01,6190,21.99,88.78,-66.67,-4.9121,-25.3152,,
2026-08-20T10:18:50Z,SAT-EO-01,6191,22.08,88.55,-66.09,-5.3055,-25.2903,,
2026-08-20T10:18:56Z,SAT-EO-01,6192,22.46,88.51,-65.52,-5.708,-25.2649,,
2026-08-20T10:19:02Z,SAT-EO-01,6193,21.79,88.43,-67.09,-6.1071,-25.2396,,
2026-08-20T10:19:08Z,SAT-EO-01,6194,21.19,88.21,-66.84,-6.504,-25.2144,,
2026-08-20T10:19:14Z,SAT-EO-01,6195,21.46,88.24,-66.78,-6.9035,-25.1891,,
2026-08-20T10:19:20Z,SAT-EO-01,6196,21.99,87.98,-67.08,-7.2901,-25.1646,,
2026-08-20T10:19:26Z,SAT-EO-01,6197,22.3,88.2,-67.32,-7.6803,-25.1398,,
2026-08-20T10:19:32Z,SAT-EO-01,6198,22.5,88.32,-67.76,-8.0818,-25.1143,,
2026-08-20T10:19:38Z,SAT-EO-01,6199,21.89,88.04,-67.23,-8.4743,-25.0893,,
2026-08-20T10:19:44Z,SAT-EO-01,6200,21.9,88.19,-66.43,-8.8703,-25.0641,,
2026-08-20T10:19:50Z,SAT-EO-01,6201,22.11,87.81,-68.25,-9.2626,-25.0391,,
2026-08-20T10:19:56Z,SAT-EO-01,6202,21.63,87.69,-66.13,-9.6615,-25.0137,,
2026-08-20T10:20:02Z,SAT-EO-01,6203,21.59,87.53,-68.24,-10.0565,-24.9884,,
2026-08-20T10:20:08Z,SAT-EO-01,6204,21.5,87.49,-66.42,-10.4549,-24.963,,
2026-08-20T10:20:14Z,SAT-EO-01,6205,21.06,87.79,-67.78,-10.8404,-24.9383,,
2026-08-20T10:20:20Z,SAT-EO-01,6206,22.24,87.68,-67.15,-11.2269,-24.9135,,
2026-08-20T10:20:26Z,SAT-EO-01,6207,21.15,87.49,-67.78,-11.6145,-24.8887,,
2026-08-20T10:20:32Z,SAT-EO-01,6208,21.25,87.78,-66.36,-12.0106,-24.8632,,
2026-08-20T10:20:38Z,SAT-EO-01,6209,20.96,87.57,-67.43,-12.3983,-24.8383,,
2026-08-20T10:20:44Z,SAT-EO-01,6210,21.35,87.32,-68.36,-12.7862,-24.8133,,
2026-08-20T10:20:50Z,SAT-EO-01,6211,21.41,87.36,-67.45,-13.1716,-24.7884,,
2026-08-20T10:20:56Z,SAT-EO-01,6212,21.45,87.47,-67.64,-13.5551,-24.7636,,
2026-08-20T10:21:02Z,SAT-EO-01,6213,21.17,87.28,-67.9,-13.9392,-24.7388,,
2026-08-20T10:21:08Z,SAT-EO-01,6214,21.17,86.97,-66.8,-14.3342,-24.7131,,
2026-08-20T10:21:14Z,SAT-EO-01,6215,21.14,87.38,-65.72,-14.7116,-24.6886,,
2026-08-20T10:21:20Z,SAT-EO-01,6216,21.06,87.08,-66.4,-15.097,-24.6636,,
2026-08-20T10:21:26Z,SAT-EO-01,6217,21.41,87.19,-67.75,-15.4714,-24.6392,,
2026-08-20T10:21:32Z,SAT-EO-01,6218,21.04,87.51,-67.51,-15.8481,-24.6146,,
2026-08-20T10:21:38Z,SAT-EO-01,6219,21.32,87.33,-66.26,-16.2275,-24.5898,,
2026-08-20T10:21:44Z,SAT-EO-01,6220,21.19,86.88,-66.84,-16.6016,-24.5653,,
2026-08-20T10:21:50Z,SAT-EO-01,6221,21.52,87.07,-66.0,-16.9784,-24.5406,,
2026-08-20T10:21:56Z,SAT-EO-01,6222,21.54,87.16,-67.93,-17.3639,-24.5152,,
2026-08-20T10:22:02Z,SAT-EO-01,6223,21.0,86.67,-68.16,-17.7418,-24.4903,,
2026-08-20T10:22:08Z,SAT-EO-01,6224,20.88,87.02,-68.36,-18.1164,-24.4656,,
2026-08-20T10:22:14Z,SAT-EO-01,6225,20.65,87.16,-67.95,-18.4958,-24.4405,,
2026-08-20T10:22:20Z,SAT-EO-01,6226,21.21,86.85,-69.01,-18.8742,-24.4154,,
2026-08-20T10:22:26Z,SAT-EO-01,6227,21.15,86.8,-68.21,-19.2472,-24.3906,,
2026-08-20T10:22:32Z,SAT-EO-01,6228,21.22,86.68,-67.0,-19.6184,-24.3659,,
2026-08-20T10:22:38Z,SAT-EO-01,6229,21.18,86.64,-67.49,-20.0012,-24.3404,,
2026-08-20T10:22:44Z,SAT-EO-01,6230,21.17,86.82,-67.85,-20.3658,-24.316,,
2026-08-20T10:22:50Z,SAT-EO-01,6231,20.8,86.27,-67.5,-20.7458,-24.2905,,
2026-08-20T10:22:56Z,SAT-EO-01,6232,21.33,86.35,-67.78,-21.1241,-24.2651,,
2026-08-20T10:23:02Z,SAT-EO-01,6233,21.27,86.36,-67.06,-21.4918,-24.2403,,
2026-08-20T10:23:08Z,SAT-EO-01,6234,21.25,86.44,-67.76,-21.853,-24.2159,,
2026-08-20T10:23:14Z,SAT-EO-01,6235,20.84,86.36,-68.22,-22.2244,-24.1907,,
2026-08-20T10:23:20Z,SAT-EO-01,6236,20.86,86.27,-68.98,-22.5887,-24.166,,
2026-08-20T10:23:26Z,SAT-EO-01,6237,20.35,85.93,-67.59,-22.9621,-24.1405,,
2026-08-20T10:23:32Z,SAT-EO-01,6238,20.48,85.96,-67.43,-23.3235,-24.1159,,
2026-08-20T10:23:38Z,SAT-EO-01,6239,20.88,86.4,-67.66,-23.6866,-24.091,,
2026-08-20T10:23:44Z,SAT-EO-01,6240,20.32,86.18,-68.67,-24.053,-24.0658,,
2026-08-20T10:23:50Z,SAT-EO-01,6241,21.2,86.11,-69.18,-24.4117,-24.0411,,
2026-08-20T10:23:56Z,SAT-EO-01,6242,20.43,86.24,-68.06,-24.7762,-24.016,,
2026-08-20T10:24:02Z,SAT-EO-01,6243,21.2,86.25,-68.33,-25.132,-23.9913,,
2026-08-20T10:24:08Z,SAT-EO-01,6244,21.01,85.88,-69.51,-25.4951,-23.9661,,
2026-08-20T10:24:14Z,SAT-EO-01,6245,20.96,85.87,-69.13,-25.8609,-23.9406,,
2026-08-20T10:24:20Z,SAT-EO-01,6246,20.88,85.46,-69.53,-26.2264,-23.915,,
2026-08-20T10:24:26Z,SAT-EO-01,6247,20.46,86.29,-67.64,-26.5859,-23.8898,,
2026-08-20T10:24:32Z,SAT-EO-01,6248,20.23,85.97,-69.09,-26.9379,-23.865,,
2026-08-20T10:24:38Z,SAT-EO-01,6249,20.48,85.89,-68.91,-27.2847,-23.8405,,
2026-08-20T10:24:44Z,SAT-EO-01,6250,20.4,85.48,-69.27,-27.6377,-23.8155,,
2026-08-20T10:24:50Z,SAT-EO-01,6251,20.57,85.58,-67.66,-27.9917,-23.7904,,
2026-08-20T10:24:56Z,SAT-EO-01,6252,20.43,85.71,-68.1,-28.3398,-23.7655,,
2026-08-20T10:25:02Z,SAT-EO-01,6253,20.81,85.74,-68.94,-28.6972,-23.7399,,
2026-08-20T10:25:08Z,SAT-EO-01,6254,20.36,85.82,-69.51,-29.0484,-23.7147,,
2026-08-20T10:25:14Z,SAT-EO-01,6255,20.67,85.47,-70.03,-29.4032,-23.6891,,
2026-08-20T10:25:20Z,SAT-EO-01,6256,20.14,85.37,-69.67,-29.7495,-23.664,,
2026-08-20T10:25:26Z,SAT-EO-01,6257,20.12,85.88,-69.37,-30.0906,-23.6392,,
2026-08-20T10:25:32Z,SAT-EO-01,6258,20.22,85.66,-68.38,-30.4375,-23.6139,,
2026-08-20T10:25:38Z,SAT-EO-01,6259,20.46,85.68,-67.89,-30.7737,-23.5893,,
2026-08-20T10:25:44Z,SAT-EO-01,6260,19.74,85.42,-68.28,-31.1209,-23.5638,,
2026-08-20T10:25:50Z,SAT-EO-01,6261,20.27,85.54,-69.41,-31.4519,-23.5393,,
2026-08-20T10:25:56Z,SAT-EO-01,6262,19.91,85.19,-70.66,-31.7827,-23.5148,,
2026-08-20T10:26:02Z,SAT-EO-01,6263,19.89,85.31,-69.63,-32.113,-23.4902,,
2026-08-20T10:26:08Z,SAT-EO-01,6264,20.13,85.0,-68.93,-32.4424,-23.4656,,
2026-08-20T10:26:14Z,SAT-EO-01,6265,19.58,84.88,-68.95,-32.7701,-23.441,,
2026-08-20T10:26:20Z,SAT-EO-01,6266,20.06,85.28,-68.29,-33.1078,-23.4156,,
2026-08-20T10:26:26Z,SAT-EO-01,6267,19.84,85.21,-68.99,-33.4349,-23.3908,,
2026-08-20T10:26:32Z,SAT-EO-01,6268,20.1,85.17,-69.11,-33.7705,-23.3653,,
2026-08-20T10:26:38Z,SAT-EO-01,6269,19.94,85.22,-69.59,-34.1043,-23.3398,,
2026-08-20T10:26:44Z,SAT-EO-01,6270,19.3,85.24,-69.63,-34.4336,-23.3145,,
2026-08-20T10:26:50Z,SAT-EO-01,6271,19.52,84.96,-69.83,-34.751,-23.29,,
2026-08-20T10:26:56Z,SAT-EO-01,6272,19.56,85.04,-69.47,-35.0792,-23.2646,,
2026-08-20T10:27:02Z,SAT-EO-01,6273,19.29,84.87,-69.25,-35.4051,-23.2392,,
2026-08-20T10:27:08Z,SAT-EO-01,6274,19.28,84.99,-69.09,-35.7168,-23.2149,,
2026-08-20T10:27:14Z,SAT-EO-01,6275,19.98,84.82,-69.6,-36.0294,-23.1903,,
2026-08-20T10:27:20Z,SAT-EO-01,6276,20.1,84.76,-68.64,-36.3521,-23.1648,,
2026-08-20T10:27:26Z,SAT-EO-01,6277,19.13,84.49,-68.82,-36.6647,-23.14,,
2026-08-20T10:27:32Z,SAT-EO-01,6278,19.28,84.46,-69.35,-36.979,-23.1149,,
2026-08-20T10:27:38Z,SAT-EO-01,6279,19.23,85.06,-69.46,-37.2953,-23.0895,,
2026-08-20T10:27:44Z,SAT-EO-01,6280,19.5,84.22,-68.32,-37.6096,-23.0642,,
2026-08-20T10:27:50Z,SAT-EO-01,6281,19.95,84.65,-68.51,-37.9132,-23.0396,,
2026-08-20T10:27:56Z,SAT-EO-01,6282,19.81,84.68,-69.19,-38.2203,-23.0146,,
2026-08-20T10:28:02Z,SAT-EO-01,6283,19.56,84.72,-69.28,-38.5295,-22.9892,,
2026-08-20T10:28:08Z,SAT-EO-01,6284,19.86,84.5,-69.76,-38.8385,-22.9638,,
2026-08-20T10:28:14Z,SAT-EO-01,6285,19.74,84.18,-69.99,-39.1453,-22.9383,,
2026-08-20T10:28:20Z,SAT-EO-01,6286,19.84,84.58,-67.45,-39.4438,-22.9134,,
2026-08-20T10:28:26Z,SAT-EO-01,6287,19.21,84.16,-69.25,-39.7351,-22.889,,
2026-08-20T10:28:32Z,SAT-EO-01,6288,20.05,84.32,-70.29,-40.0355,-22.8637,,
2026-08-20T10:28:38Z,SAT-EO-01,6289,19.64,84.49,-69.46,-40.3276,-22.8389,,
2026-08-20T10:28:44Z,SAT-EO-01,6290,20.07,85.04,-69.31,-40.6253,-22.8135,,
2026-08-20T10:28:50Z,SAT-EO-01,6291,19.01,84.45,-69.89,-40.9099,-22.7891,,
2026-08-20T10:28:56Z,SAT-EO-01,6292,19.53,84.0,-70.2,-41.2046,-22.7636,,
2026-08-20T10:29:02Z,SAT-EO-01,6293,19.06,84.15,-69.34,-41.4942,-22.7384,,
2026-08-20T10:29:08Z,SAT-EO-01,6294,20.02,84.45,-68.38,-41.785,-22.713,,
2026-08-20T10:29:14Z,SAT-EO-01,6295,19.56,84.08,-70.08,-42.0681,-22.688,,
2026-08-20T10:29:20Z,SAT-EO-01,6296,18.94,83.63,-70.41,-42.3523,-22.6628,,
2026-08-20T10:29:26Z,SAT-EO-01,6297,19.06,83.73,-70.02,-42.6295,-22.6381,,
2026-08-20T10:29:32Z,SAT-EO-01,6298,19.66,83.78,-70.27,-42.9042,-22.6134,,
2026-08-20T10:29:38Z,SAT-EO-01,6299,19.36,83.95,-69.31,-43.1862,-22.5879,,
2026-08-20T10:29:44Z,SAT-EO-01,6300,19.08,83.53,-69.43,-43.4574,-22.5632,,
2026-08-20T10:29:50Z,SAT-EO-01,6301,19.02,84.08,-69.51,-43.7293,-22.5383,,
2026-08-20T10:29:56Z,SAT-EO-01,6302,19.04,83.76,-69.34,-44.0,-22.5133,,
2026-08-20T10:30:02Z,SAT-EO-01,6303,19.61,83.74,-71.24,-44.2675,-22.4884,,
2026-08-20T10:30:08Z,SAT-EO-01,6304,18.37,83.67,-70.79,-44.5388,-22.463,,
2026-08-20T10:30:14Z,SAT-EO-01,6305,18.95,84.08,-71.46,-44.8012,-22.4383,,
2026-08-20T10:30:20Z,SAT-EO-01,6306,18.9,83.64,-70.3,-45.0658,-22.4131,,
2026-08-20T10:30:26Z,SAT-EO-01,6307,18.8,83.44,-69.8,-45.3272,-22.3881,,
2026-08-20T10:30:32Z,SAT-EO-01,6308,19.06,83.73,-70.06,-45.5889,-22.3628,,
2026-08-20T10:30:38Z,SAT-EO-01,6309,19.22,83.59,-70.89,-45.8396,-22.3384,,
2026-08-20T10:30:44Z,SAT-EO-01,6310,18.76,83.33,-71.19,-46.0929,-22.3136,,
2026-08-20T10:30:50Z,SAT-EO-01,6311,18.54,83.85,-70.4,-46.3452,-22.2887,,
2026-08-20T10:30:56Z,SAT-EO-01,6312,18.85,83.13,-68.87,-46.5957,-22.2637,,
2026-08-20T10:31:02Z,SAT-EO-01,6313,19.26,83.56,-72.16,-46.8495,-22.2382,,
2026-08-20T10:31:08Z,SAT-EO-01,6314,19.0,84.15,-69.17,-47.0947,-22.2134,,
2026-08-20T10:31:14Z,SAT-EO-01,6315,19.18,83.19,-70.18,-47.3418,-22.1882,,
2026-08-20T10:31:20Z,SAT-EO-01,6316,19.31,83.62,-71.52,-47.5843,-22.1632,,
2026-08-20T10:31:26Z,SAT-EO-01,6317,18.62,83.36,-70.32,-47.8212,-22.1386,,
2026-08-20T10:31:32Z,SAT-EO-01,6318,18.65,83.49,-70.56,-48.063,-22.1133,,
2026-08-20T10:31:38Z,SAT-EO-01,6319,18.9,83.64,-69.45,-48.2985,-22.0884,,
2026-08-20T10:31:44Z,SAT-EO-01,6320,18.78,83.25,-69.81,-48.5296,-22.0637,,
2026-08-20T10:31:50Z,SAT-EO-01,6321,18.37,83.08,-70.49,-48.7576,-22.0392,,
2026-08-20T10:31:56Z,SAT-EO-01,6322,18.65,83.34,-70.55,-48.9844,-22.0146,,
2026-08-20T10:32:02Z,SAT-EO-01,6323,19.46,83.39,-70.15,-49.217,-21.9891,,
2026-08-20T10:32:08Z,SAT-EO-01,6324,18.93,83.67,-70.12,-49.4467,-21.9636,,
2026-08-20T10:32:14Z,SAT-EO-01,6325,18.85,83.34,-71.65,-49.6751,-21.9381,,
2026-08-20T10:32:20Z,SAT-EO-01,6326,18.51,82.76,-70.66,-49.8977,-21.913,,
2026-08-20T10:32:26Z,SAT-EO-01,6327,19.14,83.29,-70.64,-50.1138,-21.8884,,
2026-08-20T10:32:32Z,SAT-EO-01,6328,19.04,83.05,-71.39,-50.3351,-21.8629,,
2026-08-20T10:32:38Z,SAT-EO-01,6329,18.82,83.41,-71.53,-50.5512,-21.8377,,
2026-08-20T10:32:44Z,SAT-EO-01,6330,18.75,82.92,-70.82,-50.7597,-21.8132,,
2026-08-20T10:32:50Z,SAT-EO-01,6331,18.91,82.88,-70.26,-50.9652,-21.7888,,
2026-08-20T10:32:56Z,SAT-EO-01,6332,18.88,82.76,-71.89,-51.1685,-21.7644,,
2026-08-20T10:33:02Z,SAT-EO-01,6333,18.32,83.43,-71.27,-51.3797,-21.7388,,
2026-08-20T10:33:08Z,SAT-EO-01,6334,18.38,82.84,-70.74,-51.5849,-21.7136,,
2026-08-20T10:33:14Z,SAT-EO-01,6335,18.0,82.83,-71.25,-51.7913,-21.688,,
2026-08-20T10:33:21Z,SAT-EO-01,6336,17.84,83.06,-70.23,-51.9948,-21.6625,,
2026-08-20T10:33:26Z,SAT-EO-01,6337,18.59,82.61,-70.8,-52.1884,-21.6379,,
2026-08-20T10:33:32Z,SAT-EO-01,6338,18.86,82.83,-72.23,-52.3804,-21.6132,,
2026-08-20T10:33:38Z,SAT-EO-01,6339,17.88,82.99,-72.26,-52.5768,-21.5877,,
2026-08-20T10:33:44Z,SAT-EO-01,6340,18.41,82.52,-71.64,-52.7666,-21.5627,,
2026-08-20T10:33:50Z,SAT-EO-01,6341,18.51,82.83,-71.46,-52.9561,-21.5375,,
2026-08-20T10:33:56Z,SAT-EO-01,6342,18.62,83.23,-71.31,-53.1412,-21.5125,,
2026-08-20T10:34:03Z,SAT-EO-01,6343,18.67,82.62,-70.41,-53.3259,-21.4873,,
2026-08-20T10:34:09Z,SAT-EO-01,6344,17.72,83.06,-72.4,-53.5091,-21.462,,
2026-08-20T10:34:15Z,SAT-EO-01,6345,17.94,82.46,-72.23,-53.6869,-21.4371,,
2026-08-20T10:34:20Z,SAT-EO-01,6346,18.61,82.96,-73.02,-53.8592,-21.4126,,
2026-08-20T10:34:27Z,SAT-EO-01,6347,18.3,82.27,-73.59,-54.0339,-21.3874,,
2026-08-20T10:34:33Z,SAT-EO-01,6348,18.52,83.13,-72.16,-54.2056,-21.3624,,
2026-08-20T10:34:39Z,SAT-EO-01,6349,17.65,82.64,-72.7,-54.3752,-21.3373,,
2026-08-20T10:34:45Z,SAT-EO-01,6350,17.89,82.76,-72.44,-54.5427,-21.3121,,
2026-08-20T10:34:51Z,SAT-EO-01,6351,18.4,82.18,-72.18,-54.7075,-21.2871,,
2026-08-20T10:34:57Z,SAT-EO-01,6352,17.9,82.82,-71.76,-54.8704,-21.2619,,
2026-08-20T10:35:03Z,SAT-EO-01,6353,18.23,82.86,-71.77,-55.0284,-21.2371,,
2026-08-20T10:35:08Z,SAT-EO-01,6354,18.29,82.55,-71.53,-55.1822,-21.2126,,
2026-08-20T10:35:15Z,SAT-EO-01,6355,18.91,82.6,-72.11,-55.3405,-21.187,,
2026-08-20T10:35:21Z,SAT-EO-01,6356,18.25,82.39,-71.78,-55.4944,-21.1617,,
2026-08-20T10:35:27Z,SAT-EO-01,6357,18.01,82.46,-71.08,-55.6435,-21.1368,,
2026-08-20T10:35:33Z,SAT-EO-01,6358,18.23,82.62,-72.25,-55.7893,-21.112,,
2026-08-20T10:35:38Z,SAT-EO-01,6359,18.83,82.62,-71.58,-55.9307,-21.0876,,
2026-08-20T10:35:45Z,SAT-EO-01,6360,18.63,82.47,-72.8,-56.0748,-21.0623,,
2026-08-20T10:35:51Z,SAT-EO-01,6361,18.49,82.66,-71.75,-56.2167,-21.037,,
2026-08-20T10:35:57Z,SAT-EO-01,6362,18.23,82.83,-72.39,-56.3559,-21.0117,,
2026-08-20T10:36:03Z,SAT-EO-01,6363,18.46,82.56,-72.68,-56.492,-20.9864,,
2026-08-20T10:36:09Z,SAT-EO-01,6364,18.05,82.51,-71.95,-56.6229,-20.9617,,
2026-08-20T10:36:15Z,SAT-EO-01,6365,18.67,82.45,-72.61,-56.7529,-20.9367,,
2026-08-20T10:36:21Z,SAT-EO-01,6366,18.19,82.22,-72.54,-56.8804,-20.9118,,
2026-08-20T10:36:27Z,SAT-EO-01,6367,18.39,82.59,-73.22,-57.0063,-20.8866,,
2026-08-20T10:36:33Z,SAT-EO-01,6368,18.14,82.11,-73.03,-57.1313,-20.8611,,
2026-08-20T10:36:39Z,SAT-EO-01,6369,17.68,82.58,-73.36,-57.2531,-20.8357,,
2026-08-20T10:36:45Z,SAT-EO-01,6370,18.29,82.33,-73.58,-57.3728,-20.8102,,
2026-08-20T10:36:51Z,SAT-EO-01,6371,17.62,82.54,-72.63,-57.4878,-20.7852,,
2026-08-20T10:36:57Z,SAT-EO-01,6372,18.55,82.07,-72.29,-57.6013,-20.7599,,
2026-08-20T10:37:03Z,SAT-EO-01,6373,18.5,82.3,-72.74,-57.7117,-20.7348,,
2026-08-20T10:37:09Z,SAT-EO-01,6374,18.0,82.66,-71.62,-57.8216,-20.7092,,
2026-08-20T10:37:15Z,SAT-EO-01,6375,18.03,81.88,-72.47,-57.9248,-20.6845,,
2026-08-20T10:37:21Z,SAT-EO-01,6376,17.86,81.97,-73.53,-58.0265,-20.6597,,
2026-08-20T10:37:27Z,SAT-EO-01,6377,17.68,82.12,-73.2,-58.1247,-20.635,,
2026-08-20T10:37:33Z,SAT-EO-01,6378,18.26,82.33,-71.91,-58.2241,-20.6095,,
2026-08-20T10:37:39Z,SAT-EO-01,6379,18.04,82.13,-73.34,-58.3205,-20.5839,,
2026-08-20T10:37:45Z,SAT-EO-01,6380,17.83,82.08,-72.63,-58.4116,-20.5592,,
2026-08-20T10:37:51Z,SAT-EO-01,6381,18.32,81.82,-72.69,-58.5006,-20.5343,,
2026-08-20T10:37:57Z,SAT-EO-01,6382,18.23,82.47,-73.18,-58.5871,-20.5094,,
2026-08-20T10:38:03Z,SAT-EO-01,6383,18.07,82.28,-72.59,-58.6697,-20.485,,
2026-08-20T10:38:09Z,SAT-EO-01,6384,18.29,81.95,-71.79,-58.7495,-20.4606,,
2026-08-20T10:38:15Z,SAT-EO-01,6385,18.12,81.83,-73.46,-58.8284,-20.4357,,
2026-08-20T10:38:21Z,SAT-EO-01,6386,18.41,82.37,-72.46,-58.9068,-20.4102,,
2026-08-20T10:38:27Z,SAT-EO-01,6387,17.83,82.27,-72.63,-58.9826,-20.3846,,
2026-08-20T10:38:33Z,SAT-EO-01,6388,17.65,82.19,-72.84,-59.0543,-20.3595,,
2026-08-20T10:38:39Z,SAT-EO-01,6389,17.64,82.23,-71.62,-59.1217,-20.3351,,
2026-08-20T10:38:45Z,SAT-EO-01,6390,18.11,82.23,-72.94,-59.1872,-20.3104,,
2026-08-20T10:38:51Z,SAT-EO-01,6391,17.55,82.18,-71.69,-59.2518,-20.2851,,
2026-08-20T10:38:57Z,SAT-EO-01,6392,17.91,82.27,-73.82,-59.314,-20.2597,,
2026-08-20T10:39:03Z,SAT-EO-01,6393,18.06,81.97,-72.89,-59.3713,-20.2352,,
2026-08-20T10:39:09Z,SAT-EO-01,6394,18.66,82.37,-72.18,-59.4281,-20.2098,,
2026-08-20T10:39:15Z,SAT-EO-01,6395,18.26,81.69,-72.46,-59.481,-20.185,,
2026-08-20T10:39:21Z,SAT-EO-01,6396,17.86,82.2,-73.95,-59.5318,-20.16,,
2026-08-20T10:39:27Z,SAT-EO-01,6397,17.99,81.97,-70.94,-59.581,-20.1344,,
2026-08-20T10:39:33Z,SAT-EO-01,6398,17.61,82.08,-72.76,-59.6266,-20.1094,,
2026-08-20T10:39:39Z,SAT-EO-01,6399,17.73,82.03,-74.05,-59.6705,-20.0838,,
2026-08-20T10:39:45Z,SAT-EO-01,6400,17.81,81.71,-72.97,-59.7102,-20.0592,,
2026-08-20T10:39:51Z,SAT-EO-01,6401,17.51,81.76,-71.21,-59.7481,-20.034,,
2026-08-20T10:39:57Z,SAT-EO-01,6402,17.32,82.19,-72.67,-59.7826,-20.0094,,
2026-08-20T10:40:03Z,SAT-EO-01,6403,18.21,81.85,-74.05,-59.8147,-19.9847,,
2026-08-20T10:40:09Z,SAT-EO-01,6404,18.23,82.02,-71.9,-59.844,-19.9601,,
2026-08-20T10:40:15Z,SAT-EO-01,6405,18.19,82.09,-72.57,-59.8708,-19.9356,,
2026-08-20T10:40:21Z,SAT-EO-01,6406,17.74,82.22,-72.2,-59.8954,-19.9107,,
2026-08-20T10:40:27Z,SAT-EO-01,6407,17.96,81.68,-73.14,-59.9171,-19.8863,,
2026-08-20T10:40:33Z,SAT-EO-01,6408,18.19,82.4,-72.39,-59.9367,-19.8611,,
2026-08-20T10:40:39Z,SAT-EO-01,6409,17.85,81.84,-72.21,-59.9539,-19.8356,,
2026-08-20T10:40:45Z,SAT-EO-01,6410,18.34,81.83,-73.53,-59.9683,-19.8104,,
2026-08-20T10:40:51Z,SAT-EO-01,6411,18.19,81.74,-74.94,-59.98,-19.7852,,
2026-08-20T10:40:57Z,SAT-EO-01,6412,17.94,82.0,-72.47,-59.9888,-19.7604,,
2026-08-20T10:41:03Z,SAT-EO-01,6413,18.05,82.11,-73.35,-59.9952,-19.7354,,
2026-08-20T10:41:09Z,SAT-EO-01,6414,18.33,81.89,-72.45,-59.9989,-19.71,,
2026-08-20T10:41:15Z,SAT-EO-01,6415,17.82,82.07,-73.36,-60.0,-19.6851,,
2026-08-20T10:41:21Z,SAT-EO-01,6416,18.1,82.14,-74.31,-59.9984,-19.6596,,
2026-08-20T10:41:27Z,SAT-EO-01,6417,17.78,81.62,-73.13,-59.9942,-19.635,,
2026-08-20T10:41:33Z,SAT-EO-01,6418,18.54,82.12,-74.03,-59.9874,-19.61,,
2026-08-20T10:41:39Z,SAT-EO-01,6419,17.83,81.84,-73.93,-59.9779,-19.585,,
2026-08-20T10:41:45Z,SAT-EO-01,6420,18.4,82.06,-73.83,-59.966,-19.5602,,
2026-08-20T10:41:51Z,SAT-EO-01,6421,18.41,82.22,-74.27,-59.9514,-19.5354,,
2026-08-20T10:41:57Z,SAT-EO-01,6422,18.22,82.11,-73.18,-59.9341,-19.5103,,
2026-08-20T10:42:03Z,SAT-EO-01,6423,18.19,82.01,-74.55,-59.9139,-19.485,,
2026-08-20T10:42:09Z,SAT-EO-01,6424,18.2,82.29,-72.87,-59.8919,-19.4605,,
2026-08-20T10:42:15Z,SAT-EO-01,6425,17.46,82.4,-71.99,-59.8662,-19.4351,,
2026-08-20T10:42:21Z,SAT-EO-01,6426,18.26,82.52,-73.18,-59.8386,-19.4102,,
2026-08-20T10:42:27Z,SAT-EO-01,6427,17.88,82.3,-72.28,-59.8076,-19.3847,,
2026-08-20T10:42:33Z,SAT-EO-01,6428,18.08,81.86,-72.44,-59.7738,-19.3592,,
2026-08-20T10:42:39Z,SAT-EO-01,6429,18.17,81.8,-71.88,-59.7377,-19.3339,,
2026-08-20T10:42:45Z,SAT-EO-01,6430,18.21,82.07,-73.18,-59.6992,-19.3088,,
2026-08-20T10:42:51Z,SAT-EO-01,6431,18.59,82.21,-71.69,-59.6584,-19.284,,
2026-08-20T10:42:57Z,SAT-EO-01,6432,18.08,82.5,-73.21,-59.6143,-19.2587,,
2026-08-20T10:43:04Z,SAT-EO-01,6433,17.77,81.5,-73.05,-59.5673,-19.2333,,
2026-08-20T10:43:09Z,SAT-EO-01,6434,17.3,81.98,-72.46,-59.5197,-19.2089,,
2026-08-20T10:43:15Z,SAT-EO-01,6435,17.84,82.27,-72.06,-59.469,-19.1842,,
2026-08-20T10:43:21Z,SAT-EO-01,6436,18.22,82.05,-72.84,-59.4142,-19.1589,,
2026-08-20T10:43:27Z,SAT-EO-01,6437,17.17,82.08,-74.31,-59.3588,-19.1344,,
2026-08-20T10:43:33Z,SAT-EO-01,6438,18.23,81.82,-73.32,-59.2996,-19.1094,,
2026-08-20T10:43:39Z,SAT-EO-01,6439,18.39,82.22,-72.54,-59.2374,-19.0842,,
2026-08-20T10:43:45Z,SAT-EO-01,6440,18.31,81.95,-72.3,-59.1724,-19.059,,
2026-08-20T10:43:51Z,SAT-EO-01,6441,17.95,82.01,-73.41,-59.106,-19.0342,,
2026-08-20T10:43:57Z,SAT-EO-01,6442,18.37,82.23,-73.51,-59.0366,-19.0092,,
2026-08-20T10:44:03Z,SAT-EO-01,6443,18.5,81.97,-72.17,-58.9636,-18.9839,,
2026-08-20T10:44:09Z,SAT-EO-01,6444,17.71,82.07,-73.12,-58.888,-18.9586,,
2026-08-20T10:44:15Z,SAT-EO-01,6445,17.92,81.89,-72.08,-58.8122,-18.9341,,
2026-08-20T10:44:21Z,SAT-EO-01,6446,18.03,82.34,-72.21,-58.7336,-18.9095,,
2026-08-20T10:44:27Z,SAT-EO-01,6447,18.37,82.16,-73.09,-58.6514,-18.8846,,
2026-08-20T10:44:33Z,SAT-EO-01,6448,18.07,82.49,-72.48,-58.5654,-18.8592,,
2026-08-20T10:44:39Z,SAT-EO-01,6449,17.63,82.34,-71.8,-58.4797,-18.8348,,
2026-08-20T10:44:45Z,SAT-EO-01,6450,17.6,81.84,-72.92,-58.3913,-18.8102,,
2026-08-20T10:44:51Z,SAT-EO-01,6451,18.08,82.1,-72.09,-58.2971,-18.7848,,
2026-08-20T10:44:57Z,SAT-EO-01,6452,18.22,82.32,-72.21,-58.2002,-18.7593,,
2026-08-20T10:45:03Z,SAT-EO-01,6453,18.34,82.16,-71.27,-58.1005,-18.7338,,
2026-08-20T10:45:09Z,SAT-EO-01,6454,17.72,82.59,-74.39,-58.0005,-18.7089,,
2026-08-20T10:45:15Z,SAT-EO-01,6455,18.35,82.55,-73.43,-57.8984,-18.6841,,
2026-08-20T10:45:21Z,SAT-EO-01,6456,18.43,81.99,-72.11,-57.7905,-18.6585,,
2026-08-20T10:45:28Z,SAT-EO-01,6457,19.08,82.6,-72.97,-57.6812,-18.6332,,
2026-08-20T10:45:34Z,SAT-EO-01,6458,17.8,82.09,-72.91,-57.5682,-18.6076,,
2026-08-20T10:45:40Z,SAT-EO-01,6459,18.56,82.01,-72.27,-57.4523,-18.582,,
2026-08-20T10:45:46Z,SAT-EO-01,6460,17.66,82.29,-72.06,-57.3373,-18.5572,,
2026-08-20T10:45:52Z,SAT-EO-01,6461,18.69,81.9,-73.52,-57.2186,-18.5321,,
2026-08-20T10:45:58Z,SAT-EO-01,6462,17.63,82.7,-70.65,-57.1,-18.5075,,
2026-08-20T10:46:04Z,SAT-EO-01,6463,18.38,82.36,-72.54,-56.9789,-18.4829,,
2026-08-20T10:46:10Z,SAT-EO-01,6464,18.88,82.1,-72.21,-56.8506,-18.4574,,
2026-08-20T10:46:16Z,SAT-EO-01,6465,18.44,82.22,-72.44,-56.7222,-18.4323,,
2026-08-20T10:46:22Z,SAT-EO-01,6466,18.36,81.98,-72.82,-56.592,-18.4074,,
2026-08-20T10:46:28Z,SAT-EO-01,6467,18.05,82.45,-72.62,-56.457,-18.382,,
2026-08-20T10:46:34Z,SAT-EO-01,6468,18.42,82.79,-73.5,-56.3181,-18.3564,,
2026-08-20T10:46:40Z,SAT-EO-01,6469,18.67,82.3,-71.53,-56.183,-18.3319,,
2026-08-20T10:46:46Z,SAT-EO-01,6470,18.28,83.01,-73.49,-56.0419,-18.3069,,
2026-08-20T10:46:52Z,SAT-EO-01,6471,18.48,82.39,-70.95,-55.8965,-18.2814,,
2026-08-20T10:46:58Z,SAT-EO-01,6472,18.54,82.31,-71.33,-55.7542,-18.257,,
2026-08-20T10:47:04Z,SAT-EO-01,6473,17.71,82.53,-71.2,-55.604,-18.2316,,
2026-08-20T10:47:10Z,SAT-EO-01,6474,18.9,82.49,-71.45,-55.4523,-18.2063,,
2026-08-20T10:47:16Z,SAT-EO-01,6475,18.71,82.73,-71.45,-55.296,-18.1808,,
2026-08-20T10:47:22Z,SAT-EO-01,6476,18.29,82.41,-71.84,-55.1404,-18.1557,,
2026-08-20T10:47:28Z,SAT-EO-01,6477,18.34,82.61,-72.67,-54.9817,-18.1305,,
2026-08-20T10:47:34Z,SAT-EO-01,6478,18.29,82.6,-72.4,-54.8204,-18.1053,,
2026-08-20T10:47:40Z,SAT-EO-01,6479,18.27,82.62,-71.15,-54.6597,-18.0806,,
2026-08-20T10:47:46Z,SAT-EO-01,6480,19.13,82.85,-71.7,-54.4971,-18.056,,
2026-08-20T10:47:52Z,SAT-EO-01,6481,18.59,82.91,-72.0,-54.3318,-18.0312,,
2026-08-20T10:47:58Z,SAT-EO-01,6482,18.31,82.45,-71.09,-54.1621,-18.0062,,
2026-08-20T10:48:04Z,SAT-EO-01,6483,18.1,83.07,-73.05,-53.986,-17.9806,,
2026-08-20T10:48:10Z,SAT-EO-01,6484,17.24,82.51,-71.31,-53.8093,-17.9553,,
2026-08-20T10:48:16Z,SAT-EO-01,6485,18.46,82.67,-72.22,-53.6318,-17.9302,,
2026-08-20T10:48:22Z,SAT-EO-01,6486,18.99,82.78,-71.52,-53.4496,-17.9048,,
2026-08-20T10:48:28Z,SAT-EO-01,6487,18.92,82.88,-70.74,-53.2714,-17.8802,,
2026-08-20T10:48:34Z,SAT-EO-01,6488,18.72,82.69,-71.15,-53.0849,-17.8548,,
2026-08-20T10:48:40Z,SAT-EO-01,6489,18.08,83.07,-70.73,-52.8953,-17.8294,,
2026-08-20T10:48:46Z,SAT-EO-01,6490,18.64,82.54,-71.9,-52.7091,-17.8047,,
2026-08-20T10:48:52Z,SAT-EO-01,6491,18.04,82.87,-72.21,-52.5182,-17.7796,,
2026-08-20T10:48:58Z,SAT-EO-01,6492,18.7,82.55,-72.96,-52.3294,-17.7552,,
2026-08-20T10:49:04Z,SAT-EO-01,6493,18.3,82.61,-71.79,-52.1359,-17.7304,,
2026-08-20T10:49:10Z,SAT-EO-01,6494,18.2,83.12,-72.35,-51.9343,-17.7049,,
2026-08-20T10:49:16Z,SAT-EO-01,6495,18.14,82.69,-71.55,-51.738,-17.6804,,
2026-08-20T10:49:22Z,SAT-EO-01,6496,18.88,82.73,-71.19,-51.534,-17.6551,,
2026-08-20T10:49:28Z,SAT-EO-01,6497,18.52,82.98,-72.22,-51.3251,-17.6296,,
2026-08-20T10:49:34Z,SAT-EO-01,6498,18.23,82.65,-70.4,-51.1227,-17.6051,,
2026-08-20T10:49:40Z,SAT-EO-01,6499,18.85,82.81,-71.98,-50.9125,-17.5799,,
2026-08-20T10:49:46Z,SAT-EO-01,6500,18.89,82.97,-71.79,-50.7055,-17.5554,,
2026-08-20T10:49:52Z,SAT-EO-01,6501,18.43,83.56,-71.74,-50.4958,-17.5308,,
2026-08-20T10:49:58Z,SAT-EO-01,6502,18.75,83.02,-72.06,-50.2765,-17.5054,,
2026-08-20T10:50:04Z,SAT-EO-01,6503,18.88,82.94,-70.31,-50.0635,-17.4809,,
2026-08-20T10:50:10Z,SAT-EO-01,6504,19.18,83.19,-70.64,-49.8431,-17.4558,,
2026-08-20T10:50:16Z,SAT-EO-01,6505,18.64,83.15,-72.62,-49.6217,-17.4309,,
2026-08-20T10:50:22Z,SAT-EO-01,6506,18.97,83.36,-71.41,-49.3972,-17.4059,,
2026-08-20T10:50:28Z,SAT-EO-01,6507,19.13,83.15,-70.06,-49.1652,-17.3802,,
2026-08-20T10:50:34Z,SAT-EO-01,6508,18.57,83.66,-70.28,-48.9398,-17.3556,,
2026-08-20T10:50:40Z,SAT-EO-01,6509,19.01,83.22,-72.08,-48.7063,-17.3303,,
2026-08-20T10:50:46Z,SAT-EO-01,6510,18.73,83.28,-71.58,-48.473,-17.3052,,
2026-08-20T10:50:52Z,SAT-EO-01,6511,19.32,83.49,-71.87,-48.24,-17.2804,,
2026-08-20T10:50:58Z,SAT-EO-01,6512,18.28,83.91,-71.75,-48.0052,-17.2557,,
2026-08-20T10:51:04Z,SAT-EO-01,6513,18.36,83.38,-69.75,-47.7662,-17.2307,,
2026-08-20T10:51:10Z,SAT-EO-01,6514,19.2,83.39,-71.65,-47.5301,-17.2062,,
2026-08-20T10:51:16Z,SAT-EO-01,6515,19.04,83.76,-71.22,-47.2911,-17.1816,,
2026-08-20T10:51:22Z,SAT-EO-01,6516,18.91,83.59,-71.11,-47.0447,-17.1565,,
2026-08-20T10:51:28Z,SAT-EO-01,6517,18.58,83.58,-71.19,-46.7936,-17.1311,,
2026-08-20T10:51:34Z,SAT-EO-01,6518,19.36,83.77,-70.66,-46.5477,-17.1065,,
2026-08-20T10:51:40Z,SAT-EO-01,6519,19.11,83.47,-71.04,-46.2988,-17.0817,,
2026-08-20T10:51:46Z,SAT-EO-01,6520,18.7,83.32,-71.28,-46.05,-17.0572,,
2026-08-20T10:51:52Z,SAT-EO-01,6521,19.11,83.67,-69.74,-45.7916,-17.0319,,
2026-08-20T10:51:58Z,SAT-EO-01,6522,19.47,83.6,-69.92,-45.5317,-17.0066,,
2026-08-20T10:52:04Z,SAT-EO-01,6523,18.81,83.91,-70.36,-45.2748,-16.9819,,
2026-08-20T10:52:10Z,SAT-EO-01,6524,19.43,83.57,-69.54,-45.0161,-16.9571,,
2026-08-20T10:52:16Z,SAT-EO-01,6525,19.03,83.65,-69.39,-44.7466,-16.9316,,
2026-08-20T10:52:22Z,SAT-EO-01,6526,19.18,84.07,-70.28,-44.4854,-16.907,,
2026-08-20T10:52:28Z,SAT-EO-01,6527,19.42,83.59,-69.9,-44.2243,-16.8825,,
2026-08-20T10:52:34Z,SAT-EO-01,6528,19.37,83.8,-71.01,-43.9513,-16.8572,,
2026-08-20T10:52:40Z,SAT-EO-01,6529,19.23,83.92,-70.08,-43.6736,-16.8316,,
2026-08-20T10:52:46Z,SAT-EO-01,6530,19.27,84.04,-70.82,-43.4013,-16.8066,,
2026-08-20T10:52:52Z,SAT-EO-01,6531,19.6,84.12,-70.8,-43.12,-16.7811,,
2026-08-20T10:52:58Z,SAT-EO-01,6532,19.23,84.0,-69.76,-42.8477,-16.7565,,
2026-08-20T10:53:04Z,SAT-EO-01,6533,19.31,84.19,-69.88,-42.5758,-16.7321,,
2026-08-20T10:53:10Z,SAT-EO-01,6534,19.76,83.93,-71.1,-42.3008,-16.7076,,
2026-08-20T10:53:16Z,SAT-EO-01,6535,19.35,84.34,-68.9,-42.0203,-16.6827,,
2026-08-20T10:53:22Z,SAT-EO-01,6536,19.29,84.2,-68.34,-41.7425,-16.6583,,
2026-08-20T10:53:28Z,SAT-EO-01,6537,18.86,84.16,-70.36,-41.4512,-16.6328,,
2026-08-20T10:53:34Z,SAT-EO-01,6538,19.73,84.03,-70.24,-41.1571,-16.6073,,
2026-08-20T10:53:40Z,SAT-EO-01,6539,18.91,84.23,-71.72,-40.8675,-16.5823,,
2026-08-20T10:53:46Z,SAT-EO-01,6540,19.28,84.68,-69.24,-40.5814,-16.5578,,
2026-08-20T10:53:52Z,SAT-EO-01,6541,19.12,84.23,-68.91,-40.2856,-16.5325,,
2026-08-20T10:53:58Z,SAT-EO-01,6542,19.5,84.05,-70.49,-39.9911,-16.5076,,
2026-08-20T10:54:04Z,SAT-EO-01,6543,19.57,84.04,-70.23,-39.6886,-16.4821,,
2026-08-20T10:54:10Z,SAT-EO-01,6544,20.09,84.48,-69.74,-39.397,-16.4577,,
2026-08-20T10:54:16Z,SAT-EO-01,6545,19.65,84.77,-71.15,-39.0965,-16.4326,,
2026-08-20T10:54:22Z,SAT-EO-01,6546,19.52,84.47,-67.87,-38.793,-16.4075,,
2026-08-20T10:54:28Z,SAT-EO-01,6547,19.43,84.25,-70.35,-38.4846,-16.3821,,
2026-08-20T10:54:34Z,SAT-EO-01,6548,19.92,84.57,-69.12,-38.1802,-16.3572,,
2026-08-20T10:54:40Z,SAT-EO-01,6549,20.0,84.82,-70.24,-37.8663,-16.3316,,
2026-08-20T10:54:46Z,SAT-EO-01,6550,19.78,84.4,-69.96,-37.5574,-16.3066,,
2026-08-20T10:54:52Z,SAT-EO-01,6551,19.56,84.66,-69.12,-37.2452,-16.2814,,
2026-08-20T10:54:58Z,SAT-EO-01,6552,19.63,84.66,-70.2,-36.9335,-16.2564,,
2026-08-20T10:55:04Z,SAT-EO-01,6553,19.6,84.69,-69.68,-36.6238,-16.2318,,
2026-08-20T10:55:10Z,SAT-EO-01,6554,19.25,84.99,-70.75,-36.303,-16.2063,,
2026-08-20T10:55:16Z,SAT-EO-01,6555,20.39,84.5,-69.49,-35.9857,-16.1813,,
2026-08-20T10:55:22Z,SAT-EO-01,6556,19.82,84.82,-69.92,-35.6623,-16.1559,,
2026-08-20T10:55:28Z,SAT-EO-01,6557,19.6,85.29,-69.57,-35.3411,-16.1308,,
2026-08-20T10:55:34Z,SAT-EO-01,6558,20.01,84.48,-68.45,-35.0172,-16.1056,,
2026-08-20T10:55:40Z,SAT-EO-01,6559,20.08,84.43,-67.87,-34.6997,-16.081,,
2026-08-20T10:55:46Z,SAT-EO-01,6560,20.03,84.37,-68.47,-34.3793,-16.0563,,
2026-08-20T10:55:52Z,SAT-EO-01,6561,20.23,84.51,-68.3,-34.0583,-16.0317,,
2026-08-20T10:55:58Z,SAT-EO-01,6562,19.84,84.77,-67.64,-33.7248,-16.0062,,
2026-08-20T10:56:04Z,SAT-EO-01,6563,19.84,85.14,-69.13,-33.3954,-15.9812,,
2026-08-20T10:56:10Z,SAT-EO-01,6564,19.38,85.03,-69.33,-33.0688,-15.9565,,
2026-08-20T10:56:16Z,SAT-EO-01,6565,20.02,85.22,-68.77,-32.7345,-15.9313,,
2026-08-20T10:56:22Z,SAT-EO-01,6566,20.48,85.37,-68.81,-32.3936,-15.9057,,
2026-08-20T10:56:28Z,SAT-EO-01,6567,20.58,85.29,-68.09,-32.0595,-15.8808,,
2026-08-20T10:56:34Z,SAT-EO-01,6568,20.63,85.3,-68.78,-31.7248,-15.8559,,
2026-08-20T10:56:40Z,SAT-EO-01,6569,20.54,85.48,-68.42,-31.3811,-15.8304,,
2026-08-20T10:56:46Z,SAT-EO-01,6570,20.32,85.46,-69.84,-31.0385,-15.8052,,
2026-08-20T10:56:52Z,SAT-EO-01,6571,20.0,85.35,-67.73,-30.6946,-15.7799,,
2026-08-20T10:56:58Z,SAT-EO-01,6572,19.97,85.41,-67.94,-30.3465,-15.7544,,
2026-08-20T10:57:04Z,SAT-EO-01,6573,19.64,85.17,-69.45,-30.0057,-15.7296,,
2026-08-20T10:57:10Z,SAT-EO-01,6574,20.76,85.17,-68.73,-29.6697,-15.7052,,
2026-08-20T10:57:16Z,SAT-EO-01,6575,19.79,85.54,-69.82,-29.3323,-15.6808,,
2026-08-20T10:57:22Z,SAT-EO-01,6576,20.2,85.62,-68.21,-28.9837,-15.6556,,
2026-08-20T10:57:28Z,SAT-EO-01,6577,20.28,85.83,-68.78,-28.633,-15.6305,,
2026-08-20T10:57:34Z,SAT-EO-01,6578,20.1,85.81,-68.94,-28.2854,-15.6056,,
2026-08-20T10:57:40Z,SAT-EO-01,6579,20.3,85.91,-67.83,-27.94,-15.581,,
2026-08-20T10:57:46Z,SAT-EO-01,6580,20.35,85.7,-69.32,-27.5968,-15.5566,,
2026-08-20T10:57:52Z,SAT-EO-01,6581,20.93,86.12,-66.82,-27.2402,-15.5313,,
2026-08-20T10:57:58Z,SAT-EO-01,6582,20.54,85.78,-68.23,-26.8837,-15.5061,,
2026-08-20T10:58:04Z,SAT-EO-01,6583,20.39,85.7,-68.33,-26.5361,-15.4817,,
2026-08-20T10:58:10Z,SAT-EO-01,6584,20.19,86.05,-67.88,-26.1854,-15.4571,,
2026-08-20T10:58:16Z,SAT-EO-01,6585,20.78,85.99,-67.98,-25.8297,-15.4322,,
2026-08-20T10:58:22Z,SAT-EO-01,6586,20.59,86.03,-67.17,-25.4774,-15.4077,,
2026-08-20T10:58:28Z,SAT-EO-01,6587,20.79,86.04,-67.72,-25.1262,-15.3833,,
2026-08-20T10:58:33Z,SAT-EO-01,6588,20.35,86.31,-68.59,-24.7708,-15.3587,,
2026-08-20T10:58:39Z,SAT-EO-01,6589,20.92,85.88,-67.64,-24.4111,-15.3338,,
2026-08-20T10:58:45Z,SAT-EO-01,6590,20.56,85.8,-68.63,-24.0523,-15.3091,,
2026-08-20T10:58:51Z,SAT-EO-01,6591,20.71,86.0,-67.31,-23.6856,-15.2839,,
2026-08-20T10:58:57Z,SAT-EO-01,6592,20.63,86.19,-67.62,-23.3283,-15.2595,,
2026-08-20T10:59:03Z,SAT-EO-01,6593,20.73,86.3,-67.64,-22.9697,-15.235,,
2026-08-20T10:59:09Z,SAT-EO-01,6594,20.81,85.8,-68.47,-22.6112,-15.2105,,
2026-08-20T10:59:15Z,SAT-EO-01,6595,21.08,86.33,-68.36,-22.246,-15.1858,,
2026-08-20T10:59:21Z,SAT-EO-01,6596,20.37,86.3,-68.02,-21.8785,-15.1609,,
2026-08-20T10:59:27Z,SAT-EO-01,6597,21.2,86.35,-67.45,-21.5156,-15.1363,,
2026-08-20T10:59:33Z,SAT-EO-01,6598,20.7,86.49,-66.96,-21.1487,-15.1116,,
2026-08-20T10:59:39Z,SAT-EO-01,6599,21.58,87.02,-67.33,-20.7829,-15.087,,
2026-08-20T10:59:45Z,SAT-EO-01,6600,20.92,86.39,-67.77,-20.4038,-15.0616,,
2026-08-20T10:59:51Z,SAT-EO-01,6601,20.58,86.55,-67.03,-20.0252,-15.0362,,
2026-08-20T10:59:57Z,SAT-EO-01,6602,21.01,86.64,-66.74,-19.6569,-15.0117,,
2026-08-20T11:00:03Z,SAT-EO-01,6603,20.7,86.48,-66.66,-19.2883,-14.9871,,
2026-08-20T11:00:08Z,SAT-EO-01,6604,20.93,86.98,-68.38,-18.9214,-14.9627,,
2026-08-20T11:00:14Z,SAT-EO-01,6605,21.39,86.74,-67.23,-18.5461,-14.9378,,
2026-08-20T11:00:20Z,SAT-EO-01,6606,21.06,86.97,-68.41,-18.1639,-14.9125,,
2026-08-20T11:00:26Z,SAT-EO-01,6607,21.52,87.15,-67.97,-17.7942,-14.8881,,
2026-08-20T11:00:32Z,SAT-EO-01,6608,21.36,86.81,-67.28,-17.4124,-14.863,,
2026-08-20T11:00:38Z,SAT-EO-01,6609,21.12,87.53,-68.2,-17.0383,-14.8384,,
2026-08-20T11:00:44Z,SAT-EO-01,6610,21.59,87.1,-68.5,-16.6544,-14.8132,,
2026-08-20T11:00:50Z,SAT-EO-01,6611,21.11,87.14,-67.23,-16.264,-14.7876,,
2026-08-20T11:00:56Z,SAT-EO-01,6612,21.94,87.04,-67.76,-15.8856,-14.7629,,
2026-08-20T11:01:03Z,SAT-EO-01,6613,21.3,87.46,-69.66,-15.4958,-14.7374,,
2026-08-20T11:01:08Z,SAT-EO-01,6614,21.16,87.34,-69.17,-15.1138,-14.7125,,
2026-08-20T11:01:15Z,SAT-EO-01,6615,21.73,87.26,-66.75,-14.7275,-14.6874,,
2026-08-20T11:01:20Z,SAT-EO-01,6616,20.81,87.22,-67.14,-14.3463,-14.6626,,
2026-08-20T11:01:26Z,SAT-EO-01,6617,21.27,87.5,-67.07,-13.9667,-14.638,,
2026-08-20T11:01:32Z,SAT-EO-01,6618,21.51,87.27,-68.1,-13.58,-14.613,,
2026-08-20T11:01:38Z,SAT-EO-01,6619,21.97,87.24,-67.28,-13.1869,-14.5876,,
2026-08-20T11:01:45Z,SAT-EO-01,6620,22.08,87.55,-68.87,-12.794,-14.5622,,
2026-08-20T11:01:51Z,SAT-EO-01,6621,21.39,87.36,-66.21,-12.4024,-14.537,,
2026-08-20T11:01:57Z,SAT-EO-01,6622,22.05,87.58,-66.08,-12.014,-14.512,,
2026-08-20T11:02:03Z,SAT-EO-01,6623,21.32,87.93,-65.92,-11.6175,-14.4865,,
2026-08-20T11:02:09Z,SAT-EO-01,6624,21.3,87.71,-68.27,-11.2202,-14.461,,
2026-08-20T11:02:15Z,SAT-EO-01,6625,22.02,87.45,-67.01,-10.8376,-14.4365,,
2026-08-20T11:02:21Z,SAT-EO-01,6626,21.51,87.83,-67.09,-10.4392,-14.411,,
2026-08-20T11:02:27Z,SAT-EO-01,6627,22.02,87.79,-67.92,-10.0562,-14.3865,,
2026-08-20T11:02:33Z,SAT-EO-01,6628,21.8,87.57,-67.92,-9.6658,-14.3616,,
2026-08-20T11:02:39Z,SAT-EO-01,6629,20.9,87.33,-66.08,-9.2731,-14.3365,,
2026-08-20T11:02:45Z,SAT-EO-01,6630,21.81,88.01,-66.91,-8.8745,-14.3111,,
2026-08-20T11:02:51Z,SAT-EO-01,6631,21.87,87.89,-66.88,-8.4895,-14.2866,,
2026-08-20T11:02:57Z,SAT-EO-01,6632,22.16,87.78,-68.29,-8.1051,-14.2622,,
2026-08-20T11:03:03Z,SAT-EO-01,6633,22.02,87.8,-66.6,-7.7121,-14.2372,,
2026-08-20T11:03:09Z,SAT-EO-01,6634,21.92,88.64,-66.38,-7.3098,-14.2117,,
2026-08-20T11:03:15Z,SAT-EO-01,6635,22.07,88.15,-67.82,-6.9229,-14.1871,,
2026-08-20T11:03:21Z,SAT-EO-01,6636,22.22,88.19,-66.64,-6.5272,-14.162,,
2026-08-20T11:03:27Z,SAT-EO-01,6637,22.02,88.46,-68.33,-6.1388,-14.1374,,
2026-08-20T11:03:33Z,SAT-EO-01,6638,21.87,88.25,-66.17,-5.7361,-14.1119,,
2026-08-20T11:03:38Z,SAT-EO-01,6639,21.64,88.32,-67.3,-5.3503,-14.0875,,
2026-08-20T11:03:44Z,SAT-EO-01,6640,21.76,88.14,-67.31,-4.9628,-14.063,,
2026-08-20T11:03:50Z,SAT-EO-01,6641,22.19,88.27,-67.51,-4.5635,-14.0378,,
2026-08-20T11:03:56Z,SAT-EO-01,6642,22.29,88.3,-66.47,-4.1759,-14.0133,,
2026-08-20T11:04:02Z,SAT-EO-01,6643,22.71,88.73,-66.5,-3.781,-13.9884,,
2026-08-20T11:04:08Z,SAT-EO-01,6644,21.69,88.65,-67.79,-3.3892,-13.9636,,
2026-08-20T11:04:14Z,SAT-EO-01,6645,22.78,89.17,-67.85,-2.9958,-13.9388,,
2026-08-20T11:04:20Z,SAT-EO-01,6646,22.35,88.55,-66.23,-2.6006,-13.9139,,
2026-08-20T11:04:26Z,SAT-EO-01,6647,22.73,88.74,-67.59,-2.2052,-13.889,,
2026-08-20T11:04:32Z,SAT-EO-01,6648,22.46,88.92,-66.47,-1.8013,-13.8635,,
2026-08-20T11:04:38Z,SAT-EO-01,6649,22.35,89.24,-66.55,-1.4053,-13.8385,,
2026-08-20T11:04:44Z,SAT-EO-01,6650,22.55,89.16,-67.12,-1.0008,-13.8131,,
2026-08-20T11:04:50Z,SAT-EO-01,6651,22.49,88.7,-67.77,-0.6119,-13.7886,,
2026-08-20T11:04:56Z,SAT-EO-01,6652,22.63,89.03,-67.66,-0.2157,-13.7636,,
2026-08-20T11:05:02Z,SAT-EO-01,6653,22.26,89.37,-66.56,0.1882,-13.7381,,
2026-08-20T11:05:08Z,SAT-EO-01,6654,22.9,89.09,-65.94,0.5947,-13.7125,,
2026-08-20T11:05:14Z,SAT-EO-01,6655,22.87,89.54,-68.17,0.9889,-13.6877,,
2026-08-20T11:05:20Z,SAT-EO-01,6656,23.03,89.46,-66.84,1.3842,-13.6628,,
2026-08-20T11:05:27Z,SAT-EO-01,6657,22.52,89.09,-66.47,1.7862,-13.6375,,
2026-08-20T11:05:33Z,SAT-EO-01,6658,22.45,89.55,-68.63,2.1908,-13.612,,
2026-08-20T11:05:39Z,SAT-EO-01,6659,22.74,89.17,-67.82,2.5914,-13.5867,,
2026-08-20T11:05:45Z,SAT-EO-01,6660,23.11,89.52,-67.4,2.9948,-13.5613,,
2026-08-20T11:05:51Z,SAT-EO-01,6661,22.9,89.38,-67.98,3.4,-13.5357,,
2026-08-20T11:05:57Z,SAT-EO-01,6662,23.42,89.18,-67.75,3.8021,-13.5103,,
2026-08-20T11:06:03Z,SAT-EO-01,6663,22.46,89.41,-67.72,4.2012,-13.4851,,
2026-08-20T11:06:09Z,SAT-EO-01,6664,23.45,89.94,-67.59,4.6048,-13.4596,,
2026-08-20T11:06:15Z,SAT-EO-01,6665,22.89,89.89,-67.7,5.0084,-13.4341,,
2026-08-20T11:06:21Z,SAT-EO-01,6666,23.51,89.52,-68.33,5.4067,-13.4089,,
2026-08-20T11:06:27Z,SAT-EO-01,6667,22.97,89.55,-67.2,5.796,-13.3843,,
2026-08-20T11:06:33Z,SAT-EO-01,6668,22.48,90.06,-67.0,6.1942,-13.3591,,
2026-08-20T11:06:39Z,SAT-EO-01,6669,23.46,89.46,-67.36,6.5796,-13.3347,,
2026-08-20T11:06:45Z,SAT-EO-01,6670,22.85,89.19,-67.33,6.9746,-13.3096,,
2026-08-20T11:06:51Z,SAT-EO-01,6671,23.09,89.67,-67.82,7.3764,-13.2841,,
2026-08-20T11:06:57Z,SAT-EO-01,6672,23.61,90.19,-68.42,7.7683,-13.2592,,
2026-08-20T11:07:03Z,SAT-EO-01,6673,23.0,90.26,-66.75,8.1663,-13.2339,,
2026-08-20T11:07:09Z,SAT-EO-01,6674,23.22,90.23,-66.0,8.5675,-13.2084,,
2026-08-20T11:07:15Z,SAT-EO-01,6675,23.1,90.0,-68.12,8.9607,-13.1834,,
2026-08-20T11:07:22Z,SAT-EO-01,6676,23.18,90.19,-65.41,9.3544,-13.1583,,
2026-08-20T11:07:27Z,SAT-EO-01,6677,22.78,89.89,-67.04,9.7371,-13.1338,,
2026-08-20T11:07:33Z,SAT-EO-01,6678,23.09,90.03,-66.62,10.1315,-13.1087,,
2026-08-20T11:07:39Z,SAT-EO-01,6679,22.56,90.09,-68.46,10.5221,-13.0837,,
2026-08-20T11:07:45Z,SAT-EO-01,6680,22.66,90.18,-66.83,10.9119,-13.0587,,
2026-08-20T11:07:51Z,SAT-EO-01,6681,22.95,90.42,-67.32,11.2942,-13.0342,,
2026-08-20T11:07:57Z,SAT-EO-01,6682,23.11,90.03,-67.84,11.6782,-13.0096,,
2026-08-20T11:08:03Z,SAT-EO-01,6683,23.25,90.42,-67.31,12.0593,-12.9851,,
2026-08-20T11:08:09Z,SAT-EO-01,6684,23.51,90.3,-66.58,12.4515,-12.9598,,
2026-08-20T11:08:15Z,SAT-EO-01,6685,23.29,90.66,-66.74,12.8443,-12.9345,,
2026-08-20T11:08:21Z,SAT-EO-01,6686,23.25,90.74,-66.94,13.2257,-12.9099,,
2026-08-20T11:08:27Z,SAT-EO-01,6687,23.69,90.58,-68.42,13.6213,-12.8843,,
2026-08-20T11:08:33Z,SAT-EO-01,6688,23.4,90.49,-65.66,14.0078,-12.8593,,
2026-08-20T11:08:39Z,SAT-EO-01,6689,23.84,90.05,-67.35,14.3946,-12.8342,,
2026-08-20T11:08:45Z,SAT-EO-01,6690,23.83,90.54,-66.41,14.7748,-12.8095,,
2026-08-20T11:08:51Z,SAT-EO-01,6691,23.58,90.66,-68.29,15.1652,-12.7841,,
2026-08-20T11:08:57Z,SAT-EO-01,6692,24.22,90.34,-67.28,15.5559,-12.7587,,
2026-08-20T11:09:03Z,SAT-EO-01,6693,24.12,90.99,-68.26,15.943,-12.7334,,
2026-08-20T11:09:10Z,SAT-EO-01,6694,23.88,90.71,-69.28,16.3285,-12.7082,,
2026-08-20T11:09:16Z,SAT-EO-01,6695,24.2,90.55,-68.07,16.718,-12.6827,,
2026-08-20T11:09:22Z,SAT-EO-01,6696,23.69,90.6,-66.16,17.0979,-12.6577,,
2026-08-20T11:09:28Z,SAT-EO-01,6697,24.13,90.89,-67.64,17.4758,-12.6329,,
2026-08-20T11:09:34Z,SAT-EO-01,6698,24.11,90.93,-68.05,17.8624,-12.6074,,
2026-08-20T11:09:40Z,SAT-EO-01,6699,23.81,91.19,-66.86,18.2474,-12.5819,,
2026-08-20T11:09:46Z,SAT-EO-01,6700,23.62,91.74,-68.54,18.6253,-12.5569,,
2026-08-20T11:09:52Z,SAT-EO-01,6701,24.02,91.08,-67.2,19.0094,-12.5314,,
2026-08-20T11:09:58Z,SAT-EO-01,6702,24.25,91.4,-68.73,19.3763,-12.507,,
2026-08-20T11:10:04Z,SAT-EO-01,6703,23.43,91.35,-68.59,19.7515,-12.482,,
2026-08-20T11:10:10Z,SAT-EO-01,6704,24.32,91.71,-68.56,20.1237,-12.4572,,
2026-08-20T11:10:16Z,SAT-EO-01,6705,23.83,91.24,-67.84,20.4894,-12.4327,,
2026-08-20T11:10:22Z,SAT-EO-01,6706,23.98,91.65,-66.73,20.864,-12.4076,,
2026-08-20T11:10:28Z,SAT-EO-01,6707,24.26,91.24,-67.55,21.2351,-12.3826,,
2026-08-20T11:10:34Z,SAT-EO-01,6708,24.31,91.9,-66.57,21.6006,-12.3579,,
2026-08-20T11:10:40Z,SAT-EO-01,6709,23.92,91.67,-66.79,21.9745,-12.3327,,
2026-08-20T11:10:46Z,SAT-EO-01,6710,23.69,91.47,-67.48,22.3432,-12.3077,,
2026-08-20T11:10:52Z,SAT-EO-01,6711,24.34,91.93,-68.24,22.705,-12.2831,,
2026-08-20T11:10:58Z,SAT-EO-01,6712,25.08,91.79,-67.82,23.073,-12.258,,
2026-08-20T11:11:04Z,SAT-EO-01,6713,24.48,92.24,-68.15,23.4338,-12.2333,,
2026-08-20T11:11:09Z,SAT-EO-01,6714,23.99,91.87,-68.05,23.7927,-12.2087,,
2026-08-20T11:11:15Z,SAT-EO-01,6715,24.38,91.82,-67.87,24.1598,-12.1835,,
2026-08-20T11:11:22Z,SAT-EO-01,6716,24.95,91.61,-67.35,24.5281,-12.1581,,
2026-08-20T11:11:28Z,SAT-EO-01,6717,23.73,92.42,-68.46,24.8902,-12.1331,,
2026-08-20T11:11:33Z,SAT-EO-01,6718,24.18,92.23,-67.17,25.2468,-12.1084,,
2026-08-20T11:11:40Z,SAT-EO-01,6719,24.95,91.78,-67.32,25.6076,-12.0833,,
2026-08-20T11:11:46Z,SAT-EO-01,6720,24.31,91.84,-68.45,25.9723,-12.0578,,
2026-08-20T11:11:52Z,SAT-EO-01,6721,23.88,92.06,-68.92,26.3286,-12.0329,,
2026-08-20T11:11:58Z,SAT-EO-01,6722,24.83,92.0,-69.08,26.6909,-12.0074,,
2026-08-20T11:12:04Z,SAT-EO-01,6723,24.27,92.2,-67.97,27.0479,-11.9823,,
2026-08-20T11:12:10Z,SAT-EO-01,6724,24.94,92.23,-67.38,27.408,-11.9568,,
2026-08-20T11:12:16Z,SAT-EO-01,6725,24.69,92.32,-69.46,27.7677,-11.9313,,
2026-08-20T11:12:22Z,SAT-EO-01,6726,24.55,92.04,-67.53,28.126,-11.9058,,
2026-08-20T11:12:28Z,SAT-EO-01,6727,24.55,92.81,-69.01,28.4732,-11.881,,
2026-08-20T11:12:34Z,SAT-EO-01,6728,25.07,92.55,-67.73,28.822,-11.856,,
2026-08-20T11:12:40Z,SAT-EO-01,6729,24.76,92.19,-68.94,29.1636,-11.8314,,
2026-08-20T11:12:46Z,SAT-EO-01,6730,24.87,92.24,-68.52,29.5076,-11.8066,,
2026-08-20T11:12:52Z,SAT-EO-01,6731,24.47,92.29,-66.35,29.8483,-11.7819,,
2026-08-20T11:12:58Z,SAT-EO-01,6732,24.7,92.59,-67.83,30.1854,-11.7573,,
2026-08-20T11:13:04Z,SAT-EO-01,6733,24.73,92.65,-68.47,30.5294,-11.7322,,
2026-08-20T11:13:10Z,SAT-EO-01,6734,24.25,92.79,-69.4,30.8705,-11.7072,,
2026-08-20T11:13:16Z,SAT-EO-01,6735,24.69,93.11,-68.81,31.2021,-11.6828,,
2026-08-20T11:13:22Z,SAT-EO-01,6736,25.55,92.73,-69.01,31.5484,-11.6572,,
2026-08-20T11:13:28Z,SAT-EO-01,6737,25.07,92.86,-69.1,31.8845,-11.6322,,
2026-08-20T11:13:34Z,SAT-EO-01,6738,25.12,92.73,-69.93,32.212,-11.6078,,
2026-08-20T11:13:40Z,SAT-EO-01,6739,24.82,92.74,-67.47,32.5502,-11.5825,,
2026-08-20T11:13:46Z,SAT-EO-01,6740,25.27,92.27,-67.83,32.8838,-11.5575,,
2026-08-20T11:13:52Z,SAT-EO-01,6741,25.47,92.97,-70.76,33.221,-11.532,,
2026-08-20T11:13:58Z,SAT-EO-01,6742,25.33,92.7,-69.91,33.5533,-11.5068,,
2026-08-20T11:14:04Z,SAT-EO-01,6743,25.36,93.04,-68.48,33.8896,-11.4812,,
2026-08-20T11:14:10Z,SAT-EO-01,6744,25.45,93.22,-70.06,34.2218,-11.4558,,
2026-08-20T11:14:16Z,SAT-EO-01,6745,24.7,93.13,-69.76,34.5485,-11.4307,,
2026-08-20T11:14:22Z,SAT-EO-01,6746,24.76,92.88,-69.85,34.8738,-11.4055,,
2026-08-20T11:14:28Z,SAT-EO-01,6747,25.54,93.02,-69.17,35.1885,-11.3811,,
2026-08-20T11:14:34Z,SAT-EO-01,6748,25.24,92.98,-70.05,35.5054,-11.3564,,
2026-08-20T11:14:40Z,SAT-EO-01,6749,25.6,93.33,-70.38,35.8294,-11.331,,
2026-08-20T11:14:46Z,SAT-EO-01,6750,25.4,93.33,-68.72,36.1426,-11.3064,,
2026-08-20T11:14:52Z,SAT-EO-01,6751,25.18,93.02,-68.14,36.4519,-11.2819,,
2026-08-20T11:14:58Z,SAT-EO-01,6752,25.22,93.18,-69.69,36.7691,-11.2567,,
2026-08-20T11:15:04Z,SAT-EO-01,6753,25.15,93.16,-70.02,37.0785,-11.2319,,
2026-08-20T11:15:10Z,SAT-EO-01,6754,25.59,92.86,-69.61,37.3949,-11.2065,,
2026-08-20T11:15:16Z,SAT-EO-01,6755,25.38,93.86,-68.94,37.7031,-11.1816,,
2026-08-20T11:15:22Z,SAT-EO-01,6756,26.48,93.62,-69.98,38.0044,-11.1572,,
2026-08-20T11:15:28Z,SAT-EO-01,6757,24.62,93.58,-69.31,38.3166,-11.1317,,
2026-08-20T11:15:34Z,SAT-EO-01,6758,25.25,93.55,-69.83,38.6178,-11.107,,
2026-08-20T11:15:40Z,SAT-EO-01,6759,25.29,93.58,-69.85,38.9204,-11.082,,
2026-08-20T11:15:46Z,SAT-EO-01,6760,25.72,93.61,-68.28,39.2154,-11.0575,,
2026-08-20T11:15:52Z,SAT-EO-01,6761,25.36,93.59,-70.55,39.512,-11.0327,,
2026-08-20T11:15:58Z,SAT-EO-01,6762,25.99,94.01,-68.65,39.813,-11.0075,,
2026-08-20T11:16:04Z,SAT-EO-01,6763,25.11,94.14,-70.42,40.1133,-10.9821,,
2026-08-20T11:16:10Z,SAT-EO-01,6764,25.44,93.52,-69.08,40.4116,-10.9567,,
2026-08-20T11:16:16Z,SAT-EO-01,6765,25.34,94.38,-69.79,40.7093,-10.9313,,
2026-08-20T11:16:22Z,SAT-EO-01,6766,25.52,93.76,-70.5,41.002,-10.9061,,
2026-08-20T11:16:28Z,SAT-EO-01,6767,25.73,94.26,-70.32,41.2979,-10.8805,,
2026-08-20T11:16:34Z,SAT-EO-01,6768,25.63,93.9,-69.49,41.5914,-10.8549,,
2026-08-20T11:16:40Z,SAT-EO-01,6769,25.44,93.75,-71.09,41.8708,-10.8304,,
2026-08-20T11:16:46Z,SAT-EO-01,6770,25.7,93.83,-69.94,42.1569,-10.8052,,
2026-08-20T11:16:52Z,SAT-EO-01,6771,25.85,93.84,-71.09,42.4418,-10.7799,,
2026-08-20T11:16:58Z,SAT-EO-01,6772,25.28,93.77,-70.17,42.7146,-10.7555,,
2026-08-20T11:17:04Z,SAT-EO-01,6773,25.39,93.8,-70.57,42.9951,-10.7302,,
2026-08-20T11:17:10Z,SAT-EO-01,6774,26.21,93.27,-70.48,43.2643,-10.7058,,
2026-08-20T11:17:16Z,SAT-EO-01,6775,25.56,94.41,-69.83,43.5395,-10.6807,,
2026-08-20T11:17:22Z,SAT-EO-01,6776,25.62,94.35,-70.82,43.8093,-10.6559,,
2026-08-20T11:17:28Z,SAT-EO-01,6777,25.49,94.15,-70.09,44.0853,-10.6304,,
2026-08-20T11:17:34Z,SAT-EO-01,6778,25.77,94.0,-69.99,44.3598,-10.6048,,
2026-08-20T11:17:40Z,SAT-EO-01,6779,25.95,94.53,-70.45,44.6258,-10.5798,,
2026-08-20T11:17:46Z,SAT-EO-01,6780,25.8,94.7,-70.16,44.8949,-10.5544,,
2026-08-20T11:17:52Z,SAT-EO-01,6781,26.03,94.28,-69.43,45.1555,-10.5295,,
2026-08-20T11:17:58Z,SAT-EO-01,6782,25.49,94.37,-70.74,45.4116,-10.5049,,
2026-08-20T11:18:04Z,SAT-EO-01,6783,25.6,94.44,-70.25,45.6744,-10.4795,,
2026-08-20T11:18:10Z,SAT-EO-01,6784,25.88,94.22,-69.83,45.928,-10.4548,,
2026-08-20T11:18:16Z,SAT-EO-01,6785,25.75,94.51,-70.72,46.1879,-10.4292,,
2026-08-20T11:18:23Z,SAT-EO-01,6786,25.47,94.61,-72.04,46.4412,-10.4041,,
2026-08-20T11:18:28Z,SAT-EO-01,6787,26.02,94.35,-69.07,46.6873,-10.3795,,
2026-08-20T11:18:34Z,SAT-EO-01,6788,26.08,94.45,-69.92,46.9374,-10.3544,,
2026-08-20T11:18:40Z,SAT-EO-01,6789,26.55,94.78,-69.15,47.1775,-10.33,,
2026-08-20T11:18:46Z,SAT-EO-01,6790,26.13,94.64,-71.48,47.4196,-10.3052,,
2026-08-20T11:18:52Z,SAT-EO-01,6791,25.87,93.8,-68.81,47.6586,-10.2805,,
2026-08-20T11:18:58Z,SAT-EO-01,6792,25.89,94.26,-71.08,47.893,-10.2561,,
2026-08-20T11:19:04Z,SAT-EO-01,6793,25.69,94.9,-71.33,48.126,-10.2316,,
2026-08-20T11:19:10Z,SAT-EO-01,6794,25.66,94.93,-69.81,48.363,-10.2065,,
2026-08-20T11:19:16Z,SAT-EO-01,6795,26.35,94.36,-70.85,48.6011,-10.1811,,
2026-08-20T11:19:22Z,SAT-EO-01,6796,25.84,94.57,-72.03,48.8337,-10.156,,
2026-08-20T11:19:28Z,SAT-EO-01,6797,26.11,94.44,-71.01,49.0669,-10.1305,,
2026-08-20T11:19:34Z,SAT-EO-01,6798,26.46,94.63,-70.63,49.2968,-10.1053,,
2026-08-20T11:19:40Z,SAT-EO-01,6799,26.49,94.98,-71.22,49.5187,-10.0806,,
2026-08-20T11:19:46Z,SAT-EO-01,6800,26.08,94.73,-70.15,49.7406,-10.0557,,
2026-08-20T11:19:52Z,SAT-EO-01,6801,25.88,95.23,-71.06,49.9661,-10.0302,,
2026-08-20T11:19:58Z,SAT-EO-01,6802,26.01,95.19,-72.05,50.1832,-10.0054,,
2026-08-20T11:20:04Z,SAT-EO-01,6803,26.08,95.24,-71.34,50.3992,-9.9804,,
2026-08-20T11:20:10Z,SAT-EO-01,6804,25.88,94.76,-70.8,50.6183,-9.9549,,
2026-08-20T11:20:16Z,SAT-EO-01,6805,26.01,94.71,-72.83,50.8291,-9.93,,
2026-08-20T11:20:22Z,SAT-EO-01,6806,26.86,94.76,-71.14,51.0344,-9.9055,,
2026-08-20T11:20:28Z,SAT-EO-01,6807,25.41,95.72,-71.22,51.2431,-9.8804,,
2026-08-20T11:20:34Z,SAT-EO-01,6808,26.15,95.43,-72.67,51.4477,-9.8555,,
2026-08-20T11:20:40Z,SAT-EO-01,6809,26.64,94.75,-70.24,51.6518,-9.8303,,
2026-08-20T11:20:46Z,SAT-EO-01,6810,26.55,94.96,-70.67,51.855,-9.805,,
2026-08-20T11:20:52Z,SAT-EO-01,6811,26.23,95.23,-72.62,52.052,-9.7802,,
2026-08-20T11:20:58Z,SAT-EO-01,6812,26.36,94.76,-71.9,52.2523,-9.7547,,
2026-08-20T11:21:04Z,SAT-EO-01,6813,26.94,94.83,-70.71,52.448,-9.7295,,
2026-08-20T11:21:11Z,SAT-EO-01,6814,26.26,95.26,-71.3,52.6434,-9.704,,
2026-08-20T11:21:16Z,SAT-EO-01,6815,26.53,95.33,-71.34,52.8289,-9.6795,,
2026-08-20T11:21:22Z,SAT-EO-01,6816,26.75,94.99,-71.52,53.0131,-9.6549,,
2026-08-20T11:21:28Z,SAT-EO-01,6817,26.1,95.13,-71.57,53.1996,-9.6296,,
2026-08-20T11:21:34Z,SAT-EO-01,6818,26.59,95.04,-71.51,53.3837,-9.6044,,
2026-08-20T11:21:41Z,SAT-EO-01,6819,26.64,95.38,-71.71,53.5672,-9.5789,,
2026-08-20T11:21:47Z,SAT-EO-01,6820,26.8,95.26,-71.41,53.7443,-9.5539,,
2026-08-20T11:21:53Z,SAT-EO-01,6821,27.05,94.95,-71.19,53.9208,-9.5288,,
2026-08-20T11:21:59Z,SAT-EO-01,6822,27.06,95.56,-72.97,54.0938,-9.5037,,
2026-08-20T11:22:05Z,SAT-EO-01,6823,26.7,95.37,-72.78,54.2678,-9.4782,,
2026-08-20T11:22:11Z,SAT-EO-01,6824,27.41,95.26,-72.81,54.4383,-9.4529,,
2026-08-20T11:22:17Z,SAT-EO-01,6825,26.27,95.01,-71.1,54.6037,-9.4279,,
2026-08-20T11:22:23Z,SAT-EO-01,6826,26.39,95.26,-72.15,54.7644,-9.4033,,
2026-08-20T11:22:29Z,SAT-EO-01,6827,26.97,95.48,-72.49,54.9258,-9.3782,,
2026-08-20T11:22:35Z,SAT-EO-01,6828,26.93,95.36,-71.97,55.0814,-9.3537,,
2026-08-20T11:22:41Z,SAT-EO-01,6829,26.13,95.43,-71.83,55.2348,-9.3291,,
2026-08-20T11:22:47Z,SAT-EO-01,6830,27.12,95.05,-72.32,55.3894,-9.304,,
2026-08-20T11:22:53Z,SAT-EO-01,6831,26.37,95.84,-71.15,55.5414,-9.2789,,
2026-08-20T11:22:58Z,SAT-EO-01,6832,26.68,94.98,-71.68,55.6877,-9.2543,,
2026-08-20T11:23:05Z,SAT-EO-01,6833,26.98,95.85,-72.16,55.8357,-9.2291,,
2026-08-20T11:23:11Z,SAT-EO-01,6834,27.04,95.28,-71.27,55.98,-9.204,,
2026-08-20T11:23:16Z,SAT-EO-01,6835,26.45,95.36,-71.89,56.1183,-9.1796,,
2026-08-20T11:23:22Z,SAT-EO-01,6836,26.66,95.19,-72.56,56.2596,-9.1542,,
2026-08-20T11:23:29Z,SAT-EO-01,6837,26.7,95.84,-73.2,56.3967,-9.1292,,
2026-08-20T11:23:34Z,SAT-EO-01,6838,26.75,95.2,-73.29,56.5304,-9.1043,,
2026-08-20T11:23:41Z,SAT-EO-01,6839,27.39,95.72,-71.93,56.6646,-9.0788,,
2026-08-20T11:23:47Z,SAT-EO-01,6840,26.38,95.41,-72.77,56.7963,-9.0533,,
2026-08-20T11:23:53Z,SAT-EO-01,6841,26.4,95.81,-71.71,56.9206,-9.0288,,
2026-08-20T11:23:59Z,SAT-EO-01,6842,26.92,95.7,-73.22,57.0457,-9.0036,,
2026-08-20T11:24:05Z,SAT-EO-01,6843,26.33,95.39,-72.35,57.1668,-8.9787,,
2026-08-20T11:24:10Z,SAT-EO-01,6844,26.87,95.19,-72.68,57.2839,-8.9542,,
2026-08-20T11:24:17Z,SAT-EO-01,6845,27.2,95.28,-73.68,57.4035,-8.9286,,
2026-08-20T11:24:23Z,SAT-EO-01,6846,26.78,96.01,-73.56,57.5186,-8.9034,,
2026-08-20T11:24:29Z,SAT-EO-01,6847,27.18,96.03,-71.03,57.6297,-8.8785,,
2026-08-20T11:24:35Z,SAT-EO-01,6848,26.86,95.72,-72.63,57.7386,-8.8536,,
2026-08-20T11:24:41Z,SAT-EO-01,6849,26.89,95.67,-73.18,57.8439,-8.8289,,
2026-08-20T11:24:47Z,SAT-EO-01,6850,26.76,95.64,-71.07,57.9497,-8.8035,,
2026-08-20T11:24:53Z,SAT-EO-01,6851,26.8,95.48,-72.71,58.0501,-8.7788,,
2026-08-20T11:24:59Z,SAT-EO-01,6852,26.91,95.81,-72.34,58.1495,-8.7537,,
2026-08-20T11:25:05Z,SAT-EO-01,6853,27.16,95.93,-71.85,58.2457,-8.7288,,
2026-08-20T11:25:11Z,SAT-EO-01,6854,26.96,96.43,-72.65,58.3398,-8.7038,,
2026-08-20T11:25:17Z,SAT-EO-01,6855,27.09,95.95,-72.13,58.4317,-8.6786,,
2026-08-20T11:25:23Z,SAT-EO-01,6856,27.23,95.81,-73.15,58.5215,-8.6534,,
2026-08-20T11:25:29Z,SAT-EO-01,6857,27.36,95.92,-72.2,58.6091,-8.628,,
2026-08-20T11:25:35Z,SAT-EO-01,6858,27.39,96.08,-72.14,58.6908,-8.6036,,
2026-08-20T11:25:41Z,SAT-EO-01,6859,26.77,96.23,-72.2,58.7728,-8.5783,,
2026-08-20T11:25:47Z,SAT-EO-01,6860,26.96,95.93,-71.73,58.853,-8.5528,,
2026-08-20T11:25:53Z,SAT-EO-01,6861,26.51,95.67,-70.64,58.929,-8.5278,,
2026-08-20T11:25:59Z,SAT-EO-01,6862,27.07,95.91,-72.17,59.0014,-8.5031,,
2026-08-20T11:26:05Z,SAT-EO-01,6863,26.7,95.87,-73.1,59.0723,-8.478,,
2026-08-20T11:26:11Z,SAT-EO-01,6864,27.19,96.25,-71.4,59.141,-8.4529,,
2026-08-20T11:26:17Z,SAT-EO-01,6865,26.74,95.7,-71.67,59.2067,-8.4278,,
2026-08-20T11:26:23Z,SAT-EO-01,6866,26.99,95.7,-71.39,59.2695,-8.4029,,
2026-08-20T11:26:29Z,SAT-EO-01,6867,26.58,96.08,-74.42,59.3289,-8.3784,,
2026-08-20T11:26:35Z,SAT-EO-01,6868,26.99,95.82,-74.04,59.388,-8.3528,,
2026-08-20T11:26:41Z,SAT-EO-01,6869,27.34,95.59,-73.45,59.4445,-8.3273,,
2026-08-20T11:26:47Z,SAT-EO-01,6870,26.85,95.92,-72.23,59.4974,-8.3021,,
2026-08-20T11:26:53Z,SAT-EO-01,6871,26.48,96.39,-74.05,59.5476,-8.277,,
2026-08-20T11:26:59Z,SAT-EO-01,6872,27.21,96.23,-73.06,59.5947,-8.2521,,
2026-08-20T11:27:05Z,SAT-EO-01,6873,26.55,96.1,-72.32,59.6391,-8.2273,,
2026-08-20T11:27:11Z,SAT-EO-01,6874,26.53,95.46,-73.31,59.6818,-8.202,,
2026-08-20T11:27:17Z,SAT-EO-01,6875,27.12,95.8,-72.05,59.7221,-8.1765,,
2026-08-20T11:27:23Z,SAT-EO-01,6876,27.37,95.74,-72.1,59.7597,-8.1509,,
2026-08-20T11:27:29Z,SAT-EO-01,6877,26.85,95.95,-72.11,59.7936,-8.1261,,
2026-08-20T11:27:35Z,SAT-EO-01,6878,27.31,96.41,-72.64,59.8257,-8.1007,,
2026-08-20T11:27:41Z,SAT-EO-01,6879,26.71,96.29,-72.98,59.8544,-8.0759,,
2026-08-20T11:27:47Z,SAT-EO-01,6880,26.29,95.79,-72.43,59.881,-8.0506,,
2026-08-20T11:27:53Z,SAT-EO-01,6881,26.94,95.51,-74.87,59.9043,-8.026,,
2026-08-20T11:27:59Z,SAT-EO-01,6882,27.45,96.15,-73.07,59.9256,-8.0008,,
2026-08-20T11:28:05Z,SAT-EO-01,6883,27.48,96.39,-73.51,59.9438,-7.9761,,
2026-08-20T11:28:11Z,SAT-EO-01,6884,26.43,95.97,-74.03,59.9596,-7.9513,,
2026-08-20T11:28:17Z,SAT-EO-01,6885,26.93,95.67,-73.83,59.9728,-7.9264,,
2026-08-20T11:28:23Z,SAT-EO-01,6886,26.92,96.33,-72.23,59.9832,-7.9019,,
2026-08-20T11:28:29Z,SAT-EO-01,6887,27.02,95.84,-74.06,59.9914,-7.8763,,
2026-08-20T11:28:35Z,SAT-EO-01,6888,27.59,95.95,-72.67,59.9969,-7.851,,
2026-08-20T11:28:41Z,SAT-EO-01,6889,26.61,95.8,-73.36,59.9996,-7.8259,,
2026-08-20T11:28:47Z,SAT-EO-01,6890,26.69,96.01,-72.64,59.9997,-7.8007,,
2026-08-20T11:28:53Z,SAT-EO-01,6891,26.56,96.04,-72.88,59.9972,-7.7757,,
2026-08-20T11:28:59Z,SAT-EO-01,6892,26.99,95.85,-73.28,59.992,-7.751,,
2026-08-20T11:29:05Z,SAT-EO-01,6893,27.05,95.94,-72.88,59.9842,-7.7258,,
2026-08-20T11:29:11Z,SAT-EO-01,6894,26.66,96.32,-72.76,59.9741,-7.7013,,
2026-08-20T11:29:17Z,SAT-EO-01,6895,27.09,96.08,-72.34,59.961,-7.6763,,
2026-08-20T11:29:23Z,SAT-EO-01,6896,26.5,95.64,-73.44,59.9459,-7.6519,,
2026-08-20T11:29:29Z,SAT-EO-01,6897,27.6,95.73,-72.28,59.9273,-7.6264,,
2026-08-20T11:29:35Z,SAT-EO-01,6898,27.25,96.24,-73.89,59.9062,-7.6011,,
2026-08-20T11:29:41Z,SAT-EO-01,6899,27.06,95.96,-73.39,59.8826,-7.576,,
2026-08-20T11:29:47Z,SAT-EO-01,6900,26.38,95.9,-73.31,59.8569,-7.5514,,
2026-08-20T11:29:53Z,SAT-EO-01,6901,26.9,96.12,-72.43,59.8281,-7.5263,,
2026-08-20T11:29:59Z,SAT-EO-01,6902,26.33,95.92,-72.36,59.797,-7.5015,,
2026-08-20T11:30:05Z,SAT-EO-01,6903,27.5,96.02,-74.18,59.7631,-7.4765,,
2026-08-20T11:30:11Z,SAT-EO-01,6904,27.11,96.1,-70.91,59.7273,-7.452,,
2026-08-20T11:30:17Z,SAT-EO-01,6905,26.75,96.11,-73.56,59.6892,-7.4276,,
2026-08-20T11:30:23Z,SAT-EO-01,6906,26.66,95.5,-73.06,59.6483,-7.403,,
2026-08-20T11:30:29Z,SAT-EO-01,6907,27.53,96.44,-73.28,59.603,-7.3774,,
2026-08-20T11:30:35Z,SAT-EO-01,6908,26.48,95.76,-71.99,59.557,-7.3529,,
2026-08-20T11:30:41Z,SAT-EO-01,6909,27.15,95.97,-73.44,59.5069,-7.3276,,
2026-08-20T11:30:47Z,SAT-EO-01,6910,27.04,96.04,-73.24,59.4547,-7.3025,,
2026-08-20T11:30:53Z,SAT-EO-01,6911,26.99,95.71,-71.97,59.3989,-7.277,,
2026-08-20T11:30:59Z,SAT-EO-01,6912,27.32,95.87,-72.33,59.3408,-7.2517,,
2026-08-20T11:31:05Z,SAT-EO-01,6913,27.44,95.63,-72.37,59.2822,-7.2272,,
2026-08-20T11:31:11Z,SAT-EO-01,6914,26.75,95.91,-73.07,59.2206,-7.2026,,
2026-08-20T11:31:17Z,SAT-EO-01,6915,27.38,95.71,-73.83,59.1548,-7.1773,,
2026-08-20T11:31:23Z,SAT-EO-01,6916,26.85,95.69,-71.61,59.0885,-7.1528,,
2026-08-20T11:31:29Z,SAT-EO-01,6917,26.2,96.02,-73.51,59.0169,-7.1273,,
2026-08-20T11:31:35Z,SAT-EO-01,6918,26.79,96.21,-72.5,58.9437,-7.1022,,
2026-08-20T11:31:41Z,SAT-EO-01,6919,26.72,95.8,-73.26,58.8694,-7.0775,,
2026-08-20T11:31:47Z,SAT-EO-01,6920,26.31,96.15,-72.25,58.7896,-7.052,,
2026-08-20T11:31:53Z,SAT-EO-01,6921,26.75,95.69,-72.32,58.7097,-7.0272,,
2026-08-20T11:31:59Z,SAT-EO-01,6922,26.36,96.16,-73.52,58.6272,-7.0024,,
2026-08-20T11:32:05Z,SAT-EO-01,6923,27.11,95.63,-73.71,58.5409,-6.9772,,
2026-08-20T11:32:11Z,SAT-EO-01,6924,26.38,95.79,-73.17,58.4528,-6.9522,,
2026-08-20T11:32:17Z,SAT-EO-01,6925,27.26,96.0,-72.33,58.364,-6.9278,,
2026-08-20T11:32:23Z,SAT-EO-01,6926,27.09,95.8,-73.78,58.2688,-6.9023,,
2026-08-20T11:32:29Z,SAT-EO-01,6927,27.13,95.88,-73.34,58.1705,-6.8767,,
2026-08-20T11:32:35Z,SAT-EO-01,6928,27.04,95.86,-72.78,58.0743,-6.8522,,
2026-08-20T11:32:41Z,SAT-EO-01,6929,26.81,95.97,-72.65,57.9724,-6.827,,
2026-08-20T11:32:47Z,SAT-EO-01,6930,27.09,95.51,-72.95,57.8704,-6.8024,,
2026-08-20T11:32:53Z,SAT-EO-01,6931,27.04,95.66,-70.8,57.767,-6.778,,
2026-08-20T11:32:59Z,SAT-EO-01,6932,27.02,96.04,-72.5,57.6562,-6.7525,,
2026-08-20T11:33:05Z,SAT-EO-01,6933,27.13,96.03,-72.87,57.5461,-6.7277,,
2026-08-20T11:33:11Z,SAT-EO-01,6934,26.38,95.74,-73.18,57.4336,-6.7029,,
2026-08-20T11:33:17Z,SAT-EO-01,6935,27.38,96.24,-72.2,57.3146,-6.6773,,
2026-08-20T11:33:23Z,SAT-EO-01,6936,26.79,95.81,-74.08,57.1937,-6.6519,,
2026-08-20T11:33:29Z,SAT-EO-01,6937,27.18,95.94,-71.76,57.0722,-6.6268,,
2026-08-20T11:33:35Z,SAT-EO-01,6938,26.75,95.44,-72.28,56.9486,-6.6018,,
2026-08-20T11:33:41Z,SAT-EO-01,6939,27.12,95.49,-72.12,56.8229,-6.5769,,
2026-08-20T11:33:47Z,SAT-EO-01,6940,26.51,95.28,-72.04,56.6948,-6.552,,
2026-08-20T11:33:53Z,SAT-EO-01,6941,26.56,95.65,-72.13,56.563,-6.5269,,
2026-08-20T11:33:59Z,SAT-EO-01,6942,26.81,95.96,-70.97,56.4323,-6.5024,,
2026-08-20T11:34:05Z,SAT-EO-01,6943,26.79,95.55,-71.7,56.2996,-6.478,,
2026-08-20T11:34:11Z,SAT-EO-01,6944,26.74,95.66,-70.88,56.1599,-6.4528,,
2026-08-20T11:34:17Z,SAT-EO-01,6945,27.12,95.65,-72.88,56.0217,-6.4283,,
2026-08-20T11:34:23Z,SAT-EO-01,6946,26.98,95.76,-72.63,55.8801,-6.4036,,
2026-08-20T11:34:29Z,SAT-EO-01,6947,26.5,95.38,-73.43,55.7368,-6.379,,
2026-08-20T11:34:35Z,SAT-EO-01,6948,26.85,95.82,-71.45,55.5861,-6.3536,,
2026-08-20T11:34:41Z,SAT-EO-01,6949,26.38,95.6,-71.42,55.4339,-6.3283,,
2026-08-20T11:34:47Z,SAT-EO-01,6950,26.48,95.36,-71.3,55.2777,-6.3028,,
2026-08-20T11:34:53Z,SAT-EO-01,6951,26.29,94.98,-71.2,55.1236,-6.278,,
2026-08-20T11:34:59Z,SAT-EO-01,6952,25.93,95.13,-71.51,54.969,-6.2535,,
2026-08-20T11:35:05Z,SAT-EO-01,6953,26.51,95.23,-71.82,54.8124,-6.2291,,
2026-08-20T11:35:10Z,SAT-EO-01,6954,26.6,95.85,-71.78,54.6503,-6.2042,,
2026-08-20T11:35:16Z,SAT-EO-01,6955,26.6,95.54,-71.74,54.4879,-6.1796,,
2026-08-20T11:35:22Z,SAT-EO-01,6956,26.53,96.0,-72.35,54.3195,-6.1544,,
2026-08-20T11:35:29Z,SAT-EO-01,6957,26.59,95.45,-71.23,54.1477,-6.1291,,
2026-08-20T11:35:34Z,SAT-EO-01,6958,26.69,95.75,-72.47,53.9766,-6.1043,,
2026-08-20T11:35:40Z,SAT-EO-01,6959,26.6,95.22,-70.72,53.802,-6.0793,,
2026-08-20T11:35:46Z,SAT-EO-01,6960,26.63,95.65,-71.61,53.6282,-6.0547,,
2026-08-20T11:35:53Z,SAT-EO-01,6961,26.74,95.11,-72.12,53.4447,-6.0291,,
2026-08-20T11:35:58Z,SAT-EO-01,6962,26.32,95.11,-72.19,53.2667,-6.0046,,
2026-08-20T11:36:04Z,SAT-EO-01,6963,26.41,95.44,-72.69,53.0822,-5.9795,,
2026-08-20T11:36:10Z,SAT-EO-01,6964,26.53,95.11,-72.49,52.8983,-5.9548,,
2026-08-20T11:36:16Z,SAT-EO-01,6965,26.72,95.03,-72.05,52.709,-5.9296,,
2026-08-20T11:36:22Z,SAT-EO-01,6966,26.05,95.19,-71.09,52.5193,-5.9048,,
2026-08-20T11:36:28Z,SAT-EO-01,6967,26.37,94.61,-71.96,52.3307,-5.8804,,
2026-08-20T11:36:34Z,SAT-EO-01,6968,26.72,94.91,-71.85,52.1366,-5.8555,,
2026-08-20T11:36:40Z,SAT-EO-01,6969,26.26,95.05,-70.98,51.9392,-5.8305,,
2026-08-20T11:36:46Z,SAT-EO-01,6970,26.82,95.26,-71.51,51.7374,-5.8053,,
2026-08-20T11:36:52Z,SAT-EO-01,6971,27.04,95.05,-72.53,51.5362,-5.7804,,
2026-08-20T11:36:58Z,SAT-EO-01,6972,26.38,94.95,-72.08,51.3337,-5.7556,,
2026-08-20T11:37:04Z,SAT-EO-01,6973,26.44,94.75,-71.6,51.126,-5.7305,,
2026-08-20T11:37:10Z,SAT-EO-01,6974,26.58,95.02,-70.8,50.9202,-5.7058,,
2026-08-20T11:37:16Z,SAT-EO-01,6975,26.9,94.69,-69.76,50.7133,-5.6813,,
2026-08-20T11:37:22Z,SAT-EO-01,6976,26.71,94.74,-70.43,50.4994,-5.6562,,
2026-08-20T11:37:28Z,SAT-EO-01,6977,26.04,95.06,-70.98,50.2818,-5.631,,
2026-08-20T11:37:34Z,SAT-EO-01,6978,26.2,94.82,-72.38,50.0693,-5.6066,,
2026-08-20T11:37:40Z,SAT-EO-01,6979,25.83,94.94,-71.29,49.8507,-5.5817,,
2026-08-20T11:37:46Z,SAT-EO-01,6980,26.0,95.3,-70.11,49.6285,-5.5567,,
2026-08-20T11:37:52Z,SAT-EO-01,6981,26.49,94.57,-71.78,49.4038,-5.5316,,
2026-08-20T11:37:58Z,SAT-EO-01,6982,26.53,94.76,-72.68,49.1776,-5.5066,,
2026-08-20T11:38:04Z,SAT-EO-01,6983,26.47,94.78,-70.24,48.951,-5.4818,,
2026-08-20T11:38:10Z,SAT-EO-01,6984,26.84,95.03,-70.97,48.7196,-5.4567,,
2026-08-20T11:38:16Z,SAT-EO-01,6985,26.21,94.89,-71.41,48.4922,-5.4323,,
2026-08-20T11:38:22Z,SAT-EO-01,6986,26.69,94.36,-70.55,48.2553,-5.407,,
2026-08-20T11:38:28Z,SAT-EO-01,6987,26.26,94.18,-71.11,48.0182,-5.382,,
2026-08-20T11:38:34Z,SAT-EO-01,6988,26.15,94.2,-70.11,47.7791,-5.357,,
2026-08-20T11:38:40Z,SAT-EO-01,6989,25.6,94.57,-70.68,47.5325,-5.3314,,
2026-08-20T11:38:46Z,SAT-EO-01,6990,25.71,95.01,-69.65,47.2908,-5.3066,,
2026-08-20T11:38:52Z,SAT-EO-01,6991,26.22,94.52,-71.14,47.05,-5.282,,
2026-08-20T11:38:58Z,SAT-EO-01,6992,26.22,94.99,-71.42,46.807,-5.2575,,
2026-08-20T11:39:04Z,SAT-EO-01,6993,25.95,94.04,-71.21,46.5533,-5.232,,
2026-08-20T11:39:10Z,SAT-EO-01,6994,26.68,95.03,-72.1,46.3025,-5.2071,,
2026-08-20T11:39:16Z,SAT-EO-01,6995,25.36,94.4,-71.06,46.0527,-5.1824,,
2026-08-20T11:39:22Z,SAT-EO-01,6996,25.63,93.85,-69.52,45.8037,-5.1581,,
2026-08-20T11:39:28Z,SAT-EO-01,6997,26.08,94.44,-69.44,45.5412,-5.1326,,
2026-08-20T11:39:34Z,SAT-EO-01,6998,25.47,94.17,-70.08,45.2817,-5.1076,,
2026-08-20T11:39:40Z,SAT-EO-01,6999,26.09,94.02,-69.96,45.0218,-5.0827,,
2026-08-20T11:39:46Z,SAT-EO-01,7000,26.53,94.53,-69.84,44.7559,-5.0574,,
2026-08-20T11:39:52Z,SAT-EO-01,7001,25.44,94.13,-68.91,44.4941,-5.0328,,
2026-08-20T11:39:58Z,SAT-EO-01,7002,25.6,93.91,-69.37,44.2243,-5.0075,,
2026-08-20T11:40:04Z,SAT-EO-01,7003,25.98,94.09,-69.35,43.953,-4.9823,,
2026-08-20T11:40:10Z,SAT-EO-01,7004,25.2,94.06,-69.48,43.6785,-4.957,,
2026-08-20T11:40:16Z,SAT-EO-01,7005,25.12,93.88,-69.7,43.4074,-4.9322,,
2026-08-20T11:40:22Z,SAT-EO-01,7006,25.8,94.26,-69.99,43.1376,-4.9077,,
2026-08-20T11:40:28Z,SAT-EO-01,7007,26.11,94.0,-70.04,42.8664,-4.8832,,
2026-08-20T11:40:33Z,SAT-EO-01,7008,26.02,94.02,-70.75,42.5945,-4.8588,,
2026-08-20T11:40:39Z,SAT-EO-01,7009,25.82,93.8,-69.46,42.3193,-4.8342,,
2026-08-20T11:40:45Z,SAT-EO-01,7010,25.82,94.03,-70.3,42.0427,-4.8097,,
2026-08-20T11:40:51Z,SAT-EO-01,7011,25.65,94.15,-69.38,41.7555,-4.7844,,
2026-08-20T11:40:57Z,SAT-EO-01,7012,24.98,94.13,-70.43,41.4676,-4.7593,,
2026-08-20T11:41:03Z,SAT-EO-01,7013,25.99,93.8,-69.8,41.1858,-4.7348,,
2026-08-20T11:41:09Z,SAT-EO-01,7014,25.26,93.58,-69.32,40.9013,-4.7102,,
2026-08-20T11:41:15Z,SAT-EO-01,7015,26.47,93.71,-70.3,40.6129,-4.6854,,
2026-08-20T11:41:21Z,SAT-EO-01,7016,25.77,93.4,-69.76,40.3254,-4.6609,,
2026-08-20T11:41:27Z,SAT-EO-01,7017,26.05,93.79,-69.89,40.0278,-4.6357,,
2026-08-20T11:41:33Z,SAT-EO-01,7018,25.52,93.67,-70.24,39.7375,-4.6112,,
2026-08-20T11:41:39Z,SAT-EO-01,7019,26.2,93.88,-69.2,39.4334,-4.5857,,
2026-08-20T11:41:45Z,SAT-EO-01,7020,25.11,93.9,-70.18,39.1267,-4.5601,,
2026-08-20T11:41:51Z,SAT-EO-01,7021,25.07,93.37,-69.96,38.8273,-4.5353,,
2026-08-20T11:41:57Z,SAT-EO-01,7022,25.65,93.54,-69.5,38.5272,-4.5106,,
2026-08-20T11:42:03Z,SAT-EO-01,7023,25.75,93.35,-70.29,38.2241,-4.4858,,
2026-08-20T11:42:09Z,SAT-EO-01,7024,25.08,93.4,-69.37,37.9186,-4.4609,,
2026-08-20T11:42:15Z,SAT-EO-01,7025,24.89,93.2,-70.4,37.6122,-4.436,,
2026-08-20T11:42:21Z,SAT-EO-01,7026,25.63,92.97,-69.3,37.3005,-4.4109,,
2026-08-20T11:42:27Z,SAT-EO-01,7027,25.81,93.58,-68.97,36.9925,-4.3862,,
2026-08-20T11:42:33Z,SAT-EO-01,7028,24.86,93.27,-69.88,36.6717,-4.3606,,
2026-08-20T11:42:39Z,SAT-EO-01,7029,25.08,93.53,-69.22,36.3531,-4.3353,,
2026-08-20T11:42:45Z,SAT-EO-01,7030,24.8,93.11,-69.15,36.0434,-4.3108,,
2026-08-20T11:42:51Z,SAT-EO-01,7031,24.13,92.95,-69.55,35.7218,-4.2855,,
2026-08-20T11:42:57Z,SAT-EO-01,7032,24.75,92.93,-68.58,35.4072,-4.2609,,
2026-08-20T11:43:03Z,SAT-EO-01,7033,25.45,92.77,-70.92,35.0842,-4.2358,,
2026-08-20T11:43:09Z,SAT-EO-01,7034,25.54,93.36,-69.27,34.7587,-4.2106,,
2026-08-20T11:43:15Z,SAT-EO-01,7035,25.45,93.05,-68.88,34.4308,-4.1853,,
2026-08-20T11:43:21Z,SAT-EO-01,7036,25.51,92.49,-68.23,34.1121,-4.1608,,
2026-08-20T11:43:27Z,SAT-EO-01,7037,25.5,93.28,-67.94,33.7842,-4.1358,,
2026-08-20T11:43:33Z,SAT-EO-01,7038,25.42,93.03,-69.8,33.462,-4.1113,,
2026-08-20T11:43:39Z,SAT-EO-01,7039,24.82,92.95,-68.63,33.1334,-4.0864,,
2026-08-20T11:43:45Z,SAT-EO-01,7040,24.49,92.68,-70.03,32.8018,-4.0614,,
2026-08-20T11:43:51Z,SAT-EO-01,7041,25.31,92.85,-68.15,32.4766,-4.0369,,
2026-08-20T11:43:57Z,SAT-EO-01,7042,25.07,92.48,-69.01,32.1482,-4.0124,,
2026-08-20T11:44:02Z,SAT-EO-01,7043,24.98,92.73,-67.96,31.8191,-3.9879,,
2026-08-20T11:44:08Z,SAT-EO-01,7044,24.81,92.76,-69.19,31.487,-3.9633,,
2026-08-20T11:44:14Z,SAT-EO-01,7045,25.24,92.33,-67.97,31.1507,-3.9384,,
2026-08-20T11:44:20Z,SAT-EO-01,7046,24.17,92.42,-67.75,30.8142,-3.9137,,
2026-08-20T11:44:26Z,SAT-EO-01,7047,24.37,92.67,-69.11,30.4725,-3.8886,,
2026-08-20T11:44:32Z,SAT-EO-01,7048,24.47,92.09,-68.22,30.1286,-3.8635,,
2026-08-20T11:44:38Z,SAT-EO-01,7049,25.35,92.08,-68.72,29.7815,-3.8383,,
2026-08-20T11:44:44Z,SAT-EO-01,7050,24.73,92.46,-68.99,29.4413,-3.8137,,
2026-08-20T11:44:50Z,SAT-EO-01,7051,24.52,92.16,-67.61,29.0924,-3.7885,,
2026-08-20T11:44:56Z,SAT-EO-01,7052,24.47,92.72,-68.18,28.75,-3.7639,,
2026-08-20T11:45:02Z,SAT-EO-01,7053,24.2,92.57,-67.9,28.3953,-3.7384,,
2026-08-20T11:45:08Z,SAT-EO-01,7054,24.86,92.35,-68.2,28.0415,-3.7132,,
2026-08-20T11:45:14Z,SAT-EO-01,7055,24.64,92.54,-67.42,27.6853,-3.6878,,
2026-08-20T11:45:20Z,SAT-EO-01,7056,24.14,92.28,-68.13,27.3289,-3.6626,,
2026-08-20T11:45:26Z,SAT-EO-01,7057,24.7,91.93,-68.52,26.9773,-3.6377,,
2026-08-20T11:45:33Z,SAT-EO-01,7058,24.76,92.38,-68.68,26.6164,-3.6123,,
2026-08-20T11:45:38Z,SAT-EO-01,7059,24.93,92.35,-66.57,26.2679,-3.5879,,
2026-08-20T11:45:45Z,SAT-EO-01,7060,24.41,92.37,-70.17,25.9029,-3.5623,,
2026-08-20T11:45:50Z,SAT-EO-01,7061,23.93,91.74,-67.5,25.5487,-3.5376,,
2026-08-20T11:45:56Z,SAT-EO-01,7062,24.32,91.9,-67.42,25.1914,-3.5128,,
2026-08-20T11:46:03Z,SAT-EO-01,7063,23.68,91.95,-69.76,24.8243,-3.4874,,
2026-08-20T11:46:08Z,SAT-EO-01,7064,23.83,91.63,-68.47,24.4668,-3.4627,,
2026-08-20T11:46:14Z,SAT-EO-01,7065,23.82,92.2,-68.51,24.1069,-3.4379,,
2026-08-20T11:46:20Z,SAT-EO-01,7066,23.5,92.15,-68.51,23.7491,-3.4133,,
2026-08-20T11:46:26Z,SAT-EO-01,7067,24.1,91.44,-67.55,23.3894,-3.3886,,
2026-08-20T11:46:32Z,SAT-EO-01,7068,24.63,91.66,-68.28,23.015,-3.3631,,
2026-08-20T11:46:38Z,SAT-EO-01,7069,23.81,91.65,-68.05,22.6477,-3.338,,
2026-08-20T11:46:44Z,SAT-EO-01,7070,24.06,91.38,-68.69,22.2872,-3.3135,,
2026-08-20T11:46:50Z,SAT-EO-01,7071,24.85,91.56,-67.29,21.9209,-3.2887,,
2026-08-20T11:46:56Z,SAT-EO-01,7072,24.12,91.37,-66.91,21.5584,-3.2642,,
2026-08-20T11:47:02Z,SAT-EO-01,7073,24.22,91.52,-67.0,21.1899,-3.2394,,
2026-08-20T11:47:08Z,SAT-EO-01,7074,24.32,91.71,-68.35,20.8135,-3.2141,,
2026-08-20T11:47:14Z,SAT-EO-01,7075,24.82,91.9,-67.14,20.4355,-3.1887,,
2026-08-20T11:47:20Z,SAT-EO-01,7076,24.2,91.47,-67.26,20.065,-3.1639,,
2026-08-20T11:47:26Z,SAT-EO-01,7077,23.68,91.45,-67.52,19.6956,-3.1392,,
2026-08-20T11:47:32Z,SAT-EO-01,7078,23.65,91.54,-67.61,19.3126,-3.1137,,
2026-08-20T11:47:38Z,SAT-EO-01,7079,24.03,91.32,-67.86,18.93,-3.0883,,
2026-08-20T11:47:44Z,SAT-EO-01,7080,24.01,91.37,-68.26,18.5567,-3.0635,,
2026-08-20T11:47:50Z,SAT-EO-01,7081,23.92,91.09,-67.0,18.1855,-3.039,,
2026-08-20T11:47:56Z,SAT-EO-01,7082,23.97,90.69,-68.11,17.8138,-3.0144,,
2026-08-20T11:48:02Z,SAT-EO-01,7083,23.52,90.67,-67.39,17.4438,-2.99,,
2026-08-20T11:48:08Z,SAT-EO-01,7084,23.48,91.01,-67.59,17.0659,-2.9652,,
2026-08-20T11:48:14Z,SAT-EO-01,7085,23.73,91.26,-69.07,16.6807,-2.9399,,
2026-08-20T11:48:20Z,SAT-EO-01,7086,24.38,91.04,-66.06,16.3087,-2.9155,,
2026-08-20T11:48:26Z,SAT-EO-01,7087,23.38,90.75,-66.93,15.9181,-2.89,,
2026-08-20T11:48:32Z,SAT-EO-01,7088,23.89,90.93,-66.23,15.5406,-2.8653,,
2026-08-20T11:48:38Z,SAT-EO-01,7089,23.91,90.77,-66.2,15.1645,-2.8408,,
2026-08-20T11:48:44Z,SAT-EO-01,7090,23.62,90.2,-67.37,14.7893,-2.8164,,
2026-08-20T11:48:50Z,SAT-EO-01,7091,23.19,90.6,-64.82,14.4016,-2.7912,,
2026-08-20T11:48:56Z,SAT-EO-01,7092,23.46,91.01,-68.89,14.0074,-2.7657,,
2026-08-20T11:49:02Z,SAT-EO-01,7093,23.93,90.29,-67.92,13.6138,-2.7402,,
2026-08-20T11:49:08Z,SAT-EO-01,7094,23.9,89.98,-67.26,13.2335,-2.7156,,
2026-08-20T11:49:14Z,SAT-EO-01,7095,23.46,90.62,-67.54,12.8507,-2.6909,,
2026-08-20T11:49:20Z,SAT-EO-01,7096,23.57,90.6,-66.82,12.4543,-2.6654,,
2026-08-20T11:49:26Z,SAT-EO-01,7097,24.3,90.31,-66.86,12.068,-2.6405,,
2026-08-20T11:49:32Z,SAT-EO-01,7098,23.52,90.05,-66.93,11.6872,-2.616,,
2026-08-20T11:49:38Z,SAT-EO-01,7099,23.81,90.37,-67.52,11.2915,-2.5906,,
2026-08-20T11:49:44Z,SAT-EO-01,7100,24.17,90.03,-67.72,10.8928,-2.5651,,
2026-08-20T11:49:50Z,SAT-EO-01,7101,23.44,90.01,-66.71,10.4946,-2.5396,,
2026-08-20T11:49:56Z,SAT-EO-01,7102,22.64,90.27,-67.22,10.1014,-2.5144,,
2026-08-20T11:50:02Z,SAT-EO-01,7103,22.79,89.64,-68.14,9.7172,-2.4899,,
2026-08-20T11:50:08Z,SAT-EO-01,7104,23.81,90.06,-66.66,9.3333,-2.4654,,
2026-08-20T11:50:14Z,SAT-EO-01,7105,22.66,89.97,-67.48,8.9442,-2.4406,,
2026-08-20T11:50:20Z,SAT-EO-01,7106,22.97,90.36,-66.0,8.5532,-2.4157,,
2026-08-20T11:50:26Z,SAT-EO-01,7107,23.08,90.04,-67.9,8.17,-2.3913,,
2026-08-20T11:50:32Z,SAT-EO-01,7108,23.25,89.79,-67.84,7.7705,-2.3659,,
2026-08-20T11:50:38Z,SAT-EO-01,7109,23.51,90.38,-67.23,7.377,-2.3409,,
2026-08-20T11:50:44Z,SAT-EO-01,7110,22.71,89.87,-66.28,6.9747,-2.3154,,
2026-08-20T11:50:50Z,SAT-EO-01,7111,22.93,89.71,-67.14,6.579,-2.2903,,
2026-08-20T11:50:56Z,SAT-EO-01,7112,22.38,89.46,-67.15,6.1798,-2.265,,
2026-08-20T11:51:02Z,SAT-EO-01,7113,23.11,89.51,-67.11,5.7862,-2.2401,,
2026-08-20T11:51:08Z,SAT-EO-01,7114,22.46,89.47,-66.98,5.3872,-2.2148,,
2026-08-20T11:51:14Z,SAT-EO-01,7115,22.6,89.87,-66.42,4.9901,-2.1897,,
2026-08-20T11:51:20Z,SAT-EO-01,7116,22.84,89.78,-65.99,4.5952,-2.1648,,
2026-08-20T11:51:26Z,SAT-EO-01,7117,22.72,89.37,-66.36,4.192,-2.1393,,
2026-08-20T11:51:32Z,SAT-EO-01,7118,22.73,89.35,-67.59,3.8001,-2.1146,,
2026-08-20T11:51:38Z,SAT-EO-01,7119,22.63,89.66,-67.15,3.4021,-2.0894,,
2026-08-20T11:51:44Z,SAT-EO-01,7120,22.82,89.12,-66.26,3.002,-2.0642,,
2026-08-20T11:51:50Z,SAT-EO-01,7121,22.54,89.27,-66.29,2.615,-2.0398,,
2026-08-20T11:51:56Z,SAT-EO-01,7122,23.0,89.73,-66.52,2.2236,-2.0151,,
2026-08-20T11:52:02Z,SAT-EO-01,7123,22.26,89.14,-67.18,1.8214,-1.9898,,
2026-08-20T11:52:08Z,SAT-EO-01,7124,23.1,88.8,-67.26,1.4183,-1.9644,,
2026-08-20T11:52:14Z,SAT-EO-01,7125,22.75,89.51,-67.17,1.0281,-1.9398,,
2026-08-20T11:52:20Z,SAT-EO-01,7126,21.65,88.92,-68.08,0.6303,-1.9147,,
2026-08-20T11:52:26Z,SAT-EO-01,7127,22.52,88.42,-67.3,0.2376,-1.89,,
2026-08-20T11:52:32Z,SAT-EO-01,7128,22.08,89.03,-67.49,-0.157,-1.8651,,
2026-08-20T11:52:38Z,SAT-EO-01,7129,22.88,88.85,-67.48,-0.5474,-1.8405,,
2026-08-20T11:52:44Z,SAT-EO-01,7130,22.28,88.62,-68.33,-0.9405,-1.8157,,
2026-08-20T11:52:50Z,SAT-EO-01,7131,22.97,88.67,-69.36,-1.3347,-1.7909,,
2026-08-20T11:52:56Z,SAT-EO-01,7132,22.17,88.81,-67.9,-1.7227,-1.7665,,
2026-08-20T11:53:01Z,SAT-EO-01,7133,22.32,88.77,-67.04,-2.1141,-1.7418,,
2026-08-20T11:53:08Z,SAT-EO-01,7134,22.18,88.35,-65.97,-2.5203,-1.7162,,
2026-08-20T11:53:13Z,SAT-EO-01,7135,21.77,88.64,-66.2,-2.9071,-1.6918,,
2026-08-20T11:53:19Z,SAT-EO-01,7136,22.89,88.9,-66.79,-3.2988,-1.6671,,
2026-08-20T11:53:25Z,SAT-EO-01,7137,21.94,88.65,-66.25,-3.6902,-1.6424,,
2026-08-20T11:53:31Z,SAT-EO-01,7138,21.74,88.78,-67.52,-4.0926,-1.617,,
2026-08-20T11:53:37Z,SAT-EO-01,7139,22.46,88.39,-65.27,-4.4919,-1.5917,,
2026-08-20T11:53:43Z,SAT-EO-01,7140,22.18,88.72,-67.17,-4.8875,-1.5668,,
2026-08-20T11:53:49Z,SAT-EO-01,7141,21.95,88.66,-66.6,-5.2788,-1.542,,
2026-08-20T11:53:55Z,SAT-EO-01,7142,21.73,88.14,-67.17,-5.6657,-1.5175,,
2026-08-20T11:54:01Z,SAT-EO-01,7143,22.07,88.22,-67.18,-6.0625,-1.4924,,
2026-08-20T11:54:07Z,SAT-EO-01,7144,22.73,88.17,-67.59,-6.4508,-1.4678,,
2026-08-20T11:54:13Z,SAT-EO-01,7145,22.34,88.45,-68.66,-6.8445,-1.4429,,
2026-08-20T11:54:19Z,SAT-EO-01,7146,21.71,88.34,-67.28,-7.2453,-1.4174,,
2026-08-20T11:54:25Z,SAT-EO-01,7147,21.6,87.51,-65.46,-7.631,-1.393,,
2026-08-20T11:54:31Z,SAT-EO-01,7148,21.56,88.1,-66.24,-8.0179,-1.3684,,
2026-08-20T11:54:37Z,SAT-EO-01,7149,21.92,87.36,-67.78,-8.419,-1.3429,,
2026-08-20T11:54:43Z,SAT-EO-01,7150,22.1,88.02,-65.62,-8.8059,-1.3182,,
2026-08-20T11:54:49Z,SAT-EO-01,7151,20.79,87.64,-65.73,-9.193,-1.2936,,
2026-08-20T11:54:55Z,SAT-EO-01,7152,22.29,87.84,-66.38,-9.5898,-1.2683,,
2026-08-20T11:55:01Z,SAT-EO-01,7153,21.65,87.66,-67.45,-9.9782,-1.2435,,
2026-08-20T11:55:07Z,SAT-EO-01,7154,22.18,87.7,-66.71,-10.3646,-1.2188,,
2026-08-20T11:55:13Z,SAT-EO-01,7155,21.4,87.56,-67.15,-10.7576,-1.1936,,
2026-08-20T11:55:19Z,SAT-EO-01,7156,21.54,87.98,-68.19,-11.1409,-1.169,,
2026-08-20T11:55:25Z,SAT-EO-01,7157,21.52,87.81,-68.11,-11.5248,-1.1444,,
2026-08-20T11:55:31Z,SAT-EO-01,7158,21.37,87.56,-67.58,-11.9092,-1.1197,,
2026-08-20T11:55:37Z,SAT-EO-01,7159,21.84,87.66,-67.34,-12.3049,-1.0943,,
2026-08-20T11:55:43Z,SAT-EO-01,7160,21.22,87.28,-68.14,-12.6878,-1.0696,,
2026-08-20T11:55:49Z,SAT-EO-01,7161,22.01,87.35,-67.39,-13.0734,-1.0447,,
2026-08-20T11:55:55Z,SAT-EO-01,7162,21.44,87.14,-67.11,-13.4629,-1.0196,,
2026-08-20T11:56:01Z,SAT-EO-01,7163,21.07,87.02,-68.74,-13.8561,-0.9941,,
2026-08-20T11:56:07Z,SAT-EO-01,7164,21.15,86.98,-67.87,-14.243,-0.9691,,
2026-08-20T11:56:13Z,SAT-EO-01,7165,21.79,87.02,-68.01,-14.636,-0.9436,,
2026-08-20T11:56:19Z,SAT-EO-01,7166,20.7,87.46,-66.67,-15.0154,-0.9189,,
2026-08-20T11:56:25Z,SAT-EO-01,7167,21.35,87.46,-66.3,-15.3901,-0.8945,,
2026-08-20T11:56:31Z,SAT-EO-01,7168,21.31,87.08,-65.71,-15.7664,-0.8699,,
2026-08-20T11:56:37Z,SAT-EO-01,7169,21.32,87.01,-66.48,-16.1536,-0.8446,,
2026-08-20T11:56:43Z,SAT-EO-01,7170,21.33,86.81,-67.67,-16.5388,-0.8194,,
2026-08-20T11:56:49Z,SAT-EO-01,7171,20.88,87.06,-66.75,-16.9224,-0.7942,,
2026-08-20T11:56:55Z,SAT-EO-01,7172,21.78,86.98,-66.6,-17.3096,-0.7688,,
2026-08-20T11:57:01Z,SAT-EO-01,7173,21.35,87.01,-66.71,-17.6848,-0.7441,,
2026-08-20T11:57:07Z,SAT-EO-01,7174,21.37,87.07,-67.88,-18.0595,-0.7194,,
2026-08-20T11:57:13Z,SAT-EO-01,7175,21.17,86.45,-68.4,-18.4397,-0.6942,,
2026-08-20T11:57:19Z,SAT-EO-01,7176,21.33,86.79,-67.68,-18.8199,-0.669,,
2026-08-20T11:57:25Z,SAT-EO-01,7177,20.92,86.63,-67.33,-19.1995,-0.6438,,
2026-08-20T11:57:31Z,SAT-EO-01,7178,21.3,86.56,-68.54,-19.5751,-0.6188,,
2026-08-20T11:57:37Z,SAT-EO-01,7179,20.98,86.37,-68.18,-19.9511,-0.5937,,
2026-08-20T11:57:43Z,SAT-EO-01,7180,20.1,86.62,-67.41,-20.3176,-0.5692,,
2026-08-20T11:57:49Z,SAT-EO-01,7181,20.67,86.67,-68.55,-20.6959,-0.5438,,
2026-08-20T11:57:55Z,SAT-EO-01,7182,20.52,86.73,-67.63,-21.0697,-0.5187,,
2026-08-20T11:58:01Z,SAT-EO-01,7183,20.68,86.76,-67.48,-21.4462,-0.4934,,
2026-08-20T11:58:07Z,SAT-EO-01,7184,20.37,86.72,-68.07,-21.8198,-0.4681,,
2026-08-20T11:58:13Z,SAT-EO-01,7185,20.34,86.98,-68.28,-22.1975,-0.4425,,
2026-08-20T11:58:19Z,SAT-EO-01,7186,21.36,86.69,-68.99,-22.5728,-0.4171,,
2026-08-20T11:58:25Z,SAT-EO-01,7187,20.57,86.11,-67.94,-22.9425,-0.3919,,
2026-08-20T11:58:31Z,SAT-EO-01,7188,20.3,85.89,-67.0,-23.3012,-0.3674,,
2026-08-20T11:58:37Z,SAT-EO-01,7189,20.11,86.59,-67.79,-23.6719,-0.342,,
2026-08-20T11:58:43Z,SAT-EO-01,7190,20.71,85.88,-68.75,-24.0395,-0.3168,,
2026-08-20T11:58:49Z,SAT-EO-01,7191,20.28,85.79,-67.53,-24.3962,-0.2922,,
2026-08-20T11:58:55Z,SAT-EO-01,7192,20.78,86.42,-67.48,-24.7626,-0.2669,,
2026-08-20T11:59:02Z,SAT-EO-01,7193,19.89,85.99,-67.28,-25.1278,-0.2416,,
2026-08-20T11:59:08Z,SAT-EO-01,7194,20.18,86.23,-67.95,-25.4959,-0.216,,
2026-08-20T11:59:14Z,SAT-EO-01,7195,20.72,86.08,-67.63,-25.8459,-0.1916,,
2026-08-20T11:59:20Z,SAT-EO-01,7196,20.6,85.75,-68.7,-26.205,-0.1665,,
2026-08-20T11:59:26Z,SAT-EO-01,7197,20.99,86.03,-69.28,-26.5624,-0.1415,,
2026-08-20T11:59:31Z,SAT-EO-01,7198,20.2,85.78,-68.43,-26.9123,-0.1168,,
2026-08-20T11:59:37Z,SAT-EO-01,7199,20.85,86.08,-67.74,-27.2684,-0.0917,,
2026-08-20T11:59:44Z,SAT-EO-01,7200,20.44,85.75,-67.89,-27.628,-0.0662,,
2026-08-20T11:59:50Z,SAT-EO-01,7201,20.15,86.03,-68.05,-27.9862,-0.0408,,
2026-08-20T11:59:56Z,SAT-EO-01,7202,20.14,85.7,-69.84,-28.3303,-0.0162,,
2026-08-20T12:00:02Z,SAT-EO-01,7203,20.4,85.83,-69.34,-28.6826,0.009,,
2026-08-20T12:00:08Z,SAT-EO-01,7204,20.71,85.89,-68.56,-29.0338,0.0342,,
2026-08-20T12:00:14Z,SAT-EO-01,7205,19.42,85.28,-68.67,-29.3786,0.0591,,
2026-08-20T12:00:20Z,SAT-EO-01,7206,19.56,85.53,-67.7,-29.7275,0.0844,,
2026-08-20T12:00:26Z,SAT-EO-01,7207,20.53,84.97,-69.53,-30.0648,0.1089,,
2026-08-20T12:00:31Z,SAT-EO-01,7208,20.1,85.51,-68.1,-30.3996,0.1333,,
2026-08-20T12:00:38Z,SAT-EO-01,7209,20.44,85.07,-68.46,-30.7469,0.1587,,
2026-08-20T12:00:44Z,SAT-EO-01,7210,20.06,85.4,-67.71,-31.095,0.1843,,
2026-08-20T12:00:50Z,SAT-EO-01,7211,19.91,85.55,-68.2,-31.4386,0.2097,,
2026-08-20T12:00:56Z,SAT-EO-01,7212,19.83,85.34,-69.64,-31.7704,0.2343,,
2026-08-20T12:01:02Z,SAT-EO-01,7213,20.35,85.13,-68.45,-32.112,0.2597,,
2026-08-20T12:01:08Z,SAT-EO-01,7214,20.52,85.19,-69.08,-32.4489,0.2849,,
2026-08-20T12:01:14Z,SAT-EO-01,7215,19.92,84.91,-67.73,-32.7781,0.3096,,
2026-08-20T12:01:20Z,SAT-EO-01,7216,19.72,85.15,-69.39,-33.1113,0.3347,,
2026-08-20T12:01:26Z,SAT-EO-01,7217,20.0,85.47,-70.67,-33.4333,0.3591,,
2026-08-20T12:01:32Z,SAT-EO-01,7218,19.9,84.99,-68.93,-33.7601,0.3839,,
2026-08-20T12:01:38Z,SAT-EO-01,7219,19.53,85.03,-69.52,-34.0806,0.4084,,
2026-08-20T12:01:43Z,SAT-EO-01,7220,20.23,84.82,-69.98,-34.3999,0.4329,,
2026-08-20T12:01:49Z,SAT-EO-01,7221,19.75,84.74,-68.22,-34.7168,0.4573,,
2026-08-20T12:01:55Z,SAT-EO-01,7222,19.65,84.84,-69.22,-35.0452,0.4827,,
2026-08-20T12:02:01Z,SAT-EO-01,7223,20.11,85.01,-68.94,-35.3687,0.5079,,
2026-08-20T12:02:07Z,SAT-EO-01,7224,19.67,84.83,-69.76,-35.6851,0.5327,,
2026-08-20T12:02:13Z,SAT-EO-01,7225,20.11,85.02,-69.46,-35.9979,0.5572,,
2026-08-20T12:02:19Z,SAT-EO-01,7226,20.15,84.71,-70.55,-36.3069,0.5816,,
2026-08-20T12:02:25Z,SAT-EO-01,7227,20.0,84.16,-70.24,-36.6251,0.6069,,
2026-08-20T12:02:31Z,SAT-EO-01,7228,19.76,85.03,-69.49,-36.9405,0.632,,
2026-08-20T12:02:37Z,SAT-EO-01,7229,19.7,84.4,-69.73,-37.2554,0.6572,,
2026-08-20T12:02:43Z,SAT-EO-01,7230,19.77,84.62,-70.58,-37.5702,0.6826,,
2026-08-20T12:02:49Z,SAT-EO-01,7231,19.02,85.01,-69.56,-37.8855,0.7082,,
2026-08-20T12:02:55Z,SAT-EO-01,7232,20.58,84.49,-68.97,-38.1903,0.733,,
2026-08-20T12:03:01Z,SAT-EO-01,7233,19.97,85.15,-71.14,-38.4961,0.758,,
2026-08-20T12:03:08Z,SAT-EO-01,7234,19.49,84.84,-71.55,-38.8058,0.7836,,
2026-08-20T12:03:14Z,SAT-EO-01,7235,20.32,84.48,-69.19,-39.11,0.8087,,
2026-08-20T12:03:20Z,SAT-EO-01,7236,19.66,84.25,-68.97,-39.4085,0.8336,,
2026-08-20T12:03:26Z,SAT-EO-01,7237,19.42,84.21,-69.56,-39.7092,0.8588,,
2026-08-20T12:03:32Z,SAT-EO-01,7238,19.39,84.22,-70.76,-40.0031,0.8836,,
2026-08-20T12:03:38Z,SAT-EO-01,7239,19.83,84.06,-69.39,-40.2963,0.9084,,
2026-08-20T12:03:43Z,SAT-EO-01,7240,19.35,84.19,-69.17,-40.5878,0.9333,,
2026-08-20T12:03:49Z,SAT-EO-01,7241,20.4,84.71,-70.04,-40.872,0.9577,,
2026-08-20T12:03:55Z,SAT-EO-01,7242,19.25,84.19,-70.27,-41.1657,0.983,,
2026-08-20T12:04:01Z,SAT-EO-01,7243,19.37,84.17,-69.87,-41.454,1.0081,,
2026-08-20T12:04:08Z,SAT-EO-01,7244,18.76,84.11,-69.96,-41.7458,1.0336,,
2026-08-20T12:04:14Z,SAT-EO-01,7245,19.85,83.73,-69.9,-42.0323,1.0588,,
2026-08-20T12:04:20Z,SAT-EO-01,7246,18.55,84.04,-70.69,-42.3203,1.0843,,
2026-08-20T12:04:26Z,SAT-EO-01,7247,19.06,84.4,-70.06,-42.599,1.1092,,
2026-08-20T12:04:32Z,SAT-EO-01,7248,19.74,83.78,-70.65,-42.8827,1.1346,,
2026-08-20T12:04:38Z,SAT-EO-01,7249,18.63,84.05,-69.89,-43.1558,1.1593,,
2026-08-20T12:04:44Z,SAT-EO-01,7250,19.51,83.98,-69.77,-43.4359,1.1848,,
2026-08-20T12:04:50Z,SAT-EO-01,7251,19.28,84.15,-70.44,-43.709,1.2098,,
2026-08-20T12:04:56Z,SAT-EO-01,7252,18.88,83.92,-69.81,-43.9791,1.2347,,
2026-08-20T12:05:02Z,SAT-EO-01,7253,18.9,84.11,-70.96,-44.2531,1.2602,,
2026-08-20T12:05:08Z,SAT-EO-01,7254,19.38,83.92,-69.32,-44.5189,1.2851,,
2026-08-20T12:05:14Z,SAT-EO-01,7255,19.44,83.57,-70.17,-44.7883,1.3105,,
2026-08-20T12:05:20Z,SAT-EO-01,7256,18.63,83.47,-70.25,-45.0505,1.3354,,
2026-08-20T12:05:26Z,SAT-EO-01,7257,19.34,84.19,-69.9,-45.3098,1.3603,,
2026-08-20T12:05:32Z,SAT-EO-01,7258,20.12,83.64,-70.0,-45.5747,1.3858,,
2026-08-20T12:05:38Z,SAT-EO-01,7259,18.75,83.68,-71.32,-45.8299,1.4106,,
2026-08-20T12:05:44Z,SAT-EO-01,7260,18.78,83.3,-69.3,-46.0815,1.4353,,
2026-08-20T12:05:50Z,SAT-EO-01,7261,18.92,83.85,-71.3,-46.3305,1.4599,,
2026-08-20T12:05:56Z,SAT-EO-01,7262,18.75,83.72,-69.36,-46.5863,1.4853,,
2026-08-20T12:06:02Z,SAT-EO-01,7263,19.03,83.68,-70.87,-46.8387,1.5107,,
2026-08-20T12:06:08Z,SAT-EO-01,7264,18.87,83.67,-70.91,-47.0867,1.5358,,
2026-08-20T12:06:14Z,SAT-EO-01,7265,17.96,83.47,-71.42,-47.333,1.5609,,
2026-08-20T12:06:20Z,SAT-EO-01,7266,19.46,83.75,-69.76,-47.5816,1.5865,,
2026-08-20T12:06:26Z,SAT-EO-01,7267,18.76,83.52,-71.55,-47.8273,1.612,,
2026-08-20T12:06:32Z,SAT-EO-01,7268,18.86,83.95,-71.29,-48.0673,1.6372,,
2026-08-20T12:06:38Z,SAT-EO-01,7269,18.36,83.58,-70.74,-48.3059,1.6624,,
2026-08-20T12:06:44Z,SAT-EO-01,7270,19.29,83.83,-70.68,-48.5401,1.6874,,
2026-08-20T12:06:50Z,SAT-EO-01,7271,19.24,83.17,-71.0,-48.768,1.7119,,
2026-08-20T12:06:56Z,SAT-EO-01,7272,18.26,83.58,-70.28,-48.9996,1.7371,,
2026-08-20T12:07:03Z,SAT-EO-01,7273,19.35,83.06,-71.77,-49.2317,1.7626,,
2026-08-20T12:07:09Z,SAT-EO-01,7274,19.16,83.13,-70.5,-49.4627,1.7881,,
2026-08-20T12:07:15Z,SAT-EO-01,7275,18.59,83.63,-70.79,-49.6882,1.8134,,
2026-08-20T12:07:21Z,SAT-EO-01,7276,19.03,83.06,-72.26,-49.9112,1.8386,,
2026-08-20T12:07:27Z,SAT-EO-01,7277,18.99,83.51,-71.39,-50.1297,1.8635,,
2026-08-20T12:07:33Z,SAT-EO-01,7278,18.53,83.35,-70.53,-50.3463,1.8884,,
2026-08-20T12:07:39Z,SAT-EO-01,7279,18.58,82.94,-70.61,-50.561,1.9134,,
2026-08-20T12:07:45Z,SAT-EO-01,7280,18.44,83.58,-71.63,-50.7702,1.938,,
2026-08-20T12:07:51Z,SAT-EO-01,7281,19.01,83.27,-70.89,-50.9854,1.9636,,
2026-08-20T12:07:57Z,SAT-EO-01,7282,18.8,82.49,-72.48,-51.1982,1.9892,,
2026-08-20T12:08:03Z,SAT-EO-01,7283,19.05,83.17,-71.51,-51.4035,2.0141,,
2026-08-20T12:08:09Z,SAT-EO-01,7284,19.01,83.16,-72.19,-51.6057,2.039,,
2026-08-20T12:08:15Z,SAT-EO-01,7285,18.06,82.76,-71.24,-51.8038,2.0636,,
2026-08-20T12:08:21Z,SAT-EO-01,7286,18.18,82.59,-71.64,-52.0016,2.0884,,
2026-08-20T12:08:27Z,SAT-EO-01,7287,18.2,82.59,-71.88,-52.2011,2.1137,,
2026-08-20T12:08:33Z,SAT-EO-01,7288,18.02,83.01,-71.55,-52.3952,2.1387,,
2026-08-20T12:08:39Z,SAT-EO-01,7289,18.4,82.89,-72.23,-52.5913,2.1642,,
2026-08-20T12:08:45Z,SAT-EO-01,7290,18.62,83.12,-71.93,-52.7832,2.1895,,
2026-08-20T12:08:51Z,SAT-EO-01,7291,18.14,82.23,-72.72,-52.9748,2.215,,
2026-08-20T12:08:57Z,SAT-EO-01,7292,18.65,82.49,-71.91,-53.1639,2.2405,,
2026-08-20T12:09:03Z,SAT-EO-01,7293,18.33,82.68,-70.24,-53.3491,2.2659,,
2026-08-20T12:09:09Z,SAT-EO-01,7294,18.73,82.56,-71.52,-53.5301,2.291,,
2026-08-20T12:09:15Z,SAT-EO-01,7295,18.54,82.72,-71.88,-53.708,2.3159,,
2026-08-20T12:09:21Z,SAT-EO-01,7296,18.39,82.74,-72.46,-53.8876,2.3415,,
2026-08-20T12:09:27Z,SAT-EO-01,7297,18.43,82.34,-71.49,-54.0601,2.3664,,
2026-08-20T12:09:34Z,SAT-EO-01,7298,18.13,82.54,-70.48,-54.2338,2.3918,,
2026-08-20T12:09:40Z,SAT-EO-01,7299,18.27,82.5,-72.51,-54.4055,2.4172,,
2026-08-20T12:09:46Z,SAT-EO-01,7300,18.4,82.78,-72.07,-54.5683,2.4417,,
2026-08-20T12:09:52Z,SAT-EO-01,7301,17.99,82.59,-72.34,-54.7354,2.4672,,
2026-08-20T12:09:58Z,SAT-EO-01,7302,17.98,82.66,-72.49,-54.8944,2.4919,,
2026-08-20T12:10:04Z,SAT-EO-01,7303,18.71,82.4,-72.09,-55.054,2.517,,
2026-08-20T12:10:09Z,SAT-EO-01,7304,18.9,82.62,-71.6,-55.2075,2.5415,,
2026-08-20T12:10:15Z,SAT-EO-01,7305,17.84,82.96,-72.45,-55.3597,2.5661,,
2026-08-20T12:10:21Z,SAT-EO-01,7306,19.12,82.7,-70.98,-55.5114,2.5911,,
2026-08-20T12:10:27Z,SAT-EO-01,7307,18.26,82.41,-73.49,-55.6577,2.6156,,
2026-08-20T12:10:33Z,SAT-EO-01,7308,18.13,82.64,-72.93,-55.8058,2.6408,,
2026-08-20T12:10:39Z,SAT-EO-01,7309,18.42,82.26,-72.05,-55.9523,2.6661,,
2026-08-20T12:10:45Z,SAT-EO-01,7310,18.57,82.9,-72.39,-56.095,2.6913,,
2026-08-20T12:10:51Z,SAT-EO-01,7311,17.68,82.48,-72.39,-56.2368,2.7166,,
2026-08-20T12:10:58Z,SAT-EO-01,7312,18.21,82.35,-73.05,-56.3763,2.7421,,
2026-08-20T12:11:04Z,SAT-EO-01,7313,18.24,82.69,-72.79,-56.5098,2.7669,,
2026-08-20T12:11:10Z,SAT-EO-01,7314,18.11,82.19,-71.92,-56.6417,2.7918,,
2026-08-20T12:11:15Z,SAT-EO-01,7315,17.77,82.52,-72.89,-56.769,2.8164,,
2026-08-20T12:11:21Z,SAT-EO-01,7316,18.22,82.89,-71.93,-56.8974,2.8416,,
2026-08-20T12:11:27Z,SAT-EO-01,7317,18.53,82.19,-71.94,-57.0207,2.8663,,
2026-08-20T12:11:33Z,SAT-EO-01,7318,18.79,82.45,-71.3,-57.1437,2.8915,,
2026-08-20T12:11:40Z,SAT-EO-01,7319,18.38,82.09,-72.33,-57.2659,2.917,,
2026-08-20T12:11:46Z,SAT-EO-01,7320,18.03,82.34,-72.57,-57.3824,2.9419,,
2026-08-20T12:11:52Z,SAT-EO-01,7321,17.74,82.06,-71.93,-57.4985,2.9672,,
2026-08-20T12:11:58Z,SAT-EO-01,7322,18.36,81.97,-72.02,-57.6118,2.9924,,
2026-08-20T12:12:04Z,SAT-EO-01,7323,18.21,82.68,-70.34,-57.7233,3.0179,,
2026-08-20T12:12:10Z,SAT-EO-01,7324,18.32,82.41,-72.23,-57.832,3.0433,,
2026-08-20T12:12:16Z,SAT-EO-01,7325,18.51,82.33,-72.85,-57.9365,3.0683,,
2026-08-20T12:12:22Z,SAT-EO-01,7326,17.61,82.06,-73.2,-58.039,3.0934,,
2026-08-20T12:12:28Z,SAT-EO-01,7327,18.37,81.82,-72.39,-58.1375,3.1182,,
2026-08-20T12:12:34Z,SAT-EO-01,7328,18.43,82.29,-71.89,-58.2331,3.1429,,
2026-08-20T12:12:40Z,SAT-EO-01,7329,18.55,82.05,-72.26,-58.3261,3.1676,,
2026-08-20T12:12:46Z,SAT-EO-01,7330,18.67,82.03,-71.91,-58.4163,3.1921,,
2026-08-20T12:12:52Z,SAT-EO-01,7331,17.66,82.38,-73.03,-58.5068,3.2174,,
2026-08-20T12:12:58Z,SAT-EO-01,7332,17.99,82.26,-73.58,-58.5924,3.2421,,
2026-08-20T12:13:04Z,SAT-EO-01,7333,18.73,82.43,-72.37,-58.677,3.2672,,
2026-08-20T12:13:10Z,SAT-EO-01,7334,17.59,82.23,-73.41,-58.7569,3.2917,,
2026-08-20T12:13:16Z,SAT-EO-01,7335,17.93,82.51,-72.73,-58.8359,3.3167,,
2026-08-20T12:13:22Z,SAT-EO-01,7336,17.14,82.38,-72.46,-58.9134,3.342,,
2026-08-20T12:13:28Z,SAT-EO-01,7337,17.49,81.77,-72.64,-58.9873,3.367,,
2026-08-20T12:13:34Z,SAT-EO-01,7338,18.24,82.2,-71.57,-59.059,3.3922,,
2026-08-20T12:13:40Z,SAT-EO-01,7339,18.28,81.63,-72.86,-59.1266,3.4168,,
2026-08-20T12:13:46Z,SAT-EO-01,7340,17.94,82.19,-71.96,-59.1936,3.4421,,
2026-08-20T12:13:52Z,SAT-EO-01,7341,18.25,82.36,-73.75,-59.2561,3.4667,,
2026-08-20T12:13:57Z,SAT-EO-01,7342,17.52,82.09,-71.85,-59.3161,3.4912,,
2026-08-20T12:14:03Z,SAT-EO-01,7343,18.07,82.03,-73.85,-59.3747,3.5163,,
2026-08-20T12:14:09Z,SAT-EO-01,7344,18.24,82.25,-71.53,-59.4296,3.5409,,
2026-08-20T12:14:15Z,SAT-EO-01,7345,17.74,82.03,-71.87,-59.4824,3.5656,,
2026-08-20T12:14:21Z,SAT-EO-01,7346,18.66,81.85,-73.5,-59.5331,3.5907,,
2026-08-20T12:14:27Z,SAT-EO-01,7347,18.31,82.08,-72.76,-59.5814,3.6157,,
2026-08-20T12:14:33Z,SAT-EO-01,7348,17.71,81.78,-72.43,-59.6276,3.6412,,
2026-08-20T12:14:39Z,SAT-EO-01,7349,18.07,81.91,-73.28,-59.6696,3.6656,,
2026-08-20T12:14:45Z,SAT-EO-01,7350,18.1,82.26,-72.9,-59.7106,3.6911,,
2026-08-20T12:14:51Z,SAT-EO-01,7351,17.85,81.72,-72.66,-59.749,3.7166,,
2026-08-20T12:14:57Z,SAT-EO-01,7352,17.85,81.89,-72.8,-59.784,3.7416,,
2026-08-20T12:15:04Z,SAT-EO-01,7353,17.59,81.81,-73.4,-59.8164,3.7667,,
2026-08-20T12:15:10Z,SAT-EO-01,7354,18.45,82.36,-74.25,-59.8465,3.792,,
2026-08-20T12:15:16Z,SAT-EO-01,7355,17.84,81.97,-72.19,-59.8742,3.8176,,
2026-08-20T12:15:22Z,SAT-EO-01,7356,18.24,81.92,-72.62,-59.8981,3.8422,,
2026-08-20T12:15:28Z,SAT-EO-01,7357,19.02,82.27,-72.57,-59.9201,3.8674,,
2026-08-20T12:15:34Z,SAT-EO-01,7358,17.6,81.97,-73.27,-59.9388,3.8918,,
2026-08-20T12:15:40Z,SAT-EO-01,7359,17.94,81.58,-73.98,-59.9557,3.9172,,
2026-08-20T12:15:46Z,SAT-EO-01,7360,18.16,82.13,-72.67,-59.9697,3.9424,,
2026-08-20T12:15:52Z,SAT-EO-01,7361,18.23,81.99,-73.32,-59.9808,3.967,,
2026-08-20T12:15:58Z,SAT-EO-01,7362,18.1,81.97,-72.37,-59.9896,3.992,,
2026-08-20T12:16:04Z,SAT-EO-01,7363,17.66,82.0,-72.91,-59.9957,4.0174,,
2026-08-20T12:16:10Z,SAT-EO-01,7364,17.97,82.18,-71.87,-59.9992,4.0426,,
2026-08-20T12:16:16Z,SAT-EO-01,7365,17.04,82.54,-73.23,-59.9999,4.0675,,
2026-08-20T12:16:22Z,SAT-EO-01,7366,17.93,82.6,-73.02,-59.998,4.093,,
2026-08-20T12:16:28Z,SAT-EO-01,7367,17.66,82.19,-72.58,-59.9934,4.1184,,
2026-08-20T12:16:34Z,SAT-EO-01,7368,17.81,81.91,-72.75,-59.9863,4.1433,,
2026-08-20T12:16:40Z,SAT-EO-01,7369,17.15,81.87,-72.42,-59.9767,4.1679,,
2026-08-20T12:16:46Z,SAT-EO-01,7370,17.99,81.79,-73.43,-59.9642,4.1931,,
2026-08-20T12:16:52Z,SAT-EO-01,7371,18.78,81.74,-72.29,-59.9493,4.218,,
2026-08-20T12:16:58Z,SAT-EO-01,7372,17.74,82.52,-72.19,-59.932,4.2425,,
2026-08-20T12:17:04Z,SAT-EO-01,7373,18.15,82.3,-73.01,-59.9121,4.2671,,
2026-08-20T12:17:10Z,SAT-EO-01,7374,18.79,81.78,-71.76,-59.8888,4.2926,,
2026-08-20T12:17:16Z,SAT-EO-01,7375,18.19,81.99,-72.82,-59.8637,4.3173,,
2026-08-20T12:17:22Z,SAT-EO-01,7376,17.73,82.12,-72.22,-59.8351,4.3428,,
2026-08-20T12:17:28Z,SAT-EO-01,7377,17.42,82.07,-71.55,-59.8048,4.3675,,
2026-08-20T12:17:34Z,SAT-EO-01,7378,18.26,82.19,-71.67,-59.772,4.3921,,
2026-08-20T12:17:40Z,SAT-EO-01,7379,17.72,81.91,-71.94,-59.736,4.4172,,
2026-08-20T12:17:46Z,SAT-EO-01,7380,18.65,81.79,-73.99,-59.6978,4.442,,
2026-08-20T12:17:52Z,SAT-EO-01,7381,18.03,82.34,-74.08,-59.6567,4.467,,
2026-08-20T12:17:58Z,SAT-EO-01,7382,18.07,82.44,-73.33,-59.6125,4.4923,,
2026-08-20T12:18:04Z,SAT-EO-01,7383,17.82,82.24,-72.71,-59.5664,4.5172,,
2026-08-20T12:18:10Z,SAT-EO-01,7384,17.99,82.22,-74.15,-59.5171,4.5424,,
2026-08-20T12:18:16Z,SAT-EO-01,7385,18.27,81.96,-73.04,-59.4649,4.5677,,
2026-08-20T12:18:22Z,SAT-EO-01,7386,17.96,81.96,-72.72,-59.4094,4.5933,,
2026-08-20T12:18:28Z,SAT-EO-01,7387,18.31,82.08,-74.02,-59.3526,4.6183,,
2026-08-20T12:18:34Z,SAT-EO-01,7388,17.31,81.78,-72.4,-59.2943,4.6428,,
2026-08-20T12:18:40Z,SAT-EO-01,7389,18.21,81.9,-72.74,-59.2337,4.6673,,
2026-08-20T12:18:46Z,SAT-EO-01,7390,17.93,82.12,-71.14,-59.1689,4.6924,,
2026-08-20T12:18:52Z,SAT-EO-01,7391,18.36,82.13,-71.65,-59.1007,4.7178,,
2026-08-20T12:18:58Z,SAT-EO-01,7392,18.05,82.4,-72.98,-59.0313,4.7427,,
2026-08-20T12:19:04Z,SAT-EO-01,7393,18.66,82.24,-72.36,-58.9604,4.7672,,
2026-08-20T12:19:10Z,SAT-EO-01,7394,18.6,82.23,-72.97,-58.8858,4.7921,,
2026-08-20T12:19:16Z,SAT-EO-01,7395,17.85,81.84,-73.73,-58.8089,4.8169,,
2026-08-20T12:19:21Z,SAT-EO-01,7396,18.5,82.01,-73.34,-58.7308,4.8414,,
2026-08-20T12:19:27Z,SAT-EO-01,7397,18.32,81.98,-74.1,-58.6497,4.866,,
2026-08-20T12:19:33Z,SAT-EO-01,7398,17.55,82.36,-72.79,-58.5626,4.8915,,
2026-08-20T12:19:39Z,SAT-EO-01,7399,17.55,81.79,-70.9,-58.4759,4.9163,,
2026-08-20T12:19:45Z,SAT-EO-01,7400,18.55,82.18,-71.51,-58.3869,4.941,,
2026-08-20T12:19:51Z,SAT-EO-01,7401,18.59,82.3,-72.24,-58.2966,4.9654,,
2026-08-20T12:19:57Z,SAT-EO-01,7402,18.08,82.26,-72.41,-58.2007,4.9905,,
2026-08-20T12:20:03Z,SAT-EO-01,7403,18.16,82.04,-72.72,-58.1053,5.015,,
2026-08-20T12:20:09Z,SAT-EO-01,7404,17.77,82.21,-74.11,-58.0028,5.0405,,
2026-08-20T12:20:15Z,SAT-EO-01,7405,17.75,82.37,-72.08,-57.9006,5.0654,,
2026-08-20T12:20:21Z,SAT-EO-01,7406,18.02,82.42,-72.0,-57.7936,5.0908,,
2026-08-20T12:20:27Z,SAT-EO-01,7407,17.92,82.64,-72.73,-57.6859,5.1157,,
2026-08-20T12:20:33Z,SAT-EO-01,7408,17.89,81.89,-73.19,-57.5774,5.1403,,
2026-08-20T12:20:39Z,SAT-EO-01,7409,18.68,82.06,-71.83,-57.464,5.1654,,
2026-08-20T12:20:45Z,SAT-EO-01,7410,18.21,82.59,-71.51,-57.351,5.1899,,
2026-08-20T12:20:51Z,SAT-EO-01,7411,17.7,82.08,-72.89,-57.2304,5.2155,,
2026-08-20T12:20:57Z,SAT-EO-01,7412,17.95,82.21,-71.8,-57.11,5.2405,,
2026-08-20T12:21:03Z,SAT-EO-01,7413,18.05,82.28,-73.27,-56.9892,5.265,,
2026-08-20T12:21:09Z,SAT-EO-01,7414,17.95,82.37,-71.7,-56.8612,5.2905,,
2026-08-20T12:21:15Z,SAT-EO-01,7415,18.23,82.33,-71.95,-56.7365,5.3149,,
2026-08-20T12:21:21Z,SAT-EO-01,7416,18.41,82.53,-73.46,-56.6063,5.3399,,
2026-08-20T12:21:27Z,SAT-EO-01,7417,18.53,82.26,-72.41,-56.4751,5.3646,,
2026-08-20T12:21:33Z,SAT-EO-01,7418,17.54,82.59,-71.38,-56.3385,5.3899,,
2026-08-20T12:21:39Z,SAT-EO-01,7419,17.86,82.67,-71.08,-56.1999,5.415,,
2026-08-20T12:21:45Z,SAT-EO-01,7420,17.77,82.27,-73.54,-56.0627,5.4395,,
2026-08-20T12:21:51Z,SAT-EO-01,7421,18.94,82.45,-71.48,-55.9199,5.4645,,
2026-08-20T12:21:57Z,SAT-EO-01,7422,18.3,82.46,-72.18,-55.7757,5.4894,,
2026-08-20T12:22:03Z,SAT-EO-01,7423,18.19,82.72,-71.93,-55.6296,5.5141,,
2026-08-20T12:22:09Z,SAT-EO-01,7424,17.77,82.05,-71.89,-55.4829,5.5386,,
2026-08-20T12:22:15Z,SAT-EO-01,7425,18.57,82.82,-70.41,-55.3315,5.5635,,
2026-08-20T12:22:21Z,SAT-EO-01,7426,17.85,82.38,-71.61,-55.1748,5.5888,,
2026-08-20T12:22:27Z,SAT-EO-01,7427,17.99,82.45,-71.88,-55.0192,5.6135,,
2026-08-20T12:22:33Z,SAT-EO-01,7428,18.86,82.96,-71.49,-54.861,5.6383,,
2026-08-20T12:22:39Z,SAT-EO-01,7429,18.14,82.6,-73.35,-54.7003,5.6632,,
2026-08-20T12:22:45Z,SAT-EO-01,7430,18.81,83.11,-72.83,-54.5366,5.6881,,
2026-08-20T12:22:51Z,SAT-EO-01,7431,18.32,82.65,-71.2,-54.3693,5.7132,,
2026-08-20T12:22:57Z,SAT-EO-01,7432,18.54,82.73,-73.1,-54.198,5.7385,,
2026-08-20T12:23:03Z,SAT-EO-01,7433,18.42,82.59,-72.67,-54.0289,5.7632,,
2026-08-20T12:23:09Z,SAT-EO-01,7434,18.15,82.59,-72.12,-53.8511,5.7887,,
2026-08-20T12:23:15Z,SAT-EO-01,7435,18.69,82.96,-72.06,-53.6783,5.8133,,
2026-08-20T12:23:21Z,SAT-EO-01,7436,18.34,82.42,-71.63,-53.4976,5.8386,,
2026-08-20T12:23:27Z,SAT-EO-01,7437,18.09,82.53,-70.83,-53.3135,5.864,,
2026-08-20T12:23:33Z,SAT-EO-01,7438,18.26,82.71,-71.78,-53.1333,5.8886,,
2026-08-20T12:23:39Z,SAT-EO-01,7439,18.1,82.63,-70.32,-52.9447,5.914,,
2026-08-20T12:23:45Z,SAT-EO-01,7440,18.77,83.12,-72.06,-52.7539,5.9394,,
2026-08-20T12:23:51Z,SAT-EO-01,7441,19.33,83.12,-71.53,-52.564,5.9644,,
2026-08-20T12:23:57Z,SAT-EO-01,7442,18.82,82.79,-71.03,-52.3763,5.9888,,
2026-08-20T12:24:03Z,SAT-EO-01,7443,18.36,82.67,-72.08,-52.1816,6.0138,,
2026-08-20T12:24:09Z,SAT-EO-01,7444,19.23,82.81,-70.68,-51.9833,6.0389,,
2026-08-20T12:24:15Z,SAT-EO-01,7445,18.87,83.19,-73.26,-51.7833,6.064,,
2026-08-20T12:24:21Z,SAT-EO-01,7446,18.9,82.5,-72.12,-51.5827,6.0889,,
2026-08-20T12:24:27Z,SAT-EO-01,7447,18.4,83.25,-71.64,-51.3768,6.1141,,
2026-08-20T12:24:33Z,SAT-EO-01,7448,18.6,83.25,-72.13,-51.1664,6.1397,,
2026-08-20T12:24:39Z,SAT-EO-01,7449,18.5,83.14,-71.08,-50.9626,6.1641,,
2026-08-20T12:24:45Z,SAT-EO-01,7450,19.36,83.3,-69.39,-50.7473,6.1897,,
2026-08-20T12:24:51Z,SAT-EO-01,7451,17.83,83.04,-70.4,-50.5384,6.2142,,
2026-08-20T12:24:57Z,SAT-EO-01,7452,18.47,83.4,-70.83,-50.3281,6.2387,,
2026-08-20T12:25:03Z,SAT-EO-01,7453,18.44,83.4,-72.02,-50.1065,6.2642,,
2026-08-20T12:25:09Z,SAT-EO-01,7454,18.86,83.43,-70.84,-49.8914,6.2887,,
2026-08-20T12:25:15Z,SAT-EO-01,7455,18.83,82.97,-70.7,-49.6747,6.3132,,
2026-08-20T12:25:21Z,SAT-EO-01,7456,18.33,83.26,-71.88,-49.4542,6.3378,,
2026-08-20T12:25:27Z,SAT-EO-01,7457,19.14,83.4,-70.6,-49.2243,6.3633,,
2026-08-20T12:25:33Z,SAT-EO-01,7458,18.71,83.26,-70.06,-48.9978,6.3881,,
2026-08-20T12:25:39Z,SAT-EO-01,7459,19.0,82.91,-71.67,-48.7703,6.4128,,
2026-08-20T12:25:44Z,SAT-EO-01,7460,18.43,83.65,-70.63,-48.5412,6.4375,,
2026-08-20T12:25:50Z,SAT-EO-01,7461,18.8,83.5,-70.49,-48.3123,6.4619,,
2026-08-20T12:25:56Z,SAT-EO-01,7462,19.44,83.44,-71.44,-48.0776,6.4867,,
2026-08-20T12:26:02Z,SAT-EO-01,7463,19.79,83.43,-71.5,-47.8448,6.5111,,
2026-08-20T12:26:08Z,SAT-EO-01,7464,18.53,83.51,-70.67,-47.6062,6.5359,,
2026-08-20T12:26:14Z,SAT-EO-01,7465,19.18,83.3,-71.75,-47.3579,6.5615,,
2026-08-20T12:26:20Z,SAT-EO-01,7466,19.18,83.57,-70.93,-47.1102,6.5868,,
2026-08-20T12:26:26Z,SAT-EO-01,7467,18.89,83.7,-71.4,-46.8598,6.6122,,
2026-08-20T12:26:32Z,SAT-EO-01,7468,18.15,83.53,-70.44,-46.6094,6.6374,,
2026-08-20T12:26:38Z,SAT-EO-01,7469,18.31,83.6,-69.26,-46.3597,6.6622,,
2026-08-20T12:26:44Z,SAT-EO-01,7470,18.99,83.63,-70.82,-46.1072,6.6872,,
2026-08-20T12:26:50Z,SAT-EO-01,7471,18.73,83.66,-70.24,-45.8507,6.7123,,
2026-08-20T12:26:56Z,SAT-EO-01,7472,18.71,83.7,-69.13,-45.5972,6.737,,
2026-08-20T12:27:02Z,SAT-EO-01,7473,19.07,83.71,-71.04,-45.3419,6.7617,,
2026-08-20T12:27:08Z,SAT-EO-01,7474,18.9,83.62,-69.51,-45.0794,6.7868,,
2026-08-20T12:27:14Z,SAT-EO-01,7475,18.82,83.81,-70.85,-44.8174,6.8117,,
2026-08-20T12:27:20Z,SAT-EO-01,7476,18.91,83.8,-70.8,-44.5533,6.8367,,
2026-08-20T12:27:26Z,SAT-EO-01,7477,19.2,83.78,-70.67,-44.2808,6.8622,,
2026-08-20T12:27:32Z,SAT-EO-01,7478,19.51,83.9,-70.55,-44.017,6.8867,,
2026-08-20T12:27:38Z,SAT-EO-01,7479,19.43,83.77,-70.91,-43.7457,6.9118,,
2026-08-20T12:27:44Z,SAT-EO-01,7480,19.57,84.12,-71.06,-43.4697,6.9371,,
2026-08-20T12:27:50Z,SAT-EO-01,7481,18.89,84.15,-71.1,-43.2005,6.9616,,
2026-08-20T12:27:56Z,SAT-EO-01,7482,19.38,84.11,-69.77,-42.921,6.9869,,
2026-08-20T12:28:02Z,SAT-EO-01,7483,19.36,83.77,-70.84,-42.6497,7.0113,,
2026-08-20T12:28:08Z,SAT-EO-01,7484,19.2,84.4,-70.7,-42.3745,7.0359,,
2026-08-20T12:28:14Z,SAT-EO-01,7485,19.67,84.0,-70.14,-42.0992,7.0603,,
2026-08-20T12:28:20Z,SAT-EO-01,7486,18.9,84.15,-68.82,-41.822,7.0847,,
2026-08-20T12:28:26Z,SAT-EO-01,7487,19.11,84.46,-69.95,-41.5362,7.1098,,
2026-08-20T12:28:32Z,SAT-EO-01,7488,19.97,84.18,-69.41,-41.247,7.1349,,
2026-08-20T12:28:38Z,SAT-EO-01,7489,19.44,84.27,-70.77,-40.9591,7.1598,,
2026-08-20T12:28:44Z,SAT-EO-01,7490,19.19,84.03,-69.14,-40.675,7.1842,,
2026-08-20T12:28:50Z,SAT-EO-01,7491,19.52,84.6,-69.41,-40.3808,7.2094,,
2026-08-20T12:28:56Z,SAT-EO-01,7492,19.61,84.16,-71.36,-40.0872,7.2343,,
2026-08-20T12:29:02Z,SAT-EO-01,7493,19.96,84.21,-69.86,-39.7888,7.2595,,
2026-08-20T12:29:08Z,SAT-EO-01,7494,19.72,84.62,-69.36,-39.484,7.2851,,
2026-08-20T12:29:14Z,SAT-EO-01,7495,19.27,84.14,-70.27,-39.1903,7.3096,,
2026-08-20T12:29:20Z,SAT-EO-01,7496,19.4,84.59,-69.59,-38.8834,7.335,,
2026-08-20T12:29:26Z,SAT-EO-01,7497,19.66,84.22,-69.47,-38.579,7.3601,,
2026-08-20T12:29:32Z,SAT-EO-01,7498,19.67,84.57,-67.87,-38.2819,7.3845,,
2026-08-20T12:29:38Z,SAT-EO-01,7499,19.78,84.52,-69.38,-37.9782,7.4093,,
2026-08-20T12:29:44Z,SAT-EO-01,7500,19.98,84.12,-69.19,-37.6739,7.434,,
2026-08-20T12:29:50Z,SAT-EO-01,7501,20.27,84.57,-69.17,-37.3713,7.4584,,
2026-08-20T12:29:56Z,SAT-EO-01,7502,20.04,84.66,-71.11,-37.0565,7.4837,,
2026-08-20T12:30:02Z,SAT-EO-01,7503,19.56,85.12,-68.61,-36.74,7.509,,
2026-08-20T12:30:08Z,SAT-EO-01,7504,19.8,85.05,-68.73,-36.4234,7.5342,,
2026-08-20T12:30:14Z,SAT-EO-01,7505,19.99,84.79,-70.29,-36.1134,7.5587,,
2026-08-20T12:30:20Z,SAT-EO-01,7506,19.49,84.9,-70.31,-35.7941,7.5838,,
2026-08-20T12:30:26Z,SAT-EO-01,7507,20.48,85.22,-70.57,-35.4803,7.6084,,
2026-08-20T12:30:31Z,SAT-EO-01,7508,19.42,84.89,-70.73,-35.1636,7.6331,,
2026-08-20T12:30:37Z,SAT-EO-01,7509,20.13,85.17,-69.4,-34.8454,7.6577,,
2026-08-20T12:30:43Z,SAT-EO-01,7510,19.82,84.64,-68.63,-34.5297,7.6821,,
2026-08-20T12:30:49Z,SAT-EO-01,7511,20.06,84.98,-68.3,-34.2123,7.7065,,
2026-08-20T12:30:55Z,SAT-EO-01,7512,20.11,85.03,-68.81,-33.8914,7.7311,,
2026-08-20T12:31:01Z,SAT-EO-01,7513,20.51,84.91,-68.59,-33.5639,7.756,,
2026-08-20T12:31:07Z,SAT-EO-01,7514,19.34,85.59,-70.46,-33.226,7.7816,,
2026-08-20T12:31:13Z,SAT-EO-01,7515,19.81,85.37,-68.38,-32.8948,7.8066,,
2026-08-20T12:31:19Z,SAT-EO-01,7516,19.82,85.26,-68.22,-32.5636,7.8315,,
2026-08-20T12:31:25Z,SAT-EO-01,7517,20.14,85.17,-67.89,-32.2285,7.8566,,
2026-08-20T12:31:31Z,SAT-EO-01,7518,20.6,85.24,-68.4,-31.897,7.8813,,
2026-08-20T12:31:37Z,SAT-EO-01,7519,20.37,85.28,-69.42,-31.5661,7.9059,,
2026-08-20T12:31:43Z,SAT-EO-01,7520,20.35,85.24,-67.94,-31.2208,7.9314,,
2026-08-20T12:31:49Z,SAT-EO-01,7521,20.21,85.25,-69.46,-30.8747,7.9569,,
2026-08-20T12:31:55Z,SAT-EO-01,7522,20.04,86.07,-68.25,-30.5387,7.9815,,
2026-08-20T12:32:01Z,SAT-EO-01,7523,20.65,85.4,-69.52,-30.2044,8.0059,,
2026-08-20T12:32:07Z,SAT-EO-01,7524,20.19,85.72,-69.0,-29.8531,8.0315,,
2026-08-20T12:32:13Z,SAT-EO-01,7525,20.17,84.88,-65.5,-29.5135,8.0561,,
2026-08-20T12:32:19Z,SAT-EO-01,7526,20.36,84.94,-66.59,-29.1721,8.0808,,
2026-08-20T12:32:25Z,SAT-EO-01,7527,20.46,85.81,-68.2,-28.8298,8.1054,,
2026-08-20T12:32:31Z,SAT-EO-01,7528,19.95,85.68,-68.81,-28.4755,8.1308,,
2026-08-20T12:32:37Z,SAT-EO-01,7529,20.2,85.4,-67.66,-28.1274,8.1557,,
2026-08-20T12:32:43Z,SAT-EO-01,7530,19.86,85.97,-68.1,-27.7807,8.1804,,
2026-08-20T12:32:49Z,SAT-EO-01,7531,20.32,86.22,-66.72,-27.4274,8.2054,,
2026-08-20T12:32:55Z,SAT-EO-01,7532,20.55,85.98,-67.73,-27.0683,8.2308,,
2026-08-20T12:33:01Z,SAT-EO-01,7533,20.31,85.46,-69.3,-26.7074,8.2563,,
2026-08-20T12:33:07Z,SAT-EO-01,7534,21.36,85.76,-69.13,-26.3453,8.2817,,
2026-08-20T12:33:13Z,SAT-EO-01,7535,20.76,85.99,-67.76,-25.9837,8.307,,
2026-08-20T12:33:19Z,SAT-EO-01,7536,20.46,86.01,-69.41,-25.6294,8.3317,,
2026-08-20T12:33:25Z,SAT-EO-01,7537,20.06,85.74,-67.96,-25.2777,8.3562,,
2026-08-20T12:33:31Z,SAT-EO-01,7538,20.59,86.1,-69.16,-24.9193,8.3811,,
2026-08-20T12:33:37Z,SAT-EO-01,7539,20.53,86.16,-67.19,-24.5559,8.4062,,
2026-08-20T12:33:43Z,SAT-EO-01,7540,20.67,86.27,-67.33,-24.1894,8.4315,,
2026-08-20T12:33:49Z,SAT-EO-01,7541,21.27,86.28,-68.74,-23.8341,8.4559,,
2026-08-20T12:33:55Z,SAT-EO-01,7542,20.63,85.96,-68.99,-23.4692,8.4809,,
2026-08-20T12:34:01Z,SAT-EO-01,7543,20.82,86.55,-67.02,-23.1008,8.5061,,
2026-08-20T12:34:07Z,SAT-EO-01,7544,21.24,86.11,-69.06,-22.7331,8.5312,,
2026-08-20T12:34:13Z,SAT-EO-01,7545,21.11,86.43,-67.25,-22.3688,8.5559,,
2026-08-20T12:34:19Z,SAT-EO-01,7546,20.52,86.21,-67.09,-21.998,8.5811,,
2026-08-20T12:34:25Z,SAT-EO-01,7547,21.29,86.4,-68.27,-21.6248,8.6063,,
2026-08-20T12:34:31Z,SAT-EO-01,7548,21.12,86.62,-66.35,-21.26,8.6309,,
2026-08-20T12:34:37Z,SAT-EO-01,7549,21.15,86.67,-67.46,-20.8874,8.656,,
2026-08-20T12:34:43Z,SAT-EO-01,7550,20.42,86.51,-67.16,-20.5088,8.6814,,
2026-08-20T12:34:49Z,SAT-EO-01,7551,20.16,86.38,-66.94,-20.1428,8.7059,,
2026-08-20T12:34:55Z,SAT-EO-01,7552,21.62,86.62,-68.29,-19.7671,8.731,,
2026-08-20T12:35:01Z,SAT-EO-01,7553,21.28,86.73,-66.67,-19.3862,8.7564,,
2026-08-20T12:35:07Z,SAT-EO-01,7554,20.63,86.67,-68.1,-19.0085,8.7815,,
2026-08-20T12:35:13Z,SAT-EO-01,7555,21.3,86.59,-68.67,-18.6236,8.807,,
2026-08-20T12:35:19Z,SAT-EO-01,7556,20.96,86.95,-68.22,-18.2512,8.8317,,
2026-08-20T12:35:25Z,SAT-EO-01,7557,21.35,86.97,-67.88,-17.8681,8.857,,
2026-08-20T12:35:31Z,SAT-EO-01,7558,20.89,86.83,-67.83,-17.4919,8.8818,,
2026-08-20T12:35:37Z,SAT-EO-01,7559,21.28,86.95,-67.81,-17.1122,8.9068,,
2026-08-20T12:35:43Z,SAT-EO-01,7560,21.65,87.04,-67.16,-16.7389,8.9313,,
2026-08-20T12:35:49Z,SAT-EO-01,7561,20.45,87.15,-66.84,-16.3594,8.9562,,
2026-08-20T12:35:55Z,SAT-EO-01,7562,20.83,87.06,-67.48,-15.9799,8.981,,
2026-08-20T12:36:01Z,SAT-EO-01,7563,21.23,87.09,-68.18,-15.5953,9.0061,,
2026-08-20T12:36:07Z,SAT-EO-01,7564,21.75,86.87,-67.08,-15.2183,9.0307,,
2026-08-20T12:36:13Z,SAT-EO-01,7565,21.88,87.45,-67.47,-14.8385,9.0554,,
2026-08-20T12:36:19Z,SAT-EO-01,7566,22.01,87.16,-66.89,-14.4545,9.0803,,
2026-08-20T12:36:25Z,SAT-EO-01,7567,21.11,87.79,-68.14,-14.0758,9.1049,,
2026-08-20T12:36:31Z,SAT-EO-01,7568,21.78,87.36,-66.59,-13.6931,9.1297,,
2026-08-20T12:36:37Z,SAT-EO-01,7569,21.47,87.33,-66.53,-13.3047,9.1548,,
2026-08-20T12:36:43Z,SAT-EO-01,7570,21.66,87.22,-67.63,-12.9156,9.1799,,
2026-08-20T12:36:49Z,SAT-EO-01,7571,21.44,87.21,-67.4,-12.5248,9.2051,,
2026-08-20T12:36:55Z,SAT-EO-01,7572,21.64,87.65,-68.44,-12.1437,9.2296,,
2026-08-20T12:37:01Z,SAT-EO-01,7573,20.94,87.64,-68.67,-11.7596,9.2543,,
2026-08-20T12:37:07Z,SAT-EO-01,7574,21.67,88.1,-67.26,-11.3609,9.2799,,
2026-08-20T12:37:13Z,SAT-EO-01,7575,21.11,87.71,-65.59,-10.9671,9.3052,,
2026-08-20T12:37:19Z,SAT-EO-01,7576,21.75,87.54,-67.54,-10.5775,9.3301,,
2026-08-20T12:37:25Z,SAT-EO-01,7577,21.6,87.52,-66.48,-10.1787,9.3556,,
2026-08-20T12:37:31Z,SAT-EO-01,7578,21.97,87.71,-67.8,-9.7878,9.3806,,
2026-08-20T12:37:37Z,SAT-EO-01,7579,21.3,87.59,-67.19,-9.3977,9.4055,,
2026-08-20T12:37:43Z,SAT-EO-01,7580,21.67,87.64,-66.05,-8.9961,9.4311,,
2026-08-20T12:37:49Z,SAT-EO-01,7581,22.12,88.08,-66.32,-8.6105,9.4557,,
2026-08-20T12:37:55Z,SAT-EO-01,7582,21.8,88.17,-65.91,-8.2165,9.4807,,
2026-08-20T12:38:01Z,SAT-EO-01,7583,21.48,88.01,-66.76,-7.8324,9.5052,,
2026-08-20T12:38:07Z,SAT-EO-01,7584,22.16,87.71,-67.15,-7.4373,9.5302,,
2026-08-20T12:38:13Z,SAT-EO-01,7585,22.4,88.33,-66.9,-7.0439,9.5552,,
2026-08-20T12:38:19Z,SAT-EO-01,7586,21.84,87.87,-66.84,-6.6448,9.5805,,
2026-08-20T12:38:25Z,SAT-EO-01,7587,20.82,88.37,-67.85,-6.2495,9.6056,,
2026-08-20T12:38:31Z,SAT-EO-01,7588,22.03,88.26,-67.34,-5.861,9.6302,,
2026-08-20T12:38:37Z,SAT-EO-01,7589,21.82,88.19,-66.43,-5.4706,9.6549,,
2026-08-20T12:38:43Z,SAT-EO-01,7590,22.32,88.62,-67.43,-5.0787,9.6797,,
2026-08-20T12:38:49Z,SAT-EO-01,7591,22.51,88.2,-66.25,-4.6808,9.7048,,
2026-08-20T12:38:55Z,SAT-EO-01,7592,21.56,88.61,-67.19,-4.2753,9.7304,,
2026-08-20T12:39:01Z,SAT-EO-01,7593,21.48,89.07,-65.96,-3.8829,9.7552,,
2026-08-20T12:39:07Z,SAT-EO-01,7594,22.46,88.53,-67.35,-3.4874,9.7802,,
2026-08-20T12:39:13Z,SAT-EO-01,7595,22.21,88.87,-68.21,-3.0876,9.8054,,
2026-08-20T12:39:19Z,SAT-EO-01,7596,22.41,88.99,-68.05,-2.693,9.8303,,
2026-08-20T12:39:25Z,SAT-EO-01,7597,22.15,88.86,-67.57,-2.2869,9.8559,,
2026-08-20T12:39:31Z,SAT-EO-01,7598,22.4,88.65,-67.8,-1.8953,9.8806,,
2026-08-20T12:39:37Z,SAT-EO-01,7599,22.65,88.83,-67.46,-1.4951,9.9058,,
2026-08-20T12:39:43Z,SAT-EO-01,7600,21.99,89.02,-67.12,-1.1017,9.9306,,
2026-08-20T12:39:49Z,SAT-EO-01,7601,22.34,88.86,-67.07,-0.7071,9.9555,,
2026-08-20T12:39:55Z,SAT-EO-01,7602,22.64,88.72,-66.75,-0.3153,9.9801,,
2026-08-20T12:40:01Z,SAT-EO-01,7603,22.41,89.32,-68.05,0.0731,10.0046,,
2026-08-20T12:40:06Z,SAT-EO-01,7604,22.56,89.08,-68.84,0.4612,10.0291,,
2026-08-20T12:40:13Z,SAT-EO-01,7605,23.09,89.1,-66.63,0.8633,10.0544,,
2026-08-20T12:40:19Z,SAT-EO-01,7606,22.39,89.36,-66.65,1.2652,10.0797,,
2026-08-20T12:40:25Z,SAT-EO-01,7607,22.76,88.86,-67.65,1.6669,10.105,,
2026-08-20T12:40:31Z,SAT-EO-01,7608,22.95,88.98,-67.58,2.0641,10.1301,,
2026-08-20T12:40:37Z,SAT-EO-01,7609,22.65,89.5,-66.68,2.47,10.1556,,
2026-08-20T12:40:43Z,SAT-EO-01,7610,22.48,89.23,-67.91,2.8616,10.1803,,
2026-08-20T12:40:49Z,SAT-EO-01,7611,22.8,89.16,-66.87,3.2585,10.2054,,
2026-08-20T12:40:55Z,SAT-EO-01,7612,22.89,89.64,-67.71,3.654,10.2303,,
2026-08-20T12:41:01Z,SAT-EO-01,7613,22.76,89.17,-67.88,4.0585,10.2559,,
2026-08-20T12:41:07Z,SAT-EO-01,7614,22.35,89.68,-67.04,4.4525,10.2808,,
2026-08-20T12:41:13Z,SAT-EO-01,7615,22.22,89.43,-68.3,4.8477,10.3057,,
2026-08-20T12:41:19Z,SAT-EO-01,7616,22.75,89.87,-68.1,5.2523,10.3313,,
2026-08-20T12:41:25Z,SAT-EO-01,7617,22.98,89.98,-67.1,5.6403,10.3559,,
2026-08-20T12:41:31Z,SAT-EO-01,7618,23.07,90.02,-67.72,6.0293,10.3805,,
2026-08-20T12:41:37Z,SAT-EO-01,7619,23.23,89.78,-67.85,6.4271,10.4057,,
2026-08-20T12:41:43Z,SAT-EO-01,7620,23.41,89.87,-67.05,6.8246,10.4309,,
2026-08-20T12:41:49Z,SAT-EO-01,7621,22.64,90.06,-66.65,7.2264,10.4564,,
2026-08-20T12:41:55Z,SAT-EO-01,7622,22.95,89.83,-65.95,7.6219,10.4815,,
2026-08-20T12:42:01Z,SAT-EO-01,7623,22.77,89.82,-66.54,8.0075,10.506,,
2026-08-20T12:42:07Z,SAT-EO-01,7624,23.48,90.21,-66.88,8.3925,10.5305,,
2026-08-20T12:42:13Z,SAT-EO-01,7625,22.47,90.05,-67.28,8.7891,10.5557,,
2026-08-20T12:42:19Z,SAT-EO-01,7626,23.52,90.22,-66.71,9.1885,10.5811,,
2026-08-20T12:42:25Z,SAT-EO-01,7627,23.05,90.12,-66.4,9.59,10.6068,,
2026-08-20T12:42:31Z,SAT-EO-01,7628,23.23,89.67,-66.9,9.9864,10.6321,,
2026-08-20T12:42:37Z,SAT-EO-01,7629,23.1,90.23,-66.57,10.3773,10.6571,,
2026-08-20T12:42:43Z,SAT-EO-01,7630,22.96,89.85,-66.8,10.7733,10.6824,,
2026-08-20T12:42:49Z,SAT-EO-01,7631,23.44,90.0,-67.86,11.1616,10.7073,,
2026-08-20T12:42:55Z,SAT-EO-01,7632,23.69,90.26,-66.15,11.5416,10.7317,,
2026-08-20T12:43:01Z,SAT-EO-01,7633,23.14,90.28,-67.68,11.9336,10.7568,,
2026-08-20T12:43:07Z,SAT-EO-01,7634,24.1,90.5,-68.11,12.3171,10.7815,,
2026-08-20T12:43:13Z,SAT-EO-01,7635,23.8,90.26,-67.69,12.7095,10.8068,,
2026-08-20T12:43:19Z,SAT-EO-01,7636,23.12,90.22,-66.59,13.1018,10.8321,,
2026-08-20T12:43:25Z,SAT-EO-01,7637,23.4,90.19,-67.84,13.4815,10.8566,,
2026-08-20T12:43:31Z,SAT-EO-01,7638,23.81,90.6,-68.03,13.8687,10.8817,,
2026-08-20T12:43:37Z,SAT-EO-01,7639,23.37,90.36,-66.71,14.2483,10.9063,,
2026-08-20T12:43:43Z,SAT-EO-01,7640,23.89,90.62,-67.85,14.6318,10.9312,,
2026-08-20T12:43:49Z,SAT-EO-01,7641,23.14,91.07,-68.23,15.0165,10.9562,,
2026-08-20T12:43:55Z,SAT-EO-01,7642,24.1,90.59,-68.11,15.4027,10.9813,,
2026-08-20T12:44:01Z,SAT-EO-01,7643,24.33,90.53,-66.94,15.7778,11.0058,,
2026-08-20T12:44:07Z,SAT-EO-01,7644,23.91,90.88,-68.14,16.1697,11.0314,,
2026-08-20T12:44:13Z,SAT-EO-01,7645,23.52,91.14,-67.62,16.5519,11.0565,,
2026-08-20T12:44:19Z,SAT-EO-01,7646,23.61,90.92,-66.8,16.9422,11.0821,,
2026-08-20T12:44:25Z,SAT-EO-01,7647,23.49,91.2,-67.2,17.3297,11.1075,,
2026-08-20T12:44:31Z,SAT-EO-01,7648,23.72,90.72,-68.36,17.7114,11.1327,,
2026-08-20T12:44:37Z,SAT-EO-01,7649,23.59,90.79,-67.23,18.0974,11.1581,,
2026-08-20T12:44:43Z,SAT-EO-01,7650,23.71,91.13,-68.15,18.4704,11.1828,,
2026-08-20T12:44:49Z,SAT-EO-01,7651,23.83,91.15,-67.79,18.8455,11.2077,,
2026-08-20T12:44:55Z,SAT-EO-01,7652,23.81,91.18,-66.94,19.2303,11.2333,,
2026-08-20T12:45:01Z,SAT-EO-01,7653,24.38,91.55,-67.18,19.6019,11.258,,
2026-08-20T12:45:07Z,SAT-EO-01,7654,24.17,91.13,-67.34,19.9722,11.2827,,
2026-08-20T12:45:13Z,SAT-EO-01,7655,23.64,91.47,-66.93,20.3462,11.3077,,
2026-08-20T12:45:19Z,SAT-EO-01,7656,23.99,91.24,-67.28,20.7196,11.3328,,
2026-08-20T12:45:25Z,SAT-EO-01,7657,23.81,91.19,-66.93,21.0843,11.3573,,
2026-08-20T12:45:31Z,SAT-EO-01,7658,24.15,91.46,-67.76,21.454,11.3822,,
2026-08-20T12:45:37Z,SAT-EO-01,7659,24.22,91.42,-68.91,21.8155,11.4066,,
2026-08-20T12:45:43Z,SAT-EO-01,7660,24.14,91.37,-67.75,22.1864,11.4317,,
2026-08-20T12:45:49Z,SAT-EO-01,7661,23.92,91.87,-68.65,22.5572,11.4569,,
2026-08-20T12:45:55Z,SAT-EO-01,7662,24.44,91.65,-67.2,22.9291,11.4822,,
2026-08-20T12:46:01Z,SAT-EO-01,7663,23.74,91.57,-67.17,23.2907,11.5069,,
2026-08-20T12:46:07Z,SAT-EO-01,7664,24.7,91.9,-67.77,23.6481,11.5313,,
2026-08-20T12:46:13Z,SAT-EO-01,7665,24.86,91.65,-68.87,24.0045,11.5558,,
2026-08-20T12:46:19Z,SAT-EO-01,7666,24.57,92.01,-67.86,24.3616,11.5804,,
2026-08-20T12:46:25Z,SAT-EO-01,7667,24.18,92.02,-68.01,24.7271,11.6056,,
2026-08-20T12:46:31Z,SAT-EO-01,7668,24.22,92.1,-67.82,25.0849,11.6304,,
2026-08-20T12:46:37Z,SAT-EO-01,7669,23.9,91.81,-68.03,25.4538,11.656,,
2026-08-20T12:46:43Z,SAT-EO-01,7670,23.96,91.42,-68.57,25.8145,11.6812,,
2026-08-20T12:46:49Z,SAT-EO-01,7671,24.17,92.02,-68.79,26.1662,11.7057,,
2026-08-20T12:46:55Z,SAT-EO-01,7672,24.4,91.92,-68.44,26.5276,11.7311,,
2026-08-20T12:47:01Z,SAT-EO-01,7673,24.81,91.9,-69.46,26.8836,11.7561,,
2026-08-20T12:47:07Z,SAT-EO-01,7674,24.54,92.09,-69.45,27.243,11.7815,,
2026-08-20T12:47:13Z,SAT-EO-01,7675,24.1,92.41,-68.78,27.5971,11.8066,,
2026-08-20T12:47:19Z,SAT-EO-01,7676,24.81,92.26,-68.37,27.957,11.8322,,
2026-08-20T12:47:25Z,SAT-EO-01,7677,25.23,92.0,-67.52,28.3003,11.8566,,
2026-08-20T12:47:31Z,SAT-EO-01,7678,24.89,92.46,-68.61,28.6512,11.8818,,
2026-08-20T12:47:37Z,SAT-EO-01,7679,24.79,92.3,-68.35,29.0047,11.9072,,
2026-08-20T12:47:43Z,SAT-EO-01,7680,24.79,92.02,-67.55,29.3477,11.9319,,
2026-08-20T12:47:49Z,SAT-EO-01,7681,24.99,92.48,-69.49,29.6962,11.9571,,
2026-08-20T12:47:55Z,SAT-EO-01,7682,24.94,92.24,-69.25,30.0442,11.9824,,
2026-08-20T12:48:01Z,SAT-EO-01,7683,25.32,92.59,-67.85,30.3852,12.0072,,
2026-08-20T12:48:07Z,SAT-EO-01,7684,24.51,92.69,-68.63,30.7279,12.0323,,
2026-08-20T12:48:13Z,SAT-EO-01,7685,25.06,92.54,-68.43,31.0679,12.0573,,
2026-08-20T12:48:19Z,SAT-EO-01,7686,25.41,93.36,-69.1,31.4135,12.0828,,
2026-08-20T12:48:25Z,SAT-EO-01,7687,24.35,92.96,-68.37,31.7489,12.1077,,
2026-08-20T12:48:31Z,SAT-EO-01,7688,24.87,92.51,-70.02,32.0784,12.1322,,
2026-08-20T12:48:37Z,SAT-EO-01,7689,25.7,93.11,-69.45,32.4063,12.1567,,
2026-08-20T12:48:43Z,SAT-EO-01,7690,25.05,92.98,-67.83,32.7327,12.1812,,
2026-08-20T12:48:49Z,SAT-EO-01,7691,25.28,92.65,-67.26,33.059,12.2057,,
2026-08-20T12:48:55Z,SAT-EO-01,7692,25.54,93.22,-68.37,33.3846,12.2304,,
2026-08-20T12:49:01Z,SAT-EO-01,7693,25.21,93.33,-69.04,33.72,12.2559,,
2026-08-20T12:49:07Z,SAT-EO-01,7694,25.77,92.99,-68.11,34.043,12.2805,,
2026-08-20T12:49:13Z,SAT-EO-01,7695,24.92,93.03,-68.46,34.3706,12.3056,,
2026-08-20T12:49:19Z,SAT-EO-01,7696,25.05,93.2,-66.82,34.6917,12.3304,,
2026-08-20T12:49:25Z,SAT-EO-01,7697,25.17,93.22,-69.5,35.0107,12.3551,,
2026-08-20T12:49:31Z,SAT-EO-01,7698,24.68,93.29,-69.37,35.3358,12.3803,,
2026-08-20T12:49:37Z,SAT-EO-01,7699,24.94,93.05,-69.37,35.6504,12.4049,,
2026-08-20T12:49:43Z,SAT-EO-01,7700,24.98,93.17,-69.26,35.9767,12.4306,,
2026-08-20T12:49:49Z,SAT-EO-01,7701,25.71,93.4,-68.2,36.2899,12.4553,,
2026-08-20T12:49:55Z,SAT-EO-01,7702,25.75,93.58,-69.63,36.6054,12.4803,,
2026-08-20T12:50:01Z,SAT-EO-01,7703,25.01,93.04,-70.42,36.9166,12.5051,,
2026-08-20T12:50:07Z,SAT-EO-01,7704,25.19,93.4,-68.56,37.2303,12.5302,,
2026-08-20T12:50:13Z,SAT-EO-01,7705,25.54,93.57,-68.32,37.5398,12.5552,,
2026-08-20T12:50:19Z,SAT-EO-01,7706,24.76,93.24,-70.44,37.8521,12.5805,,
2026-08-20T12:50:25Z,SAT-EO-01,7707,25.33,93.13,-69.71,38.1531,12.605,,
2026-08-20T12:50:31Z,SAT-EO-01,7708,25.7,93.76,-68.34,38.4627,12.6303,,
2026-08-20T12:50:37Z,SAT-EO-01,7709,25.52,93.59,-70.01,38.7716,12.6557,,
2026-08-20T12:50:43Z,SAT-EO-01,7710,25.07,93.64,-69.98,39.0708,12.6805,,
2026-08-20T12:50:49Z,SAT-EO-01,7711,25.52,93.67,-69.3,39.3657,12.705,,
2026-08-20T12:50:55Z,SAT-EO-01,7712,25.89,93.71,-69.62,39.6701,12.7305,,
2026-08-20T12:51:01Z,SAT-EO-01,7713,25.68,93.94,-68.37,39.9611,12.755,,
2026-08-20T12:51:07Z,SAT-EO-01,7714,25.72,93.64,-69.51,40.2612,12.7805,,
2026-08-20T12:51:13Z,SAT-EO-01,7715,25.86,93.49,-68.45,40.5501,12.8051,,
2026-08-20T12:51:19Z,SAT-EO-01,7716,25.51,93.52,-69.67,40.8415,12.8301,,
2026-08-20T12:51:25Z,SAT-EO-01,7717,25.31,94.07,-70.7,41.1353,12.8554,,
2026-08-20T12:51:31Z,SAT-EO-01,7718,25.37,93.99,-68.71,41.4278,12.8808,,
2026-08-20T12:51:37Z,SAT-EO-01,7719,25.67,93.64,-70.53,41.7102,12.9055,,
2026-08-20T12:51:43Z,SAT-EO-01,7720,24.94,94.21,-68.87,41.9959,12.9306,,
2026-08-20T12:51:49Z,SAT-EO-01,7721,25.47,94.16,-70.38,42.2751,12.9553,,
2026-08-20T12:51:55Z,SAT-EO-01,7722,25.56,94.24,-71.16,42.5607,12.9807,,
2026-08-20T12:52:01Z,SAT-EO-01,7723,25.75,94.25,-71.36,42.8424,13.006,,
2026-08-20T12:52:07Z,SAT-EO-01,7724,25.3,94.15,-69.89,43.1241,13.0314,,
2026-08-20T12:52:13Z,SAT-EO-01,7725,25.85,93.59,-70.99,43.4054,13.057,,
2026-08-20T12:52:19Z,SAT-EO-01,7726,25.92,94.12,-69.3,43.6724,13.0815,,
2026-08-20T12:52:25Z,SAT-EO-01,7727,26.35,94.21,-69.95,43.9445,13.1065,,
2026-08-20T12:52:31Z,SAT-EO-01,7728,25.45,94.17,-69.49,44.2133,13.1315,,
2026-08-20T12:52:37Z,SAT-EO-01,7729,25.93,94.17,-70.12,44.4865,13.1571,,
2026-08-20T12:52:43Z,SAT-EO-01,7730,26.21,94.55,-70.81,44.7499,13.1819,,
2026-08-20T12:52:49Z,SAT-EO-01,7731,26.47,93.95,-70.7,45.0143,13.207,,
2026-08-20T12:52:55Z,SAT-EO-01,7732,25.38,94.32,-70.42,45.2796,13.2324,,
2026-08-20T12:53:01Z,SAT-EO-01,7733,26.11,94.11,-69.18,45.5371,13.2572,,
2026-08-20T12:53:07Z,SAT-EO-01,7734,25.94,94.55,-71.39,45.7991,13.2826,,
2026-08-20T12:53:13Z,SAT-EO-01,7735,25.88,94.64,-70.45,46.0558,13.3078,,
2026-08-20T12:53:19Z,SAT-EO-01,7736,25.76,94.67,-71.18,46.315,13.3333,,
2026-08-20T12:53:25Z,SAT-EO-01,7737,26.24,94.12,-72.01,46.564,13.3581,,
2026-08-20T12:53:31Z,SAT-EO-01,7738,25.62,94.39,-71.3,46.8114,13.3829,,
2026-08-20T12:53:37Z,SAT-EO-01,7739,26.62,94.07,-70.97,47.0622,13.4083,,
2026-08-20T12:53:43Z,SAT-EO-01,7740,26.32,94.61,-70.19,47.3055,13.4331,,
2026-08-20T12:53:50Z,SAT-EO-01,7741,25.83,94.63,-70.21,47.5517,13.4584,,
2026-08-20T12:53:55Z,SAT-EO-01,7742,25.87,94.35,-70.41,47.7916,13.4833,,
2026-08-20T12:54:02Z,SAT-EO-01,7743,26.14,94.34,-71.08,48.0309,13.5084,,
2026-08-20T12:54:08Z,SAT-EO-01,7744,25.56,94.57,-70.19,48.2697,13.5336,,
2026-08-20T12:54:14Z,SAT-EO-01,7745,26.53,94.67,-70.83,48.5083,13.559,,
2026-08-20T12:54:20Z,SAT-EO-01,7746,26.9,94.41,-71.28,48.7386,13.5838,,
2026-08-20T12:54:26Z,SAT-EO-01,7747,25.71,94.46,-70.09,48.9722,13.6091,,
2026-08-20T12:54:32Z,SAT-EO-01,7748,26.8,94.8,-69.79,49.2052,13.6346,,
2026-08-20T12:54:38Z,SAT-EO-01,7749,26.59,94.84,-70.96,49.436,13.6602,,
2026-08-20T12:54:44Z,SAT-EO-01,7750,25.98,94.02,-71.69,49.6594,13.6851,,
2026-08-20T12:54:50Z,SAT-EO-01,7751,26.1,94.33,-71.66,49.8848,13.7106,,
2026-08-20T12:54:56Z,SAT-EO-01,7752,25.99,94.81,-71.32,50.106,13.7358,,
2026-08-20T12:55:02Z,SAT-EO-01,7753,25.82,94.55,-69.77,50.3235,13.7608,,
2026-08-20T12:55:08Z,SAT-EO-01,7754,26.81,94.86,-70.91,50.5415,13.7861,,
2026-08-20T12:55:14Z,SAT-EO-01,7755,26.35,94.93,-71.04,50.7536,13.8111,,
2026-08-20T12:55:20Z,SAT-EO-01,7756,26.58,94.89,-71.91,50.9679,13.8365,,
2026-08-20T12:55:26Z,SAT-EO-01,7757,26.5,94.69,-71.13,51.1711,13.8609,,
2026-08-20T12:55:32Z,SAT-EO-01,7758,26.65,95.07,-71.98,51.3789,13.8861,,
2026-08-20T12:55:38Z,SAT-EO-01,7759,25.9,95.31,-72.77,51.5823,13.9111,,
2026-08-20T12:55:44Z,SAT-EO-01,7760,27.01,94.96,-72.32,51.7844,13.9361,,
2026-08-20T12:55:50Z,SAT-EO-01,7761,26.71,95.32,-71.31,51.9825,13.961,,
2026-08-20T12:55:56Z,SAT-EO-01,7762,26.67,95.08,-70.33,52.1777,13.9857,,
2026-08-20T12:56:02Z,SAT-EO-01,7763,26.23,95.21,-71.13,52.3695,14.0104,,
2026-08-20T12:56:08Z,SAT-EO-01,7764,26.2,94.96,-70.85,52.5646,14.0357,,
2026-08-20T12:56:14Z,SAT-EO-01,7765,26.73,95.29,-71.13,52.7583,14.0612,,
2026-08-20T12:56:20Z,SAT-EO-01,7766,27.06,95.43,-70.78,52.9424,14.0857,,
2026-08-20T12:56:26Z,SAT-EO-01,7767,26.61,95.62,-73.33,53.1263,14.1104,,
2026-08-20T12:56:32Z,SAT-EO-01,7768,26.82,95.39,-72.31,53.3061,14.135,,
2026-08-20T12:56:38Z,SAT-EO-01,7769,26.73,94.95,-71.64,53.485,14.1597,,
2026-08-20T12:56:44Z,SAT-EO-01,7770,26.77,94.75,-71.11,53.6663,14.185,,
2026-08-20T12:56:50Z,SAT-EO-01,7771,26.6,95.33,-71.58,53.8424,14.21,,
2026-08-20T12:56:56Z,SAT-EO-01,7772,26.94,95.11,-71.12,54.0162,14.235,,
2026-08-20T12:57:02Z,SAT-EO-01,7773,26.54,95.5,-71.65,54.1863,14.2598,,
2026-08-20T12:57:08Z,SAT-EO-01,7774,26.34,95.8,-72.39,54.3588,14.2853,,
2026-08-20T12:57:14Z,SAT-EO-01,7775,26.83,95.22,-72.45,54.5296,14.3109,,
2026-08-20T12:57:20Z,SAT-EO-01,7776,26.0,95.35,-72.0,54.6922,14.3356,,
2026-08-20T12:57:26Z,SAT-EO-01,7777,27.34,95.19,-71.13,54.8526,14.3604,,
2026-08-20T12:57:32Z,SAT-EO-01,7778,27.26,95.38,-71.6,55.0106,14.3851,,
2026-08-20T12:57:38Z,SAT-EO-01,7779,27.2,95.52,-72.05,55.1656,14.4097,,
2026-08-20T12:57:44Z,SAT-EO-01,7780,27.11,95.06,-71.18,55.3197,14.4346,,
2026-08-20T12:57:50Z,SAT-EO-01,7781,26.86,95.16,-72.07,55.4689,14.4591,,
2026-08-20T12:57:56Z,SAT-EO-01,7782,26.54,95.34,-71.25,55.6224,14.4847,,
2026-08-20T12:58:02Z,SAT-EO-01,7783,25.87,95.32,-73.06,55.7673,14.5092,,
2026-08-20T12:58:08Z,SAT-EO-01,7784,26.6,95.54,-71.04,55.9155,14.5347,,
2026-08-20T12:58:14Z,SAT-EO-01,7785,27.02,95.51,-71.84,56.0572,14.5596,,
2026-08-20T12:58:20Z,SAT-EO-01,7786,26.54,95.56,-71.6,56.1941,14.584,,
2026-08-20T12:58:26Z,SAT-EO-01,7787,26.96,95.24,-72.66,56.3301,14.6086,,
2026-08-20T12:58:32Z,SAT-EO-01,7788,26.65,95.19,-70.57,56.4656,14.6336,,
2026-08-20T12:58:38Z,SAT-EO-01,7789,27.0,96.22,-72.56,56.5982,14.6586,,
2026-08-20T12:58:43Z,SAT-EO-01,7790,26.64,95.69,-70.83,56.7264,14.6831,,
2026-08-20T12:58:49Z,SAT-EO-01,7791,26.55,95.9,-73.0,56.854,14.708,,
2026-08-20T12:58:55Z,SAT-EO-01,7792,26.82,95.89,-71.91,56.9811,14.7333,,
2026-08-20T12:59:02Z,SAT-EO-01,7793,27.0,95.78,-73.47,57.1065,14.7588,,
2026-08-20T12:59:08Z,SAT-EO-01,7794,26.35,95.7,-71.78,57.2296,14.7844,,
2026-08-20T12:59:14Z,SAT-EO-01,7795,26.66,95.9,-72.16,57.3468,14.8092,,
2026-08-20T12:59:20Z,SAT-EO-01,7796,26.46,96.0,-72.88,57.4596,14.8336,,
2026-08-20T12:59:26Z,SAT-EO-01,7797,27.7,96.0,-72.55,57.5715,14.8584,,
2026-08-20T12:59:31Z,SAT-EO-01,7798,27.27,96.12,-71.63,57.6814,14.8833,,
2026-08-20T12:59:38Z,SAT-EO-01,7799,27.25,95.95,-72.75,57.7908,14.9086,,
2026-08-20T12:59:43Z,SAT-EO-01,7800,27.55,95.79,-72.54,57.8943,14.9331,,
2026-08-20T12:59:49Z,SAT-EO-01,7801,26.88,95.6,-73.26,57.9978,14.9583,,
2026-08-20T12:59:55Z,SAT-EO-01,7802,26.37,95.78,-71.39,58.098,14.9832,,
2026-08-20T13:00:01Z,SAT-EO-01,7803,27.0,95.32,-73.31,58.1957,15.0082,,
2026-08-20T13:00:08Z,SAT-EO-01,7804,26.57,95.69,-72.78,58.2922,15.0335,,
2026-08-20T13:00:13Z,SAT-EO-01,7805,27.27,95.94,-74.07,58.3843,15.0583,,
2026-08-20T13:00:19Z,SAT-EO-01,7806,26.67,95.87,-70.84,58.4728,15.0828,,
2026-08-20T13:00:25Z,SAT-EO-01,7807,26.63,95.55,-71.97,58.5613,15.1081,,
2026-08-20T13:00:31Z,SAT-EO-01,7808,26.67,95.7,-72.63,58.645,15.1326,,
2026-08-20T13:00:37Z,SAT-EO-01,7809,26.79,95.65,-71.93,58.7278,15.1577,,
2026-08-20T13:00:43Z,SAT-EO-01,7810,26.74,95.91,-73.38,58.8067,15.1824,,
2026-08-20T13:00:49Z,SAT-EO-01,7811,27.19,95.48,-73.3,58.8849,15.2076,,
2026-08-20T13:00:55Z,SAT-EO-01,7812,27.34,96.03,-71.52,58.9598,15.2326,,
2026-08-20T13:01:01Z,SAT-EO-01,7813,27.27,96.08,-72.92,59.0328,15.2579,,
2026-08-20T13:01:07Z,SAT-EO-01,7814,26.69,95.86,-73.39,59.1018,15.2826,,
2026-08-20T13:01:13Z,SAT-EO-01,7815,26.74,95.67,-71.99,59.1693,15.3078,,
2026-08-20T13:01:19Z,SAT-EO-01,7816,27.59,96.32,-72.21,59.235,15.3332,,
2026-08-20T13:01:26Z,SAT-EO-01,7817,27.12,96.11,-74.28,59.2979,15.3587,,
2026-08-20T13:01:32Z,SAT-EO-01,7818,26.95,96.07,-72.5,59.3582,15.3842,,
2026-08-20T13:01:38Z,SAT-EO-01,7819,26.7,95.49,-72.1,59.4138,15.4087,,
2026-08-20T13:01:43Z,SAT-EO-01,7820,26.56,95.84,-74.96,59.4668,15.4332,,
2026-08-20T13:01:50Z,SAT-EO-01,7821,26.86,96.13,-71.18,59.5189,15.4585,,
2026-08-20T13:01:55Z,SAT-EO-01,7822,27.11,95.97,-74.43,59.5674,15.4833,,
2026-08-20T13:02:01Z,SAT-EO-01,7823,27.67,95.99,-72.84,59.613,15.508,,
2026-08-20T13:02:07Z,SAT-EO-01,7824,26.98,96.08,-72.51,59.6557,15.5324,,
2026-08-20T13:02:13Z,SAT-EO-01,7825,27.25,95.88,-74.93,59.6961,15.5569,,
2026-08-20T13:02:19Z,SAT-EO-01,7826,27.14,95.95,-73.67,59.7355,15.5824,,
2026-08-20T13:02:25Z,SAT-EO-01,7827,26.47,96.14,-71.56,59.7716,15.6076,,
2026-08-20T13:02:31Z,SAT-EO-01,7828,27.17,95.7,-72.28,59.8051,15.6327,,
2026-08-20T13:02:37Z,SAT-EO-01,7829,27.09,95.97,-73.02,59.8362,15.6581,,
2026-08-20T13:02:43Z,SAT-EO-01,7830,26.9,95.59,-72.7,59.8638,15.6827,,
2026-08-20T13:02:49Z,SAT-EO-01,7831,26.9,96.07,-73.72,59.8895,15.708,,
2026-08-20T13:02:55Z,SAT-EO-01,7832,26.31,95.62,-73.31,59.9119,15.7327,,
2026-08-20T13:03:01Z,SAT-EO-01,7833,27.51,95.99,-72.94,59.9323,15.7579,,
2026-08-20T13:03:07Z,SAT-EO-01,7834,26.3,96.0,-72.39,59.9496,15.7826,,
2026-08-20T13:03:13Z,SAT-EO-01,7835,26.86,95.94,-72.97,59.9643,15.8072,,
2026-08-20T13:03:19Z,SAT-EO-01,7836,26.83,95.84,-72.17,59.9766,15.832,,
2026-08-20T13:03:25Z,SAT-EO-01,7837,27.5,96.24,-72.03,59.9863,15.8566,,
2026-08-20T13:03:31Z,SAT-EO-01,7838,27.45,96.51,-72.44,59.9935,15.8819,,
2026-08-20T13:03:37Z,SAT-EO-01,7839,27.03,96.13,-72.48,59.998,15.9064,,
2026-08-20T13:03:43Z,SAT-EO-01,7840,27.03,95.88,-74.18,59.9999,15.9319,,
2026-08-20T13:03:49Z,SAT-EO-01,7841,26.66,96.17,-72.78,59.9992,15.957,,
2026-08-20T13:03:55Z,SAT-EO-01,7842,27.09,96.16,-73.49,59.9958,15.9822,,
2026-08-20T13:04:01Z,SAT-EO-01,7843,27.01,95.89,-72.45,59.9896,16.0077,,
2026-08-20T13:04:07Z,SAT-EO-01,7844,27.23,96.53,-72.66,59.9808,16.033,,
2026-08-20T13:04:13Z,SAT-EO-01,7845,27.9,95.96,-73.37,59.9694,16.0583,,
2026-08-20T13:04:19Z,SAT-EO-01,7846,27.3,95.97,-74.11,59.9554,16.0833,,
2026-08-20T13:04:25Z,SAT-EO-01,7847,26.99,95.88,-74.39,59.939,16.1079,,
2026-08-20T13:04:31Z,SAT-EO-01,7848,26.38,96.07,-72.58,59.9201,16.1326,,
2026-08-20T13:04:37Z,SAT-EO-01,7849,27.09,95.98,-73.69,59.8987,16.1572,,
2026-08-20T13:04:43Z,SAT-EO-01,7850,27.11,96.34,-73.09,59.8744,16.1821,,
2026-08-20T13:04:49Z,SAT-EO-01,7851,26.9,95.85,-72.16,59.8468,16.2076,,
2026-08-20T13:04:55Z,SAT-EO-01,7852,27.04,95.74,-72.16,59.8173,16.2325,,
2026-08-20T13:05:01Z,SAT-EO-01,7853,27.47,95.92,-72.27,59.7844,16.2581,,
2026-08-20T13:05:07Z,SAT-EO-01,7854,26.6,95.95,-73.29,59.7496,16.2829,,
2026-08-20T13:05:13Z,SAT-EO-01,7855,26.86,95.87,-74.6,59.712,16.308,,
2026-08-20T13:05:19Z,SAT-EO-01,7856,26.81,95.68,-73.03,59.672,16.3329,,
2026-08-20T13:05:25Z,SAT-EO-01,7857,26.89,96.02,-73.63,59.63,16.3575,,
2026-08-20T13:05:31Z,SAT-EO-01,7858,27.6,95.9,-72.92,59.5836,16.3831,,
2026-08-20T13:05:37Z,SAT-EO-01,7859,26.38,95.74,-72.36,59.5362,16.4078,,
2026-08-20T13:05:43Z,SAT-EO-01,7860,26.88,96.31,-73.27,59.486,16.4326,,
2026-08-20T13:05:49Z,SAT-EO-01,7861,27.04,95.81,-73.78,59.432,16.458,,
2026-08-20T13:05:55Z,SAT-EO-01,7862,26.93,95.89,-73.22,59.3769,16.4827,,
2026-08-20T13:06:01Z,SAT-EO-01,7863,27.39,95.46,-72.32,59.3193,16.5074,,
2026-08-20T13:06:07Z,SAT-EO-01,7864,27.47,95.92,-74.19,59.2579,16.5326,,
2026-08-20T13:06:13Z,SAT-EO-01,7865,26.8,95.73,-72.86,59.1948,16.5575,,
2026-08-20T13:06:19Z,SAT-EO-01,7866,26.96,95.68,-72.98,59.129,16.5824,,
2026-08-20T13:06:25Z,SAT-EO-01,7867,27.19,96.11,-72.9,59.0587,16.6079,,
2026-08-20T13:06:31Z,SAT-EO-01,7868,27.1,96.05,-73.58,58.9866,16.6332,,
2026-08-20T13:06:37Z,SAT-EO-01,7869,26.85,95.62,-72.8,58.9145,16.6576,,
2026-08-20T13:06:43Z,SAT-EO-01,7870,26.81,95.66,-72.57,58.838,16.6826,,
2026-08-20T13:06:49Z,SAT-EO-01,7871,27.46,96.14,-72.72,58.7602,16.7072,,
2026-08-20T13:06:55Z,SAT-EO-01,7872,26.75,95.81,-73.3,58.6775,16.7326,,
2026-08-20T13:07:01Z,SAT-EO-01,7873,27.13,95.76,-72.42,58.5941,16.7574,,
2026-08-20T13:07:07Z,SAT-EO-01,7874,26.18,95.69,-72.57,58.5095,16.7818,,
2026-08-20T13:07:13Z,SAT-EO-01,7875,26.26,95.91,-71.61,58.4222,16.8063,,
2026-08-20T13:07:19Z,SAT-EO-01,7876,27.46,95.95,-73.99,58.329,16.8317,,
2026-08-20T13:07:25Z,SAT-EO-01,7877,27.32,95.78,-72.34,58.2334,16.857,,
2026-08-20T13:07:31Z,SAT-EO-01,7878,26.64,95.5,-73.78,58.1343,16.8826,,
2026-08-20T13:07:37Z,SAT-EO-01,7879,27.12,96.28,-74.25,58.037,16.9071,,
2026-08-20T13:07:43Z,SAT-EO-01,7880,27.54,96.18,-73.46,57.9331,16.9325,,
2026-08-20T13:07:49Z,SAT-EO-01,7881,26.58,95.69,-72.62,57.828,16.9577,,
2026-08-20T13:07:55Z,SAT-EO-01,7882,26.7,95.65,-71.57,57.721,16.9827,,
2026-08-20T13:08:01Z,SAT-EO-01,7883,26.27,95.66,-71.99,57.6126,17.0074,,
2026-08-20T13:08:07Z,SAT-EO-01,7884,26.58,95.56,-72.38,57.502,17.032,,
2026-08-20T13:08:13Z,SAT-EO-01,7885,27.09,96.26,-72.39,57.39,17.0565,,
2026-08-20T13:08:19Z,SAT-EO-01,7886,27.05,95.54,-72.78,57.2733,17.0814,,
2026-08-20T13:08:25Z,SAT-EO-01,7887,26.6,95.64,-72.85,57.1544,17.1063,,
2026-08-20T13:08:31Z,SAT-EO-01,7888,27.69,95.09,-71.66,57.0314,17.1315,,
2026-08-20T13:08:37Z,SAT-EO-01,7889,26.78,95.53,-72.53,56.9053,17.1568,,
2026-08-20T13:08:43Z,SAT-EO-01,7890,26.42,95.57,-71.62,56.7764,17.1822,,
2026-08-20T13:08:49Z,SAT-EO-01,7891,26.87,95.67,-72.4,56.6501,17.2066,,
2026-08-20T13:08:55Z,SAT-EO-01,7892,27.04,96.1,-73.71,56.5161,17.2319,,
2026-08-20T13:09:01Z,SAT-EO-01,7893,26.9,95.41,-72.58,56.3829,17.2567,,
2026-08-20T13:09:07Z,SAT-EO-01,7894,26.88,95.19,-71.86,56.2471,17.2815,,
2026-08-20T13:09:13Z,SAT-EO-01,7895,27.1,95.09,-70.29,56.1053,17.3069,,
2026-08-20T13:09:19Z,SAT-EO-01,7896,26.39,95.52,-72.93,55.9667,17.3314,,
2026-08-20T13:09:25Z,SAT-EO-01,7897,26.4,95.58,-71.37,55.8202,17.3567,,
2026-08-20T13:09:31Z,SAT-EO-01,7898,26.13,95.5,-71.6,55.6735,17.3817,,
2026-08-20T13:09:37Z,SAT-EO-01,7899,26.46,95.2,-71.6,55.5209,17.4073,,
2026-08-20T13:09:43Z,SAT-EO-01,7900,26.89,95.57,-71.5,55.3675,17.4326,,
2026-08-20T13:09:49Z,SAT-EO-01,7901,25.98,94.86,-70.71,55.2123,17.4578,,
2026-08-20T13:09:55Z,SAT-EO-01,7902,26.16,95.39,-72.81,55.0565,17.4826,,
2026-08-20T13:10:01Z,SAT-EO-01,7903,26.29,95.35,-71.8,54.8994,17.5073,,
2026-08-20T13:10:07Z,SAT-EO-01,7904,26.48,95.46,-72.57,54.736,17.5327,,
2026-08-20T13:10:13Z,SAT-EO-01,7905,26.52,95.82,-71.26,54.5714,17.5578,,
2026-08-20T13:10:19Z,SAT-EO-01,7906,26.15,95.24,-73.04,54.4063,17.5826,,
2026-08-20T13:10:25Z,SAT-EO-01,7907,25.91,95.27,-73.49,54.2356,17.608,,
2026-08-20T13:10:31Z,SAT-EO-01,7908,26.19,95.35,-72.16,54.0637,17.6331,,
2026-08-20T13:10:38Z,SAT-EO-01,7909,26.13,95.19,-71.78,53.888,17.6585,,
2026-08-20T13:10:43Z,SAT-EO-01,7910,26.44,94.7,-72.39,53.7143,17.6832,,
2026-08-20T13:10:49Z,SAT-EO-01,7911,25.43,95.41,-72.88,53.5393,17.7078,,
2026-08-20T13:10:55Z,SAT-EO-01,7912,26.74,95.37,-71.02,53.3615,17.7324,,
2026-08-20T13:11:01Z,SAT-EO-01,7913,26.38,95.1,-70.84,53.1764,17.7578,,
2026-08-20T13:11:07Z,SAT-EO-01,7914,26.56,95.15,-72.18,52.9878,17.7832,,
2026-08-20T13:11:13Z,SAT-EO-01,7915,26.49,94.77,-71.67,52.8002,17.8083,,
2026-08-20T13:11:19Z,SAT-EO-01,7916,26.7,94.91,-70.19,52.6114,17.8332,,
2026-08-20T13:11:25Z,SAT-EO-01,7917,26.09,95.36,-71.64,52.4239,17.8576,,
2026-08-20T13:11:31Z,SAT-EO-01,7918,26.46,95.08,-71.04,52.2302,17.8825,,
2026-08-20T13:11:37Z,SAT-EO-01,7919,26.1,95.1,-70.72,52.0379,17.907,,
2026-08-20T13:11:43Z,SAT-EO-01,7920,25.98,95.07,-72.7,51.8392,17.932,,
2026-08-20T13:11:49Z,SAT-EO-01,7921,26.49,94.49,-70.89,51.6426,17.9565,,
2026-08-20T13:11:55Z,SAT-EO-01,7922,25.95,95.46,-71.51,51.444,17.9809,,
2026-08-20T13:12:01Z,SAT-EO-01,7923,26.45,95.2,-71.26,51.2394,18.0058,,
2026-08-20T13:12:07Z,SAT-EO-01,7924,26.54,94.98,-70.61,51.0292,18.0311,,
2026-08-20T13:12:13Z,SAT-EO-01,7925,27.11,95.17,-72.22,50.8156,18.0566,,
2026-08-20T13:12:19Z,SAT-EO-01,7926,26.23,95.09,-70.23,50.6029,18.0817,,
2026-08-20T13:12:25Z,SAT-EO-01,7927,26.11,94.73,-71.71,50.3902,18.1065,,
2026-08-20T13:12:31Z,SAT-EO-01,7928,26.55,94.54,-71.99,50.1781,18.131,,
2026-08-20T13:12:37Z,SAT-EO-01,7929,25.95,94.52,-71.38,49.96,18.1559,,
2026-08-20T13:12:43Z,SAT-EO-01,7930,26.46,94.43,-70.2,49.736,18.1813,,
2026-08-20T13:12:49Z,SAT-EO-01,7931,26.22,94.77,-72.81,49.5094,18.2067,,
2026-08-20T13:12:55Z,SAT-EO-01,7932,25.77,94.85,-71.42,49.2881,18.2312,,
2026-08-20T13:13:01Z,SAT-EO-01,7933,25.56,94.85,-70.87,49.057,18.2566,,
2026-08-20T13:13:07Z,SAT-EO-01,7934,26.38,94.69,-71.04,48.824,18.282,,
2026-08-20T13:13:13Z,SAT-EO-01,7935,26.58,94.45,-71.69,48.588,18.3075,,
2026-08-20T13:13:19Z,SAT-EO-01,7936,26.28,94.72,-71.35,48.3508,18.3328,,
2026-08-20T13:13:26Z,SAT-EO-01,7937,26.81,94.71,-70.69,48.109,18.3584,,
2026-08-20T13:13:31Z,SAT-EO-01,7938,25.79,94.58,-70.1,47.8767,18.3828,,
2026-08-20T13:13:37Z,SAT-EO-01,7939,26.45,94.48,-70.46,47.6394,18.4075,,
2026-08-20T13:13:43Z,SAT-EO-01,7940,26.55,94.36,-70.19,47.3961,18.4326,,
2026-08-20T13:13:49Z,SAT-EO-01,7941,25.82,94.43,-71.39,47.1513,18.4576,,
2026-08-20T13:13:55Z,SAT-EO-01,7942,26.1,94.69,-70.52,46.904,18.4827,,
2026-08-20T13:14:01Z,SAT-EO-01,7943,25.74,94.81,-71.88,46.654,18.5079,,
2026-08-20T13:14:07Z,SAT-EO-01,7944,26.3,94.54,-70.37,46.4077,18.5325,,
2026-08-20T13:14:13Z,SAT-EO-01,7945,25.89,94.1,-71.42,46.1592,18.5571,,
2026-08-20T13:14:19Z,SAT-EO-01,7946,25.39,94.4,-70.46,45.9014,18.5824,,
2026-08-20T13:14:25Z,SAT-EO-01,7947,25.17,94.79,-70.48,45.6489,18.607,,
2026-08-20T13:14:31Z,SAT-EO-01,7948,26.01,94.54,-70.74,45.3887,18.6322,,
2026-08-20T13:14:37Z,SAT-EO-01,7949,26.31,94.6,-70.91,45.1274,18.6572,,
2026-08-20T13:14:43Z,SAT-EO-01,7950,25.79,94.43,-70.73,44.8608,18.6826,,
2026-08-20T13:14:49Z,SAT-EO-01,7951,26.23,93.77,-69.23,44.5949,18.7077,,
2026-08-20T13:14:55Z,SAT-EO-01,7952,26.16,94.44,-70.48,44.3241,18.7332,,
2026-08-20T13:15:01Z,SAT-EO-01,7953,25.83,94.03,-70.08,44.0595,18.7578,,
2026-08-20T13:15:07Z,SAT-EO-01,7954,26.73,94.07,-70.39,43.7912,18.7826,,
2026-08-20T13:15:13Z,SAT-EO-01,7955,26.05,94.26,-70.16,43.5232,18.8072,,
2026-08-20T13:15:19Z,SAT-EO-01,7956,26.1,94.1,-69.52,43.2503,18.8321,,
2026-08-20T13:15:25Z,SAT-EO-01,7957,25.78,94.02,-70.45,42.9772,18.8569,,
2026-08-20T13:15:31Z,SAT-EO-01,7958,25.96,94.0,-70.25,42.693,18.8824,,
2026-08-20T13:15:37Z,SAT-EO-01,7959,25.89,94.01,-72.12,42.416,18.9072,,
2026-08-20T13:15:43Z,SAT-EO-01,7960,25.65,94.21,-70.54,42.1284,18.9327,,
2026-08-20T13:15:49Z,SAT-EO-01,7961,25.79,94.14,-70.74,41.841,18.9581,,
2026-08-20T13:15:56Z,SAT-EO-01,7962,25.46,93.44,-69.58,41.5502,18.9835,,
2026-08-20T13:16:02Z,SAT-EO-01,7963,26.05,93.58,-68.13,41.2582,19.0089,,
2026-08-20T13:16:08Z,SAT-EO-01,7964,26.28,94.08,-69.88,40.964,19.0344,,
2026-08-20T13:16:14Z,SAT-EO-01,7965,25.49,93.42,-72.58,40.6751,19.0592,,
2026-08-20T13:16:20Z,SAT-EO-01,7966,25.43,93.95,-69.59,40.378,19.0846,,
2026-08-20T13:16:26Z,SAT-EO-01,7967,25.35,93.59,-68.83,40.0834,19.1096,,
2026-08-20T13:16:32Z,SAT-EO-01,7968,24.62,93.03,-69.35,39.7943,19.134,,
2026-08-20T13:16:38Z,SAT-EO-01,7969,25.64,93.84,-70.79,39.4924,19.1594,,
2026-08-20T13:16:44Z,SAT-EO-01,7970,25.39,93.26,-70.65,39.1876,19.1848,,
2026-08-20T13:16:50Z,SAT-EO-01,7971,25.05,93.8,-69.57,38.8799,19.2103,,
2026-08-20T13:16:56Z,SAT-EO-01,7972,24.83,93.52,-69.02,38.5833,19.2348,,
2026-08-20T13:17:02Z,SAT-EO-01,7973,24.92,93.93,-70.19,38.2825,19.2595,,
2026-08-20T13:17:08Z,SAT-EO-01,7974,25.35,93.51,-67.35,37.9826,19.2839,,
2026-08-20T13:17:14Z,SAT-EO-01,7975,25.06,93.42,-69.46,37.6768,19.3088,,
2026-08-20T13:17:19Z,SAT-EO-01,7976,25.4,93.28,-70.32,37.3738,19.3332,,
2026-08-20T13:17:26Z,SAT-EO-01,7977,25.12,92.91,-69.45,37.0588,19.3585,,
2026-08-20T13:17:32Z,SAT-EO-01,7978,25.4,93.2,-69.54,36.7413,19.3839,,
2026-08-20T13:17:38Z,SAT-EO-01,7979,25.34,93.2,-69.11,36.4274,19.4088,,
2026-08-20T13:17:44Z,SAT-EO-01,7980,25.01,93.24,-69.35,36.1097,19.434,,
2026-08-20T13:17:50Z,SAT-EO-01,7981,25.46,93.31,-69.28,35.7924,19.4589,,
2026-08-20T13:17:56Z,SAT-EO-01,7982,24.45,93.12,-68.69,35.477,19.4836,,
2026-08-20T13:18:01Z,SAT-EO-01,7983,25.37,93.17,-68.13,35.164,19.508,,
2026-08-20T13:18:07Z,SAT-EO-01,7984,25.0,93.21,-68.61,34.8493,19.5324,,
2026-08-20T13:18:13Z,SAT-EO-01,7985,25.37,92.7,-69.08,34.5245,19.5575,,
2026-08-20T13:18:19Z,SAT-EO-01,7986,25.06,93.37,-67.98,34.1996,19.5825,,
2026-08-20T13:18:25Z,SAT-EO-01,7987,25.21,92.93,-69.09,33.8784,19.6071,,
2026-08-20T13:18:31Z,SAT-EO-01,7988,25.35,92.99,-68.99,33.5526,19.6319,,
2026-08-20T13:18:37Z,SAT-EO-01,7989,24.81,93.15,-68.61,33.2153,19.6574,,
2026-08-20T13:18:43Z,SAT-EO-01,7990,24.59,93.27,-69.35,32.8817,19.6826,,
2026-08-20T13:18:49Z,SAT-EO-01,7991,24.95,93.17,-69.65,32.5449,19.7079,,
2026-08-20T13:18:55Z,SAT-EO-01,7992,25.18,92.76,-68.67,32.2147,19.7326,,
2026-08-20T13:19:01Z,SAT-EO-01,7993,24.74,92.59,-70.28,31.872,19.7582,,
2026-08-20T13:19:08Z,SAT-EO-01,7994,25.13,93.0,-68.92,31.5327,19.7834,,
2026-08-20T13:19:13Z,SAT-EO-01,7995,24.21,92.82,-67.83,31.1955,19.8083,,
2026-08-20T13:19:19Z,SAT-EO-01,7996,25.27,92.79,-69.77,30.8576,19.8331,,
2026-08-20T13:19:26Z,SAT-EO-01,7997,24.89,92.47,-67.31,30.509,19.8587,,
2026-08-20T13:19:32Z,SAT-EO-01,7998,25.67,92.81,-68.22,30.1587,19.8843,,
2026-08-20T13:19:38Z,SAT-EO-01,7999,25.03,92.21,-68.97,29.8148,19.9093,,
2026-08-20T13:19:44Z,SAT-EO-01,8000,24.36,92.11,-68.2,29.4695,19.9343,,
2026-08-20T13:19:50Z,SAT-EO-01,8001,24.97,92.62,-67.78,29.1278,19.959,,
2026-08-20T13:19:56Z,SAT-EO-01,8002,24.51,92.59,-69.21,28.7774,19.9842,,
2026-08-20T13:20:02Z,SAT-EO-01,8003,24.83,92.51,-67.15,28.4211,20.0097,,
2026-08-20T13:20:08Z,SAT-EO-01,8004,24.33,92.47,-67.4,28.0657,20.0351,,
2026-08-20T13:20:14Z,SAT-EO-01,8005,24.48,92.76,-68.2,27.7223,20.0595,,
2026-08-20T13:20:20Z,SAT-EO-01,8006,24.71,92.42,-69.27,27.3678,20.0847,,
2026-08-20T13:20:26Z,SAT-EO-01,8007,24.8,92.08,-68.94,27.0174,20.1094,,
2026-08-20T13:20:32Z,SAT-EO-01,8008,24.56,92.14,-68.81,26.6658,20.1342,,
2026-08-20T13:20:38Z,SAT-EO-01,8009,24.56,92.34,-68.27,26.3156,20.1588,,
2026-08-20T13:20:44Z,SAT-EO-01,8010,24.33,92.07,-69.8,25.9563,20.1839,,
2026-08-20T13:20:50Z,SAT-EO-01,8011,23.95,91.68,-68.53,25.5906,20.2094,,
2026-08-20T13:20:56Z,SAT-EO-01,8012,24.73,91.67,-67.93,25.2387,20.2339,,
2026-08-20T13:21:02Z,SAT-EO-01,8013,24.18,92.15,-67.42,24.875,20.2591,,
2026-08-20T13:21:08Z,SAT-EO-01,8014,24.72,91.59,-68.03,24.5059,20.2847,,
2026-08-20T13:21:14Z,SAT-EO-01,8015,24.11,91.75,-68.23,24.1511,20.3091,,
2026-08-20T13:21:20Z,SAT-EO-01,8016,24.29,91.66,-68.84,23.7883,20.334,,
2026-08-20T13:21:26Z,SAT-EO-01,8017,23.79,91.42,-65.78,23.4203,20.3593,,
2026-08-20T13:21:32Z,SAT-EO-01,8018,24.39,91.37,-66.76,23.0522,20.3844,,
2026-08-20T13:21:38Z,SAT-EO-01,8019,23.95,91.55,-67.58,22.6935,20.4088,,
2026-08-20T13:21:44Z,SAT-EO-01,8020,23.83,91.19,-66.28,22.3253,20.4339,,
2026-08-20T13:21:50Z,SAT-EO-01,8021,23.91,91.73,-67.41,21.9571,20.4588,,
2026-08-20T13:21:56Z,SAT-EO-01,8022,24.08,91.29,-68.26,21.593,20.4834,,
2026-08-20T13:22:01Z,SAT-EO-01,8023,23.95,91.22,-68.07,21.2312,20.5078,,
2026-08-20T13:22:08Z,SAT-EO-01,8024,24.53,91.72,-67.05,20.8506,20.5335,,
2026-08-20T13:22:13Z,SAT-EO-01,8025,24.3,91.12,-68.37,20.4837,20.5581,,
2026-08-20T13:22:19Z,SAT-EO-01,8026,24.38,91.37,-68.23,20.1108,20.583,,
2026-08-20T13:22:25Z,SAT-EO-01,8027,24.01,91.51,-67.69,19.7341,20.6082,,
2026-08-20T13:22:32Z,SAT-EO-01,8028,24.31,91.26,-67.9,19.3545,20.6335,,
2026-08-20T13:22:37Z,SAT-EO-01,8029,23.19,91.25,-67.79,18.9817,20.6583,,
2026-08-20T13:22:43Z,SAT-EO-01,8030,24.37,91.27,-67.23,18.6142,20.6827,,
2026-08-20T13:22:49Z,SAT-EO-01,8031,23.67,91.12,-66.5,18.2429,20.7072,,
2026-08-20T13:22:55Z,SAT-EO-01,8032,23.55,91.09,-68.36,17.8695,20.7319,,
2026-08-20T13:23:01Z,SAT-EO-01,8033,24.21,91.23,-66.84,17.4896,20.7569,,
2026-08-20T13:23:07Z,SAT-EO-01,8034,23.95,90.51,-66.72,17.1149,20.7816,,
2026-08-20T13:23:13Z,SAT-EO-01,8035,23.95,90.93,-66.86,16.7253,20.8072,,
2026-08-20T13:23:19Z,SAT-EO-01,8036,24.05,91.21,-69.53,16.344,20.8322,,
2026-08-20T13:23:25Z,SAT-EO-01,8037,23.59,91.2,-67.26,15.9658,20.8569,,
2026-08-20T13:23:31Z,SAT-EO-01,8038,23.5,90.9,-67.06,15.5853,20.8818,,
2026-08-20T13:23:37Z,SAT-EO-01,8039,24.21,90.99,-66.93,15.2086,20.9063,,
2026-08-20T13:23:43Z,SAT-EO-01,8040,24.58,90.92,-67.97,14.8296,20.931,,
2026-08-20T13:23:49Z,SAT-EO-01,8041,23.64,91.07,-68.1,14.454,20.9554,,
2026-08-20T13:23:55Z,SAT-EO-01,8042,24.17,90.62,-67.39,14.0691,20.9803,,
2026-08-20T13:24:01Z,SAT-EO-01,8043,23.31,90.8,-66.16,13.6815,21.0054,,
2026-08-20T13:24:07Z,SAT-EO-01,8044,22.76,90.45,-67.73,13.2869,21.0309,,
2026-08-20T13:24:13Z,SAT-EO-01,8045,23.5,90.42,-68.31,12.8915,21.0565,,
2026-08-20T13:24:19Z,SAT-EO-01,8046,23.98,90.41,-67.08,12.5043,21.0814,,
2026-08-20T13:24:25Z,SAT-EO-01,8047,22.5,90.5,-66.62,12.1211,21.1061,,
2026-08-20T13:24:31Z,SAT-EO-01,8048,23.43,90.18,-68.05,11.7241,21.1316,,
2026-08-20T13:24:37Z,SAT-EO-01,8049,23.29,90.5,-66.11,11.3412,21.1562,,
2026-08-20T13:24:43Z,SAT-EO-01,8050,23.24,90.24,-68.01,10.9511,21.1812,,
2026-08-20T13:24:49Z,SAT-EO-01,8051,23.6,90.57,-67.47,10.5581,21.2064,,
2026-08-20T13:24:55Z,SAT-EO-01,8052,23.02,90.22,-67.48,10.1627,21.2317,,
2026-08-20T13:25:01Z,SAT-EO-01,8053,23.29,89.84,-67.11,9.7704,21.2567,,
2026-08-20T13:25:07Z,SAT-EO-01,8054,23.29,89.97,-66.7,9.3797,21.2817,,
2026-08-20T13:25:13Z,SAT-EO-01,8055,23.37,90.89,-67.31,8.9892,21.3066,,
2026-08-20T13:25:19Z,SAT-EO-01,8056,23.3,90.15,-68.95,8.6054,21.331,,
2026-08-20T13:25:25Z,SAT-EO-01,8057,22.28,90.36,-66.78,8.2031,21.3566,,
2026-08-20T13:25:31Z,SAT-EO-01,8058,23.11,90.02,-67.49,7.8035,21.382,,
2026-08-20T13:25:37Z,SAT-EO-01,8059,23.43,90.19,-65.49,7.4032,21.4074,,
2026-08-20T13:25:43Z,SAT-EO-01,8060,22.73,89.73,-67.53,7.0046,21.4327,,
2026-08-20T13:25:49Z,SAT-EO-01,8061,23.16,90.0,-66.05,6.6163,21.4573,,
2026-08-20T13:25:55Z,SAT-EO-01,8062,22.9,90.19,-67.0,6.2175,21.4826,,
2026-08-20T13:26:01Z,SAT-EO-01,8063,22.65,89.24,-67.08,5.8284,21.5072,,
2026-08-20T13:26:07Z,SAT-EO-01,8064,23.42,89.27,-67.35,5.4335,21.5322,,
2026-08-20T13:26:13Z,SAT-EO-01,8065,23.11,89.13,-67.21,5.0298,21.5578,,
2026-08-20T13:26:19Z,SAT-EO-01,8066,22.45,89.42,-67.73,4.6263,21.5833,,
2026-08-20T13:26:25Z,SAT-EO-01,8067,22.8,90.05,-66.42,4.234,21.608,,
2026-08-20T13:26:31Z,SAT-EO-01,8068,23.14,89.58,-66.69,3.8429,21.6327,,
2026-08-20T13:26:37Z,SAT-EO-01,8069,23.05,89.45,-66.6,3.4449,21.6579,,
2026-08-20T13:26:43Z,SAT-EO-01,8070,23.59,89.99,-68.44,3.0515,21.6827,,
2026-08-20T13:26:49Z,SAT-EO-01,8071,22.73,89.85,-66.51,2.654,21.7077,,
2026-08-20T13:26:55Z,SAT-EO-01,8072,22.52,89.15,-66.45,2.2544,21.7329,,
2026-08-20T13:27:01Z,SAT-EO-01,8073,22.36,89.59,-65.65,1.8551,21.7581,,
2026-08-20T13:27:07Z,SAT-EO-01,8074,23.1,88.9,-66.67,1.4577,21.7832,,
2026-08-20T13:27:14Z,SAT-EO-01,8075,22.38,88.63,-67.26,1.0573,21.8084,,
2026-08-20T13:27:20Z,SAT-EO-01,8076,21.83,89.06,-66.0,0.6581,21.8335,,
2026-08-20T13:27:25Z,SAT-EO-01,8077,23.21,89.0,-67.8,0.2648,21.8583,,
2026-08-20T13:27:32Z,SAT-EO-01,8078,21.87,88.75,-67.54,-0.1333,21.8834,,
2026-08-20T13:27:37Z,SAT-EO-01,8079,22.31,88.9,-67.98,-0.523,21.9079,,
2026-08-20T13:27:43Z,SAT-EO-01,8080,22.54,89.09,-68.11,-0.9173,21.9328,,
2026-08-20T13:27:49Z,SAT-EO-01,8081,22.64,89.38,-67.05,-1.321,21.9582,,
2026-08-20T13:27:55Z,SAT-EO-01,8082,22.38,88.86,-68.36,-1.7103,21.9828,,
2026-08-20T13:28:01Z,SAT-EO-01,8083,22.47,88.86,-66.96,-2.0993,22.0073,,
2026-08-20T13:28:07Z,SAT-EO-01,8084,22.64,88.79,-66.69,-2.5015,22.0326,,
2026-08-20T13:28:13Z,SAT-EO-01,8085,22.29,88.56,-67.76,-2.8888,22.0571,,
2026-08-20T13:28:19Z,SAT-EO-01,8086,21.71,88.41,-66.02,-3.2829,22.0819,,
2026-08-20T13:28:25Z,SAT-EO-01,8087,22.13,88.98,-67.28,-3.6721,22.1065,,
2026-08-20T13:28:31Z,SAT-EO-01,8088,23.12,89.08,-66.96,-4.0715,22.1317,,
2026-08-20T13:28:37Z,SAT-EO-01,8089,22.72,88.76,-66.53,-4.4746,22.1572,,
2026-08-20T13:28:43Z,SAT-EO-01,8090,22.95,88.75,-67.89,-4.8638,22.1817,,
2026-08-20T13:28:49Z,SAT-EO-01,8091,22.61,88.26,-68.93,-5.2577,22.2067,,
2026-08-20T13:28:55Z,SAT-EO-01,8092,22.0,88.22,-67.85,-5.6498,22.2315,,
2026-08-20T13:29:01Z,SAT-EO-01,8093,22.71,88.12,-65.93,-6.0426,22.2563,,
2026-08-20T13:29:07Z,SAT-EO-01,8094,21.94,88.1,-67.74,-6.44,22.2815,,
2026-08-20T13:29:13Z,SAT-EO-01,8095,22.04,88.0,-68.37,-6.8261,22.306,,
2026-08-20T13:29:19Z,SAT-EO-01,8096,21.94,88.37,-66.51,-7.2159,22.3307,,
2026-08-20T13:29:25Z,SAT-EO-01,8097,21.9,88.13,-67.05,-7.6102,22.3557,,
2026-08-20T13:29:31Z,SAT-EO-01,8098,21.66,87.95,-67.3,-7.9994,22.3805,,
2026-08-20T13:29:37Z,SAT-EO-01,8099,22.0,88.21,-66.47,-8.4014,22.406,,
2026-08-20T13:29:43Z,SAT-EO-01,8100,21.71,87.95,-66.18,-8.7961,22.4311,,
2026-08-20T13:29:49Z,SAT-EO-01,8101,21.52,87.55,-66.64,-9.1885,22.4561,,
2026-08-20T13:29:55Z,SAT-EO-01,8102,21.81,87.79,-66.36,-9.5824,22.4813,,
2026-08-20T13:30:01Z,SAT-EO-01,8103,21.5,87.97,-66.05,-9.9703,22.506,,
2026-08-20T13:30:07Z,SAT-EO-01,8104,21.52,87.79,-67.1,-10.3693,22.5316,,
2026-08-20T13:30:13Z,SAT-EO-01,8105,21.78,87.73,-67.35,-10.7663,22.557,,
2026-08-20T13:30:19Z,SAT-EO-01,8106,21.82,87.93,-66.52,-11.151,22.5816,,
2026-08-20T13:30:25Z,SAT-EO-01,8107,21.7,87.73,-66.29,-11.5402,22.6066,,
2026-08-20T13:30:31Z,SAT-EO-01,8108,21.43,87.4,-67.43,-11.9222,22.6311,,
2026-08-20T13:30:37Z,SAT-EO-01,8109,21.56,87.77,-66.26,-12.3179,22.6566,,
2026-08-20T13:30:43Z,SAT-EO-01,8110,20.72,87.37,-67.51,-12.7007,22.6812,,
2026-08-20T13:30:49Z,SAT-EO-01,8111,21.75,87.52,-66.57,-13.0872,22.7062,,
2026-08-20T13:30:55Z,SAT-EO-01,8112,21.82,87.84,-66.34,-13.4705,22.7309,,
2026-08-20T13:31:01Z,SAT-EO-01,8113,21.43,87.01,-66.89,-13.853,22.7557,,
2026-08-20T13:31:07Z,SAT-EO-01,8114,21.35,87.78,-68.34,-14.2376,22.7806,,
2026-08-20T13:31:13Z,SAT-EO-01,8115,21.68,87.48,-66.87,-14.6147,22.8051,,
2026-08-20T13:31:19Z,SAT-EO-01,8116,21.36,87.37,-67.2,-15.0008,22.8302,,
2026-08-20T13:31:25Z,SAT-EO-01,8117,21.21,87.19,-69.06,-15.3879,22.8554,,
2026-08-20T13:31:31Z,SAT-EO-01,8118,21.18,86.9,-67.32,-15.7715,22.8804,,
2026-08-20T13:31:37Z,SAT-EO-01,8119,21.3,86.83,-67.29,-16.1573,22.9056,,
2026-08-20T13:31:43Z,SAT-EO-01,8120,20.97,87.18,-67.06,-16.5357,22.9304,,
2026-08-20T13:31:49Z,SAT-EO-01,8121,20.94,87.0,-67.19,-16.9263,22.956,,
2026-08-20T13:31:55Z,SAT-EO-01,8122,20.78,86.96,-67.96,-17.3083,22.9811,,
2026-08-20T13:32:01Z,SAT-EO-01,8123,21.39,86.84,-67.92,-17.6885,23.0062,,
2026-08-20T13:32:07Z,SAT-EO-01,8124,20.91,87.13,-68.31,-18.0608,23.0307,,
2026-08-20T13:32:13Z,SAT-EO-01,8125,21.34,86.9,-67.7,-18.4375,23.0556,,
2026-08-20T13:32:19Z,SAT-EO-01,8126,21.51,86.89,-67.48,-18.8119,23.0805,,
2026-08-20T13:32:25Z,SAT-EO-01,8127,20.82,86.92,-66.86,-19.1807,23.1049,,
2026-08-20T13:32:31Z,SAT-EO-01,8128,20.93,86.72,-68.25,-19.5571,23.13,,
2026-08-20T13:32:37Z,SAT-EO-01,8129,20.56,86.7,-67.04,-19.9373,23.1554,,
2026-08-20T13:32:43Z,SAT-EO-01,8130,20.94,86.85,-67.13,-20.3141,23.1806,,
2026-08-20T13:32:49Z,SAT-EO-01,8131,20.3,86.89,-67.98,-20.6794,23.2051,,
2026-08-20T13:32:55Z,SAT-EO-01,8132,20.78,86.42,-68.45,-21.0567,23.2304,,
2026-08-20T13:33:01Z,SAT-EO-01,8133,20.87,86.34,-67.5,-21.4238,23.2551,,
2026-08-20T13:33:07Z,SAT-EO-01,8134,20.66,86.22,-67.18,-21.7958,23.2803,,
2026-08-20T13:33:13Z,SAT-EO-01,8135,21.68,86.3,-68.39,-22.1706,23.3056,,
2026-08-20T13:33:19Z,SAT-EO-01,8136,21.06,86.64,-66.07,-22.5314,23.3301,,
2026-08-20T13:33:25Z,SAT-EO-01,8137,20.78,86.93,-67.23,-22.9006,23.3553,,
2026-08-20T13:33:31Z,SAT-EO-01,8138,20.75,85.93,-67.32,-23.2675,23.3803,,
2026-08-20T13:33:37Z,SAT-EO-01,8139,20.74,86.14,-66.78,-23.6396,23.4058,,
2026-08-20T13:33:43Z,SAT-EO-01,8140,20.14,86.49,-68.23,-24.0013,23.4306,,
2026-08-20T13:33:49Z,SAT-EO-01,8141,20.67,85.99,-67.87,-24.3599,23.4553,,
2026-08-20T13:33:55Z,SAT-EO-01,8142,20.4,86.41,-68.28,-24.7175,23.48,,
2026-08-20T13:34:01Z,SAT-EO-01,8143,20.63,86.53,-65.96,-25.0731,23.5046,,
2026-08-20T13:34:07Z,SAT-EO-01,8144,20.43,85.76,-68.65,-25.4375,23.5299,,
2026-08-20T13:34:13Z,SAT-EO-01,8145,20.68,86.27,-67.79,-25.8047,23.5555,,
2026-08-20T13:34:19Z,SAT-EO-01,8146,20.47,86.17,-68.54,-26.1701,23.581,,
2026-08-20T13:34:25Z,SAT-EO-01,8147,20.05,86.21,-69.67,-26.5256,23.6059,,
2026-08-20T13:34:31Z,SAT-EO-01,8148,20.54,85.76,-68.79,-26.8732,23.6304,,
2026-08-20T13:34:37Z,SAT-EO-01,8149,20.34,85.44,-69.88,-27.2358,23.656,,
2026-08-20T13:34:43Z,SAT-EO-01,8150,20.05,85.59,-68.22,-27.5808,23.6804,,
2026-08-20T13:34:49Z,SAT-EO-01,8151,20.04,86.08,-69.29,-27.9379,23.7058,,
2026-08-20T13:34:55Z,SAT-EO-01,8152,20.62,85.95,-68.84,-28.2844,23.7305,,
2026-08-20T13:35:01Z,SAT-EO-01,8153,19.87,85.73,-69.13,-28.6287,23.7551,,
2026-08-20T13:35:07Z,SAT-EO-01,8154,20.05,86.07,-68.23,-28.9793,23.7803,,
2026-08-20T13:35:13Z,SAT-EO-01,8155,20.19,85.46,-67.58,-29.3213,23.805,,
2026-08-20T13:35:19Z,SAT-EO-01,8156,19.98,85.63,-69.45,-29.669,23.8301,,
2026-08-20T13:35:25Z,SAT-EO-01,8157,19.76,85.34,-67.72,-30.0169,23.8554,,
2026-08-20T13:35:31Z,SAT-EO-01,8158,20.78,85.42,-66.86,-30.3526,23.8799,,
2026-08-20T13:35:37Z,SAT-EO-01,8159,19.99,85.22,-69.53,-30.6986,23.9052,,
2026-08-20T13:35:43Z,SAT-EO-01,8160,21.16,85.48,-67.33,-31.0369,23.93,,
2026-08-20T13:35:49Z,SAT-EO-01,8161,20.31,85.16,-69.05,-31.3794,23.9553,,
2026-08-20T13:35:55Z,SAT-EO-01,8162,20.11,85.29,-69.03,-31.7125,23.98,,
2026-08-20T13:36:01Z,SAT-EO-01,8163,20.1,85.59,-69.2,-32.0458,24.0048,,
2026-08-20T13:36:07Z,SAT-EO-01,8164,20.36,84.93,-69.05,-32.3816,24.0298,,
2026-08-20T13:36:13Z,SAT-EO-01,8165,19.73,85.22,-68.46,-32.7078,24.0543,,
2026-08-20T13:36:18Z,SAT-EO-01,8166,20.1,85.57,-68.98,-33.0342,24.0789,,
2026-08-20T13:36:24Z,SAT-EO-01,8167,19.79,85.08,-70.05,-33.3612,24.1036,,
2026-08-20T13:36:30Z,SAT-EO-01,8168,20.27,85.21,-67.97,-33.6975,24.1292,,
2026-08-20T13:36:36Z,SAT-EO-01,8169,19.58,85.28,-68.92,-34.0216,24.1539,,
2026-08-20T13:36:42Z,SAT-EO-01,8170,19.73,85.12,-68.66,-34.3475,24.1789,,
2026-08-20T13:36:48Z,SAT-EO-01,8171,19.38,84.32,-68.08,-34.6698,24.2037,,
2026-08-20T13:36:54Z,SAT-EO-01,8172,19.58,84.98,-68.51,-34.9932,24.2287,,
2026-08-20T13:37:00Z,SAT-EO-01,8173,19.71,84.61,-69.92,-35.3102,24.2534,,
2026-08-20T13:37:06Z,SAT-EO-01,8174,19.22,84.43,-69.76,-35.6252,24.278,,
2026-08-20T13:37:12Z,SAT-EO-01,8175,20.69,84.79,-67.69,-35.9419,24.3028,,
2026-08-20T13:37:18Z,SAT-EO-01,8176,20.19,84.85,-68.77,-36.2643,24.3282,,
2026-08-20T13:37:24Z,SAT-EO-01,8177,19.81,85.19,-68.57,-36.573,24.3527,,
2026-08-20T13:37:30Z,SAT-EO-01,8178,19.45,84.98,-68.09,-36.8927,24.3782,,
2026-08-20T13:37:36Z,SAT-EO-01,8179,20.18,84.45,-69.88,-37.2001,24.4028,,
2026-08-20T13:37:42Z,SAT-EO-01,8180,20.09,84.55,-69.13,-37.5041,24.4273,,
2026-08-20T13:37:48Z,SAT-EO-01,8181,19.97,84.73,-69.31,-37.811,24.4521,,
2026-08-20T13:37:54Z,SAT-EO-01,8182,20.03,84.61,-68.5,-38.1179,24.4771,,
2026-08-20T13:38:00Z,SAT-EO-01,8183,18.92,84.26,-71.27,-38.4247,24.5022,,
2026-08-20T13:38:06Z,SAT-EO-01,8184,19.48,84.29,-70.53,-38.7263,24.527,,
2026-08-20T13:38:12Z,SAT-EO-01,8185,19.62,84.48,-69.6,-39.0299,24.5521,,
2026-08-20T13:38:18Z,SAT-EO-01,8186,19.6,84.03,-70.75,-39.3299,24.577,,
2026-08-20T13:38:24Z,SAT-EO-01,8187,20.11,84.02,-70.84,-39.6309,24.6022,,
2026-08-20T13:38:30Z,SAT-EO-01,8188,19.17,84.45,-68.64,-39.9258,24.6271,,
2026-08-20T13:38:36Z,SAT-EO-01,8189,19.46,84.63,-69.08,-40.2282,24.6526,,
2026-08-20T13:38:42Z,SAT-EO-01,8190,19.06,83.89,-69.9,-40.525,24.6779,,
2026-08-20T13:38:48Z,SAT-EO-01,8191,18.94,84.46,-69.21,-40.8176,24.703,,
2026-08-20T13:38:54Z,SAT-EO-01,8192,19.09,84.62,-68.68,-41.1106,24.7283,,
2026-08-20T13:39:00Z,SAT-EO-01,8193,19.59,84.13,-70.18,-41.4002,24.7534,,
2026-08-20T13:39:06Z,SAT-EO-01,8194,19.37,84.05,-70.63,-41.6844,24.7782,,
2026-08-20T13:39:12Z,SAT-EO-01,8195,18.81,84.31,-70.22,-41.9704,24.8033,,
2026-08-20T13:39:18Z,SAT-EO-01,8196,18.66,83.85,-70.24,-42.2495,24.828,,
2026-08-20T13:39:24Z,SAT-EO-01,8197,19.16,84.21,-71.08,-42.5237,24.8524,,
2026-08-20T13:39:30Z,SAT-EO-01,8198,19.29,83.87,-69.76,-42.7964,24.8769,,
2026-08-20T13:39:36Z,SAT-EO-01,8199,19.2,83.98,-71.48,-43.0671,24.9013,,
2026-08-20T13:39:42Z,SAT-EO-01,8200,19.07,84.62,-69.63,-43.3399,24.926,,
2026-08-20T13:39:48Z,SAT-EO-01,8201,19.39,84.23,-70.41,-43.6157,24.9512,,
2026-08-20T13:39:54Z,SAT-EO-01,8202,19.75,83.94,-70.04,-43.8855,24.9761,,
2026-08-20T13:40:00Z,SAT-EO-01,8203,19.86,83.96,-68.49,-44.1503,25.0006,,
2026-08-20T13:40:06Z,SAT-EO-01,8204,19.28,83.68,-70.57,-44.4137,25.0252,,
2026-08-20T13:40:11Z,SAT-EO-01,8205,19.59,83.78,-71.62,-44.6764,25.0499,,
2026-08-20T13:40:17Z,SAT-EO-01,8206,19.2,83.45,-68.88,-44.9344,25.0744,,
2026-08-20T13:40:23Z,SAT-EO-01,8207,19.33,83.87,-70.11,-45.2027,25.1,,
2026-08-20T13:40:29Z,SAT-EO-01,8208,18.64,83.43,-70.28,-45.462,25.1249,,
2026-08-20T13:40:35Z,SAT-EO-01,8209,19.21,83.7,-70.62,-45.7194,25.1499,,
2026-08-20T13:40:41Z,SAT-EO-01,8210,19.58,83.62,-70.26,-45.9697,25.1743,,
2026-08-20T13:40:47Z,SAT-EO-01,8211,19.31,84.0,-69.68,-46.2281,25.1997,,
2026-08-20T13:40:53Z,SAT-EO-01,8212,18.97,83.39,-71.14,-46.4807,25.2248,,
2026-08-20T13:41:00Z,SAT-EO-01,8213,19.0,83.53,-69.53,-46.7337,25.2501,,
2026-08-20T13:41:06Z,SAT-EO-01,8214,19.63,83.62,-69.94,-46.9813,25.2751,,
2026-08-20T13:41:12Z,SAT-EO-01,8215,18.93,84.01,-71.31,-47.2305,25.3004,,
2026-08-20T13:41:18Z,SAT-EO-01,8216,19.15,83.6,-70.55,-47.4726,25.3253,,
2026-08-20T13:41:24Z,SAT-EO-01,8217,18.96,83.63,-70.98,-47.7168,25.3505,,
2026-08-20T13:41:30Z,SAT-EO-01,8218,18.79,83.5,-70.83,-47.9606,25.376,,
2026-08-20T13:41:36Z,SAT-EO-01,8219,18.27,83.15,-69.05,-48.1934,25.4005,,
2026-08-20T13:41:42Z,SAT-EO-01,8220,18.96,83.09,-72.06,-48.4307,25.4257,,
2026-08-20T13:41:48Z,SAT-EO-01,8221,18.97,83.14,-70.87,-48.6633,25.4506,,
2026-08-20T13:41:54Z,SAT-EO-01,8222,18.95,83.41,-70.97,-48.8916,25.4753,,
2026-08-20T13:42:00Z,SAT-EO-01,8223,18.33,82.89,-71.88,-49.1209,25.5004,,
2026-08-20T13:42:06Z,SAT-EO-01,8224,19.06,82.93,-71.62,-49.3483,25.5254,,
2026-08-20T13:42:12Z,SAT-EO-01,8225,18.26,83.02,-70.47,-49.5774,25.5509,,
2026-08-20T13:42:18Z,SAT-EO-01,8226,19.2,83.32,-70.46,-49.8045,25.5765,,
2026-08-20T13:42:24Z,SAT-EO-01,8227,18.99,83.16,-71.76,-50.0227,25.6012,,
2026-08-20T13:42:30Z,SAT-EO-01,8228,18.53,83.15,-70.33,-50.2378,25.6259,,
2026-08-20T13:42:36Z,SAT-EO-01,8229,19.18,83.17,-71.61,-50.456,25.6512,,
2026-08-20T13:42:42Z,SAT-EO-01,8230,18.9,83.13,-71.25,-50.6692,25.6761,,
2026-08-20T13:42:48Z,SAT-EO-01,8231,19.0,83.11,-72.47,-50.8825,25.7013,,
2026-08-20T13:42:54Z,SAT-EO-01,8232,18.15,82.94,-71.97,-51.0946,25.7267,,
2026-08-20T13:43:00Z,SAT-EO-01,8233,18.88,82.99,-71.38,-51.3027,25.7518,,
2026-08-20T13:43:06Z,SAT-EO-01,8234,18.84,82.91,-70.03,-51.5077,25.7769,,
2026-08-20T13:43:12Z,SAT-EO-01,8235,18.92,83.19,-70.92,-51.707,25.8015,,
2026-08-20T13:43:18Z,SAT-EO-01,8236,18.43,83.12,-72.47,-51.9083,25.8266,,
2026-08-20T13:43:24Z,SAT-EO-01,8237,18.83,82.8,-71.61,-52.1036,25.8513,,
2026-08-20T13:43:30Z,SAT-EO-01,8238,18.65,82.78,-71.81,-52.3034,25.8768,,
2026-08-20T13:43:36Z,SAT-EO-01,8239,18.35,82.53,-71.62,-52.4924,25.9013,,
2026-08-20T13:43:42Z,SAT-EO-01,8240,18.57,82.63,-70.77,-52.6822,25.9261,,
2026-08-20T13:43:48Z,SAT-EO-01,8241,18.06,82.76,-72.41,-52.8727,25.9513,,
2026-08-20T13:43:54Z,SAT-EO-01,8242,18.05,82.7,-70.13,-53.0587,25.9763,,
2026-08-20T13:44:00Z,SAT-EO-01,8243,17.91,83.11,-72.31,-53.2437,26.0014,,
2026-08-20T13:44:06Z,SAT-EO-01,8244,18.54,82.75,-72.84,-53.4254,26.0264,,
2026-08-20T13:44:12Z,SAT-EO-01,8245,18.31,82.8,-71.29,-53.6021,26.051,,
2026-08-20T13:44:18Z,SAT-EO-01,8246,18.55,82.69,-71.31,-53.777,26.0757,,
2026-08-20T13:44:24Z,SAT-EO-01,8247,18.3,82.82,-71.94,-53.9558,26.1013,,
2026-08-20T13:44:30Z,SAT-EO-01,8248,18.41,82.48,-70.2,-54.1253,26.1258,,
2026-08-20T13:44:36Z,SAT-EO-01,8249,18.47,82.65,-71.39,-54.2978,26.1512,,
2026-08-20T13:44:42Z,SAT-EO-01,8250,18.53,82.21,-72.01,-54.4679,26.1766,,
2026-08-20T13:44:48Z,SAT-EO-01,8251,17.28,82.94,-71.24,-54.6292,26.201,,
2026-08-20T13:44:54Z,SAT-EO-01,8252,17.75,82.34,-71.29,-54.7939,26.2263,,
2026-08-20T13:45:00Z,SAT-EO-01,8253,18.62,82.84,-72.49,-54.9551,26.2514,,
2026-08-20T13:45:06Z,SAT-EO-01,8254,18.52,82.38,-72.3,-55.1164,26.2769,,
2026-08-20T13:45:12Z,SAT-EO-01,8255,18.34,82.22,-72.2,-55.2704,26.3016,,
2026-08-20T13:45:18Z,SAT-EO-01,8256,18.47,82.6,-71.45,-55.4244,26.3268,,
2026-08-20T13:45:24Z,SAT-EO-01,8257,18.83,82.54,-72.75,-55.5742,26.3516,,
2026-08-20T13:45:30Z,SAT-EO-01,8258,18.13,82.41,-72.38,-55.7209,26.3763,,
2026-08-20T13:45:36Z,SAT-EO-01,8259,18.67,82.55,-73.04,-55.8659,26.4011,,
2026-08-20T13:45:42Z,SAT-EO-01,8260,18.4,82.7,-70.37,-56.0064,26.4256,,
2026-08-20T13:45:48Z,SAT-EO-01,8261,18.21,82.43,-71.9,-56.1499,26.451,,
2026-08-20T13:45:54Z,SAT-EO-01,8262,18.25,81.88,-72.65,-56.2906,26.4764,,
2026-08-20T13:46:00Z,SAT-EO-01,8263,18.54,83.02,-71.61,-56.4257,26.5012,,
2026-08-20T13:46:06Z,SAT-EO-01,8264,18.91,82.57,-72.72,-56.557,26.5258,,
2026-08-20T13:46:12Z,SAT-EO-01,8265,17.79,82.33,-72.38,-56.6893,26.551,,
2026-08-20T13:46:18Z,SAT-EO-01,8266,18.0,82.56,-72.76,-56.8201,26.5764,,
2026-08-20T13:46:24Z,SAT-EO-01,8267,18.35,82.14,-72.07,-56.9476,26.6016,,
2026-08-20T13:46:30Z,SAT-EO-01,8268,17.89,82.65,-74.02,-57.0692,26.6262,,
2026-08-20T13:46:36Z,SAT-EO-01,8269,18.05,82.11,-71.54,-57.1877,26.6506,,
2026-08-20T13:46:42Z,SAT-EO-01,8270,18.16,82.23,-74.19,-57.3047,26.6752,,
2026-08-20T13:46:47Z,SAT-EO-01,8271,17.71,82.48,-72.47,-57.4199,26.7,,
2026-08-20T13:46:53Z,SAT-EO-01,8272,18.73,82.55,-70.95,-57.5314,26.7245,,
2026-08-20T13:46:59Z,SAT-EO-01,8273,17.72,82.17,-71.2,-57.6419,26.7493,,
2026-08-20T13:47:05Z,SAT-EO-01,8274,18.38,82.6,-71.72,-57.7527,26.7747,,
2026-08-20T13:47:11Z,SAT-EO-01,8275,17.95,82.16,-73.32,-57.8596,26.7998,,
2026-08-20T13:47:17Z,SAT-EO-01,8276,18.14,82.39,-72.62,-57.9622,26.8245,,
2026-08-20T13:47:24Z,SAT-EO-01,8277,17.92,82.59,-72.42,-58.0658,26.8501,,
2026-08-20T13:47:29Z,SAT-EO-01,8278,18.39,82.18,-72.85,-58.163,26.8748,,
2026-08-20T13:47:35Z,SAT-EO-01,8279,18.09,82.46,-73.61,-58.2592,26.8997,,
2026-08-20T13:47:41Z,SAT-EO-01,8280,18.39,82.17,-72.84,-58.3528,26.9247,,
2026-08-20T13:47:48Z,SAT-EO-01,8281,18.98,82.06,-73.16,-58.4456,26.9502,,
2026-08-20T13:47:53Z,SAT-EO-01,8282,18.18,82.15,-72.55,-58.532,26.9746,,
2026-08-20T13:47:59Z,SAT-EO-01,8283,17.72,82.35,-72.97,-58.6174,26.9995,,
2026-08-20T13:48:05Z,SAT-EO-01,8284,18.69,81.93,-73.27,-58.7023,27.0249,,
2026-08-20T13:48:12Z,SAT-EO-01,8285,17.78,81.71,-72.32,-58.7844,27.0503,,
2026-08-20T13:48:18Z,SAT-EO-01,8286,18.5,82.34,-73.39,-58.8624,27.0753,,
2026-08-20T13:48:23Z,SAT-EO-01,8287,17.96,82.45,-73.1,-58.9368,27.0999,,
2026-08-20T13:48:29Z,SAT-EO-01,8288,17.64,82.02,-73.24,-59.0089,27.1245,,
2026-08-20T13:48:35Z,SAT-EO-01,8289,18.22,81.91,-73.05,-59.0807,27.15,,
2026-08-20T13:48:42Z,SAT-EO-01,8290,17.79,81.77,-73.7,-59.1494,27.1753,,
2026-08-20T13:48:47Z,SAT-EO-01,8291,18.42,82.28,-71.53,-59.2135,27.1998,,
2026-08-20T13:48:53Z,SAT-EO-01,8292,18.22,81.53,-73.52,-59.2767,27.225,,
2026-08-20T13:49:00Z,SAT-EO-01,8293,18.07,82.12,-73.06,-59.3381,27.2505,,
2026-08-20T13:49:06Z,SAT-EO-01,8294,17.56,82.26,-71.95,-59.3956,27.2755,,
2026-08-20T13:49:12Z,SAT-EO-01,8295,17.8,82.23,-73.52,-59.4505,27.3005,,
2026-08-20T13:49:18Z,SAT-EO-01,8296,18.15,81.65,-71.91,-59.5018,27.3251,,
2026-08-20T13:49:24Z,SAT-EO-01,8297,18.53,82.42,-73.11,-59.5522,27.3504,,
2026-08-20T13:49:30Z,SAT-EO-01,8298,18.03,82.13,-73.52,-59.5988,27.3751,,
2026-08-20T13:49:35Z,SAT-EO-01,8299,17.31,81.87,-72.97,-59.6427,27.3998,,
2026-08-20T13:49:42Z,SAT-EO-01,8300,18.48,82.31,-73.02,-59.6852,27.4251,,
2026-08-20T13:49:48Z,SAT-EO-01,8301,17.83,81.78,-72.65,-59.7248,27.4504,,
2026-08-20T13:49:54Z,SAT-EO-01,8302,17.85,82.54,-72.47,-59.7624,27.476,,
2026-08-20T13:50:00Z,SAT-EO-01,8303,17.78,81.74,-71.59,-59.7967,27.5013,,
2026-08-20T13:50:06Z,SAT-EO-01,8304,17.46,81.97,-74.3,-59.8286,27.5267,,
2026-08-20T13:50:12Z,SAT-EO-01,8305,18.02,81.8,-72.87,-59.8576,27.552,,
2026-08-20T13:50:18Z,SAT-EO-01,8306,17.61,82.16,-73.33,-59.8839,27.5774,,
2026-08-20T13:50:24Z,SAT-EO-01,8307,17.95,81.67,-72.05,-59.9071,27.6022,,
2026-08-20T13:50:30Z,SAT-EO-01,8308,17.55,81.96,-73.41,-59.9277,27.627,,
2026-08-20T13:50:36Z,SAT-EO-01,8309,17.68,82.05,-73.16,-59.9462,27.6524,,
2026-08-20T13:50:42Z,SAT-EO-01,8310,17.84,82.47,-71.46,-59.962,27.6779,,
2026-08-20T13:50:48Z,SAT-EO-01,8311,18.04,82.05,-73.62,-59.9748,27.7029,,
2026-08-20T13:50:54Z,SAT-EO-01,8312,18.32,81.53,-73.09,-59.9849,27.7278,,
2026-08-20T13:51:00Z,SAT-EO-01,8313,17.94,81.95,-73.51,-59.9924,27.7523,,
2026-08-20T13:51:06Z,SAT-EO-01,8314,17.74,82.16,-75.42,-59.9974,27.777,,
2026-08-20T13:51:12Z,SAT-EO-01,8315,18.04,82.22,-73.2,-59.9998,27.8018,,
2026-08-20T13:51:18Z,SAT-EO-01,8316,17.58,81.71,-72.79,-59.9996,27.8267,,
2026-08-20T13:51:24Z,SAT-EO-01,8317,17.69,81.79,-73.32,-59.9968,27.8517,,
2026-08-20T13:51:30Z,SAT-EO-01,8318,18.39,82.38,-71.54,-59.9914,27.8766,,
2026-08-20T13:51:36Z,SAT-EO-01,8319,17.19,81.54,-71.56,-59.9834,27.9015,,
2026-08-20T13:51:42Z,SAT-EO-01,8320,18.01,82.27,-72.63,-59.9726,27.9267,,
2026-08-20T13:51:48Z,SAT-EO-01,8321,17.72,82.08,-71.85,-59.9594,27.9515,,
2026-08-20T13:51:54Z,SAT-EO-01,8322,17.17,81.97,-73.8,-59.9433,27.9769,,
2026-08-20T13:52:00Z,SAT-EO-01,8323,18.37,81.83,-74.17,-59.9249,28.0016,,
2026-08-20T13:52:06Z,SAT-EO-01,8324,18.4,82.18,-73.03,-59.9039,28.0265,,
2026-08-20T13:52:12Z,SAT-EO-01,8325,18.11,82.18,-73.53,-59.8797,28.0519,,
2026-08-20T13:52:18Z,SAT-EO-01,8326,17.34,82.2,-72.72,-59.8528,28.0773,,
2026-08-20T13:52:24Z,SAT-EO-01,8327,17.9,82.0,-71.56,-59.8239,28.1022,,
2026-08-20T13:52:30Z,SAT-EO-01,8328,17.91,81.65,-73.12,-59.7926,28.1269,,
2026-08-20T13:52:36Z,SAT-EO-01,8329,18.07,81.95,-73.31,-59.7578,28.1523,,
2026-08-20T13:52:42Z,SAT-EO-01,8330,17.98,82.66,-73.19,-59.7202,28.1777,,
2026-08-20T13:52:48Z,SAT-EO-01,8331,18.47,82.25,-72.54,-59.6801,28.203,,
2026-08-20T13:52:54Z,SAT-EO-01,8332,18.54,82.13,-73.11,-59.6382,28.2278,,
2026-08-20T13:53:00Z,SAT-EO-01,8333,17.74,81.97,-72.37,-59.5923,28.2534,,
2026-08-20T13:53:06Z,SAT-EO-01,8334,17.64,82.01,-73.54,-59.5456,28.278,,
2026-08-20T13:53:12Z,SAT-EO-01,8335,18.01,81.79,-73.48,-59.495,28.3032,,
2026-08-20T13:53:18Z,SAT-EO-01,8336,17.66,82.01,-72.67,-59.4413,28.3288,,
2026-08-20T13:53:24Z,SAT-EO-01,8337,18.22,82.1,-72.92,-59.3852,28.3541,,
2026-08-20T13:53:31Z,SAT-EO-01,8338,17.62,81.73,-72.32,-59.3261,28.3796,,
2026-08-20T13:53:36Z,SAT-EO-01,8339,18.3,81.81,-73.03,-59.267,28.404,,
2026-08-20T13:53:43Z,SAT-EO-01,8340,18.24,81.69,-73.54,-59.2026,28.4294,,
2026-08-20T13:53:49Z,SAT-EO-01,8341,18.36,82.07,-74.24,-59.1368,28.4544,,
2026-08-20T13:53:55Z,SAT-EO-01,8342,17.98,81.9,-73.45,-59.0673,28.4799,,
2026-08-20T13:54:01Z,SAT-EO-01,8343,18.06,81.89,-72.15,-58.9979,28.5043,,
2026-08-20T13:54:06Z,SAT-EO-01,8344,18.24,81.73,-73.1,-58.9256,28.5289,,
2026-08-20T13:54:12Z,SAT-EO-01,8345,18.35,81.71,-72.81,-58.8505,28.5536,,
2026-08-20T13:54:18Z,SAT-EO-01,8346,18.0,82.16,-72.4,-58.7731,28.5782,,
2026-08-20T13:54:24Z,SAT-EO-01,8347,18.29,82.02,-73.73,-58.6905,28.6037,,
2026-08-20T13:54:30Z,SAT-EO-01,8348,17.99,82.04,-72.41,-58.6056,28.629,,
2026-08-20T13:54:36Z,SAT-EO-01,8349,17.74,82.14,-72.6,-58.5201,28.6538,,
2026-08-20T13:54:43Z,SAT-EO-01,8350,18.63,82.34,-70.67,-58.4292,28.6793,,
2026-08-20T13:54:48Z,SAT-EO-01,8351,18.17,82.16,-72.69,-58.3397,28.7038,,
2026-08-20T13:54:55Z,SAT-EO-01,8352,18.18,82.31,-72.56,-58.2443,28.7292,,
2026-08-20T13:55:00Z,SAT-EO-01,8353,17.35,82.49,-74.0,-58.149,28.7539,,
2026-08-20T13:55:06Z,SAT-EO-01,8354,18.25,82.05,-72.45,-58.0499,28.7789,,
2026-08-20T13:55:12Z,SAT-EO-01,8355,18.39,82.33,-73.14,-57.947,28.8042,,
2026-08-20T13:55:18Z,SAT-EO-01,8356,18.12,82.34,-73.31,-57.843,28.8291,,
2026-08-20T13:55:24Z,SAT-EO-01,8357,17.92,82.21,-72.55,-57.7388,28.8535,,
2026-08-20T13:55:30Z,SAT-EO-01,8358,18.21,82.31,-71.62,-57.631,28.8782,,
2026-08-20T13:55:36Z,SAT-EO-01,8359,18.12,82.55,-71.59,-57.5218,28.9027,,
2026-08-20T13:55:42Z,SAT-EO-01,8360,17.71,82.48,-71.33,-57.4059,28.9281,,
2026-08-20T13:55:48Z,SAT-EO-01,8361,18.52,82.08,-72.66,-57.2908,28.9527,,
2026-08-20T13:55:54Z,SAT-EO-01,8362,18.28,82.09,-71.19,-57.1735,28.9773,,
2026-08-20T13:56:00Z,SAT-EO-01,8363,18.68,82.48,-72.92,-57.0515,29.0024,,
2026-08-20T13:56:06Z,SAT-EO-01,8364,18.53,82.24,-71.75,-56.9271,29.0275,,
2026-08-20T13:56:12Z,SAT-EO-01,8365,18.28,82.19,-72.16,-56.8027,29.052,,
2026-08-20T13:56:18Z,SAT-EO-01,8366,18.03,82.62,-72.13,-56.6725,29.0773,,
2026-08-20T13:56:24Z,SAT-EO-01,8367,18.19,82.17,-72.67,-56.5417,29.1021,,
2026-08-20T13:56:30Z,SAT-EO-01,8368,18.3,82.59,-72.57,-56.4073,29.1272,,
2026-08-20T13:56:36Z,SAT-EO-01,8369,18.49,82.47,-72.56,-56.2705,29.1522,,
2026-08-20T13:56:42Z,SAT-EO-01,8370,18.82,82.17,-71.8,-56.1317,29.1772,,
2026-08-20T13:56:48Z,SAT-EO-01,8371,18.67,82.29,-72.7,-55.9933,29.2017,,
2026-08-20T13:56:54Z,SAT-EO-01,8372,18.18,82.73,-70.95,-55.8515,29.2263,,
2026-08-20T13:57:00Z,SAT-EO-01,8373,18.55,82.43,-71.51,-55.7039,29.2516,,
2026-08-20T13:57:06Z,SAT-EO-01,8374,17.31,82.53,-71.61,-55.5519,29.2771,,
2026-08-20T13:57:12Z,SAT-EO-01,8375,18.55,82.07,-73.07,-55.4022,29.3019,,
2026-08-20T13:57:18Z,SAT-EO-01,8376,19.08,82.14,-72.51,-55.2456,29.3274,,
2026-08-20T13:57:24Z,SAT-EO-01,8377,18.76,82.67,-71.25,-55.0935,29.3518,,
2026-08-20T13:57:30Z,SAT-EO-01,8378,17.64,82.53,-70.87,-54.9383,29.3763,,
2026-08-20T13:57:36Z,SAT-EO-01,8379,17.78,82.47,-72.53,-54.7776,29.4013,,
2026-08-20T13:57:42Z,SAT-EO-01,8380,18.42,82.81,-72.08,-54.6104,29.4269,,
2026-08-20T13:57:48Z,SAT-EO-01,8381,18.08,82.47,-71.97,-54.443,29.4522,,
2026-08-20T13:57:54Z,SAT-EO-01,8382,18.42,82.42,-72.48,-54.2734,29.4774,,
2026-08-20T13:58:00Z,SAT-EO-01,8383,18.37,83.19,-71.75,-54.101,29.5027,,
2026-08-20T13:58:06Z,SAT-EO-01,8384,18.59,82.56,-72.58,-53.9248,29.5282,,
2026-08-20T13:58:12Z,SAT-EO-01,8385,19.0,82.76,-71.87,-53.7531,29.5527,,
2026-08-20T13:58:18Z,SAT-EO-01,8386,18.48,82.37,-71.27,-53.5756,29.5777,,
2026-08-20T13:58:24Z,SAT-EO-01,8387,18.77,82.41,-71.39,-53.3984,29.6023,,
2026-08-20T13:58:30Z,SAT-EO-01,8388,18.26,83.07,-72.15,-53.217,29.6272,,
2026-08-20T13:58:36Z,SAT-EO-01,8389,18.84,82.74,-70.91,-53.0325,29.6522,,
2026-08-20T13:58:42Z,SAT-EO-01,8390,18.41,82.96,-72.68,-52.8457,29.6772,,
2026-08-20T13:58:48Z,SAT-EO-01,8391,18.83,82.64,-71.51,-52.6587,29.702,,
2026-08-20T13:58:54Z,SAT-EO-01,8392,18.61,82.59,-71.03,-52.4695,29.7267,,
2026-08-20T13:59:00Z,SAT-EO-01,8393,18.85,83.17,-72.09,-52.2747,29.7518,,
2026-08-20T13:59:06Z,SAT-EO-01,8394,19.02,82.96,-71.56,-52.0777,29.777,,
2026-08-20T13:59:12Z,SAT-EO-01,8395,19.11,83.03,-71.64,-51.8755,29.8025,,
2026-08-20T13:59:18Z,SAT-EO-01,8396,18.73,83.36,-71.53,-51.6741,29.8276,,
2026-08-20T13:59:24Z,SAT-EO-01,8397,18.38,83.39,-69.81,-51.4726,29.8524,,
2026-08-20T13:59:30Z,SAT-EO-01,8398,18.79,83.38,-70.05,-51.2714,29.877,,
2026-08-20T13:59:36Z,SAT-EO-01,8399,19.18,82.91,-69.58,-51.0678,29.9015,,
2026-08-20T13:59:42Z,SAT-EO-01,8400,18.47,82.95,-70.58,-50.8547,29.927,,
2026-08-20T13:59:48Z,SAT-EO-01,8401,18.49,83.14,-71.35,-50.6431,29.9519,,
2026-08-20T13:59:54Z,SAT-EO-01,8402,18.94,83.13,-71.36,-50.4306,29.9768,,
2026-08-20T14:00:00Z,SAT-EO-01,8403,18.26,82.99,-71.88,-50.2157,30.0016,,
2026-08-20T14:00:06Z,SAT-EO-01,8404,19.01,83.03,-69.84,-49.9979,30.0266,,
2026-08-20T14:00:12Z,SAT-EO-01,8405,19.03,83.29,-71.43,-49.7766,30.0517,,
2026-08-20T14:00:18Z,SAT-EO-01,8406,18.9,83.27,-70.96,-49.5512,30.077,,
2026-08-20T14:00:24Z,SAT-EO-01,8407,19.56,83.28,-71.03,-49.3216,30.1025,,
2026-08-20T14:00:30Z,SAT-EO-01,8408,18.75,83.68,-71.67,-49.0948,30.1275,,
2026-08-20T14:00:36Z,SAT-EO-01,8409,18.98,83.23,-70.49,-48.871,30.1519,,
2026-08-20T14:00:42Z,SAT-EO-01,8410,18.89,83.48,-71.01,-48.6359,30.1773,,
2026-08-20T14:00:48Z,SAT-EO-01,8411,18.62,82.85,-71.36,-48.4033,30.2022,,
2026-08-20T14:00:54Z,SAT-EO-01,8412,18.14,82.84,-71.51,-48.163,30.2277,,
2026-08-20T14:01:00Z,SAT-EO-01,8413,19.43,83.29,-70.84,-47.9259,30.2527,,
2026-08-20T14:01:06Z,SAT-EO-01,8414,19.2,83.22,-69.83,-47.6821,30.2781,,
2026-08-20T14:01:12Z,SAT-EO-01,8415,18.45,83.76,-71.38,-47.4391,30.3032,,
2026-08-20T14:01:18Z,SAT-EO-01,8416,18.72,83.41,-70.94,-47.1963,30.3281,,
2026-08-20T14:01:24Z,SAT-EO-01,8417,18.61,83.6,-71.32,-46.952,30.3529,,
2026-08-20T14:01:30Z,SAT-EO-01,8418,18.79,83.06,-71.03,-46.7034,30.3779,,
2026-08-20T14:01:36Z,SAT-EO-01,8419,18.7,83.58,-70.61,-46.4491,30.4034,,
2026-08-20T14:01:42Z,SAT-EO-01,8420,18.59,83.81,-72.52,-46.1971,30.4283,,
2026-08-20T14:01:48Z,SAT-EO-01,8421,19.12,83.4,-70.95,-45.9463,30.453,,
2026-08-20T14:01:54Z,SAT-EO-01,8422,19.69,83.63,-69.55,-45.6927,30.4777,,
2026-08-20T14:02:00Z,SAT-EO-01,8423,18.81,83.67,-71.67,-45.4334,30.5028,,
2026-08-20T14:02:06Z,SAT-EO-01,8424,19.74,83.71,-70.39,-45.1786,30.5273,,
2026-08-20T14:02:12Z,SAT-EO-01,8425,19.29,83.8,-70.61,-44.9204,30.552,,
2026-08-20T14:02:18Z,SAT-EO-01,8426,18.73,84.33,-71.03,-44.6553,30.5771,,
2026-08-20T14:02:24Z,SAT-EO-01,8427,18.88,84.02,-69.91,-44.3906,30.6019,,
2026-08-20T14:02:30Z,SAT-EO-01,8428,19.42,83.69,-70.99,-44.1287,30.6264,,
2026-08-20T14:02:36Z,SAT-EO-01,8429,18.97,83.54,-70.05,-43.8576,30.6515,,
2026-08-20T14:02:42Z,SAT-EO-01,8430,18.77,83.96,-71.76,-43.5861,30.6765,,
2026-08-20T14:02:48Z,SAT-EO-01,8431,18.81,83.74,-71.95,-43.3144,30.7013,,
2026-08-20T14:02:54Z,SAT-EO-01,8432,19.85,83.96,-70.53,-43.0431,30.7259,,
2026-08-20T14:03:00Z,SAT-EO-01,8433,18.67,83.8,-68.65,-42.7695,30.7506,,
2026-08-20T14:03:06Z,SAT-EO-01,8434,19.42,83.95,-71.13,-42.4905,30.7755,,
2026-08-20T14:03:11Z,SAT-EO-01,8435,19.59,83.99,-69.79,-42.2158,30.8,,
2026-08-20T14:03:18Z,SAT-EO-01,8436,19.44,84.35,-70.33,-41.9278,30.8254,,
2026-08-20T14:03:24Z,SAT-EO-01,8437,19.65,83.86,-70.1,-41.6465,30.8501,,
2026-08-20T14:03:29Z,SAT-EO-01,8438,19.13,84.19,-68.89,-41.3629,30.8749,,
2026-08-20T14:03:36Z,SAT-EO-01,8439,19.83,83.95,-69.8,-41.0724,30.9,,
2026-08-20T14:03:42Z,SAT-EO-01,8440,19.66,84.18,-70.51,-40.7821,30.925,,
2026-08-20T14:03:48Z,SAT-EO-01,8441,19.17,84.73,-70.67,-40.485,30.9505,,
2026-08-20T14:03:54Z,SAT-EO-01,8442,19.54,84.11,-70.89,-40.1954,30.9751,,
2026-08-20T14:04:00Z,SAT-EO-01,8443,19.65,83.78,-69.25,-39.8937,31.0007,,
2026-08-20T14:04:06Z,SAT-EO-01,8444,19.28,84.54,-69.68,-39.5955,31.0257,,
2026-08-20T14:04:12Z,SAT-EO-01,8445,19.76,84.47,-68.57,-39.2907,31.0512,,
2026-08-20T14:04:18Z,SAT-EO-01,8446,19.66,84.32,-70.08,-38.9913,31.0761,,
2026-08-20T14:04:24Z,SAT-EO-01,8447,19.16,84.24,-68.78,-38.6939,31.1007,,
2026-08-20T14:04:30Z,SAT-EO-01,8448,19.74,84.27,-69.84,-38.3947,31.1253,,
2026-08-20T14:04:36Z,SAT-EO-01,8449,19.5,84.14,-69.32,-38.0827,31.1508,,
2026-08-20T14:04:42Z,SAT-EO-01,8450,20.0,84.58,-68.75,-37.7685,31.1763,,
2026-08-20T14:04:48Z,SAT-EO-01,8451,20.01,84.45,-70.24,-37.4581,31.2014,,
2026-08-20T14:04:54Z,SAT-EO-01,8452,19.32,84.27,-69.01,-37.1535,31.2259,,
2026-08-20T14:05:00Z,SAT-EO-01,8453,19.48,84.5,-71.21,-36.8466,31.2505,,
2026-08-20T14:05:05Z,SAT-EO-01,8454,19.79,85.1,-69.08,-36.5392,31.275,,
2026-08-20T14:05:12Z,SAT-EO-01,8455,19.79,85.11,-67.4,-36.2225,31.3001,,
2026-08-20T14:05:17Z,SAT-EO-01,8456,20.69,85.08,-70.31,-35.9081,31.3248,,
2026-08-20T14:05:23Z,SAT-EO-01,8457,20.39,85.0,-70.07,-35.5967,31.3493,,
2026-08-20T14:05:29Z,SAT-EO-01,8458,19.64,84.66,-69.95,-35.2811,31.3739,,
2026-08-20T14:05:35Z,SAT-EO-01,8459,19.86,84.55,-69.03,-34.9514,31.3995,,
2026-08-20T14:05:41Z,SAT-EO-01,8460,19.49,85.2,-69.42,-34.6297,31.4244,,
2026-08-20T14:05:47Z,SAT-EO-01,8461,19.96,85.25,-68.25,-34.2995,31.4498,,
2026-08-20T14:05:54Z,SAT-EO-01,8462,20.02,84.82,-67.89,-33.9659,31.4754,,
2026-08-20T14:06:00Z,SAT-EO-01,8463,20.37,85.17,-69.86,-33.6382,31.5004,,
2026-08-20T14:06:06Z,SAT-EO-01,8464,20.5,85.15,-69.51,-33.3102,31.5253,,
2026-08-20T14:06:12Z,SAT-EO-01,8465,20.49,85.07,-67.46,-32.9733,31.5507,,
2026-08-20T14:06:18Z,SAT-EO-01,8466,19.78,85.76,-67.91,-32.6423,31.5756,,
2026-08-20T14:06:24Z,SAT-EO-01,8467,19.94,85.21,-68.71,-32.3145,31.6002,,
2026-08-20T14:06:30Z,SAT-EO-01,8468,19.68,85.38,-69.18,-31.9782,31.6253,,
2026-08-20T14:06:36Z,SAT-EO-01,8469,20.06,85.49,-68.31,-31.6439,31.6501,,
2026-08-20T14:06:42Z,SAT-EO-01,8470,19.94,84.95,-69.62,-31.3049,31.6752,,
2026-08-20T14:06:47Z,SAT-EO-01,8471,20.12,85.37,-67.83,-30.9716,31.6998,,
2026-08-20T14:06:54Z,SAT-EO-01,8472,20.21,85.09,-68.73,-30.626,31.7251,,
2026-08-20T14:07:00Z,SAT-EO-01,8473,19.83,85.26,-68.57,-30.2798,31.7505,,
2026-08-20T14:07:05Z,SAT-EO-01,8474,19.82,85.47,-67.31,-29.9435,31.7749,,
2026-08-20T14:07:11Z,SAT-EO-01,8475,19.27,85.46,-67.6,-29.5999,31.7999,,
2026-08-20T14:07:17Z,SAT-EO-01,8476,19.64,85.44,-69.15,-29.2547,31.8248,,
2026-08-20T14:07:23Z,SAT-EO-01,8477,20.52,85.5,-69.58,-28.9111,31.8496,,
2026-08-20T14:07:29Z,SAT-EO-01,8478,19.63,86.06,-67.02,-28.5619,31.8746,,
2026-08-20T14:07:35Z,SAT-EO-01,8479,20.21,85.84,-69.01,-28.2204,31.8991,,
2026-08-20T14:07:41Z,SAT-EO-01,8480,20.22,86.12,-67.9,-27.8649,31.9244,,
2026-08-20T14:07:47Z,SAT-EO-01,8481,20.33,85.63,-69.81,-27.5102,31.9496,,
2026-08-20T14:07:53Z,SAT-EO-01,8482,20.49,85.93,-67.78,-27.1621,31.9742,,
2026-08-20T14:07:59Z,SAT-EO-01,8483,20.71,86.2,-68.96,-26.8104,31.999,,
2026-08-20T14:08:05Z,SAT-EO-01,8484,20.27,85.91,-67.61,-26.4592,32.0237,,
2026-08-20T14:08:11Z,SAT-EO-01,8485,20.34,85.83,-68.14,-26.0963,32.0491,,
2026-08-20T14:08:17Z,SAT-EO-01,8486,20.92,85.71,-68.33,-25.7313,32.0746,,
2026-08-20T14:08:23Z,SAT-EO-01,8487,20.29,85.93,-69.14,-25.369,32.0999,,
2026-08-20T14:08:29Z,SAT-EO-01,8488,20.44,86.24,-67.13,-25.0089,32.1249,,
2026-08-20T14:08:35Z,SAT-EO-01,8489,20.33,85.88,-67.03,-24.6488,32.1498,,
2026-08-20T14:08:42Z,SAT-EO-01,8490,20.91,85.86,-68.17,-24.2777,32.1754,,
2026-08-20T14:08:48Z,SAT-EO-01,8491,19.87,86.07,-67.09,-23.9127,32.2005,,
2026-08-20T14:08:54Z,SAT-EO-01,8492,20.58,86.23,-67.36,-23.545,32.2257,,
2026-08-20T14:09:00Z,SAT-EO-01,8493,20.89,86.1,-68.19,-23.1837,32.2504,,
2026-08-20T14:09:06Z,SAT-EO-01,8494,20.93,86.05,-67.8,-22.8102,32.2759,,
2026-08-20T14:09:12Z,SAT-EO-01,8495,20.65,86.39,-66.77,-22.4401,32.3011,,
2026-08-20T14:09:18Z,SAT-EO-01,8496,20.68,86.51,-67.96,-22.0705,32.3261,,
2026-08-20T14:09:24Z,SAT-EO-01,8497,20.61,86.15,-67.77,-21.7059,32.3508,,
2026-08-20T14:09:30Z,SAT-EO-01,8498,21.24,86.63,-68.2,-21.3321,32.376,,
2026-08-20T14:09:36Z,SAT-EO-01,8499,20.67,86.27,-68.52,-20.9561,32.4014,,
2026-08-20T14:09:42Z,SAT-EO-01,8500,21.23,86.77,-67.42,-20.5892,32.426,,
2026-08-20T14:09:48Z,SAT-EO-01,8501,21.73,86.37,-66.88,-20.224,32.4505,,
2026-08-20T14:09:54Z,SAT-EO-01,8502,21.54,86.19,-66.97,-19.8408,32.4761,,
2026-08-20T14:10:00Z,SAT-EO-01,8503,21.42,86.43,-69.1,-19.4734,32.5006,,
2026-08-20T14:10:06Z,SAT-EO-01,8504,21.19,86.97,-67.54,-19.0945,32.5258,,
2026-08-20T14:10:12Z,SAT-EO-01,8505,20.61,86.78,-66.66,-18.7266,32.5502,,
2026-08-20T14:10:18Z,SAT-EO-01,8506,21.17,87.17,-67.88,-18.3414,32.5757,,
2026-08-20T14:10:24Z,SAT-EO-01,8507,20.71,86.52,-67.76,-17.9673,32.6004,,
2026-08-20T14:10:30Z,SAT-EO-01,8508,20.28,87.34,-67.46,-17.5928,32.6251,,
2026-08-20T14:10:36Z,SAT-EO-01,8509,21.19,87.1,-67.33,-17.2053,32.6507,,
2026-08-20T14:10:42Z,SAT-EO-01,8510,21.14,87.06,-66.75,-16.8182,32.6761,,
2026-08-20T14:10:48Z,SAT-EO-01,8511,21.54,87.35,-66.92,-16.433,32.7013,,
2026-08-20T14:10:54Z,SAT-EO-01,8512,22.02,87.17,-67.62,-16.0514,32.7263,,
2026-08-20T14:11:00Z,SAT-EO-01,8513,21.01,87.19,-66.96,-15.6741,32.751,,
2026-08-20T14:11:06Z,SAT-EO-01,8514,21.41,87.07,-68.83,-15.2865,32.7762,,
2026-08-20T14:11:12Z,SAT-EO-01,8515,21.04,87.61,-66.18,-14.9024,32.8012,,
2026-08-20T14:11:18Z,SAT-EO-01,8516,21.59,87.47,-66.94,-14.5227,32.8259,,
2026-08-20T14:11:24Z,SAT-EO-01,8517,21.59,87.37,-67.48,-14.1387,32.8508,,
2026-08-20T14:11:30Z,SAT-EO-01,8518,21.88,87.46,-67.28,-13.7496,32.876,,
2026-08-20T14:11:36Z,SAT-EO-01,8519,21.74,87.17,-68.01,-13.3543,32.9016,,
2026-08-20T14:11:42Z,SAT-EO-01,8520,21.02,87.31,-66.26,-12.9701,32.9264,,
2026-08-20T14:11:48Z,SAT-EO-01,8521,22.57,87.64,-68.75,-12.5735,32.952,,
2026-08-20T14:11:54Z,SAT-EO-01,8522,22.0,87.51,-66.83,-12.1917,32.9766,,
2026-08-20T14:12:00Z,SAT-EO-01,8523,21.38,87.67,-67.09,-11.8111,33.001,,
2026-08-20T14:12:06Z,SAT-EO-01,8524,21.42,87.66,-67.68,-11.42,33.0261,,
2026-08-20T14:12:12Z,SAT-EO-01,8525,22.26,87.79,-67.62,-11.0314,33.0511,,
2026-08-20T14:12:18Z,SAT-EO-01,8526,21.11,88.33,-69.14,-10.6354,33.0764,,
2026-08-20T14:12:24Z,SAT-EO-01,8527,21.42,87.68,-68.35,-10.2441,33.1015,,
2026-08-20T14:12:30Z,SAT-EO-01,8528,21.47,87.66,-67.62,-9.844,33.127,,
2026-08-20T14:12:36Z,SAT-EO-01,8529,21.72,87.81,-65.51,-9.4445,33.1525,,
2026-08-20T14:12:42Z,SAT-EO-01,8530,21.36,87.59,-67.15,-9.0558,33.1773,,
2026-08-20T14:12:48Z,SAT-EO-01,8531,22.24,87.92,-68.25,-8.6619,33.2024,,
2026-08-20T14:12:54Z,SAT-EO-01,8532,21.14,87.87,-66.42,-8.2672,33.2275,,
2026-08-20T14:13:00Z,SAT-EO-01,8533,20.89,88.15,-66.07,-7.8704,33.2527,,
2026-08-20T14:13:06Z,SAT-EO-01,8534,22.39,87.95,-67.7,-7.4791,33.2776,,
2026-08-20T14:13:12Z,SAT-EO-01,8535,22.01,87.99,-67.96,-7.0793,33.303,,
2026-08-20T14:13:18Z,SAT-EO-01,8536,21.68,88.28,-66.41,-6.6849,33.328,,
2026-08-20T14:13:24Z,SAT-EO-01,8537,22.59,88.47,-66.46,-6.2847,33.3533,,
2026-08-20T14:13:30Z,SAT-EO-01,8538,22.02,88.63,-64.94,-5.8899,33.3783,,
2026-08-20T14:13:36Z,SAT-EO-01,8539,21.74,88.61,-66.47,-5.4985,33.4031,,
2026-08-20T14:13:42Z,SAT-EO-01,8540,22.05,88.49,-68.35,-5.1019,33.4282,,
2026-08-20T14:13:48Z,SAT-EO-01,8541,21.99,88.38,-67.16,-4.7062,33.4532,,
2026-08-20T14:13:54Z,SAT-EO-01,8542,22.14,88.53,-66.15,-4.3149,33.4779,,
2026-08-20T14:14:00Z,SAT-EO-01,8543,22.04,88.36,-66.19,-3.9158,33.5031,,
2026-08-20T14:14:06Z,SAT-EO-01,8544,22.25,88.42,-67.01,-3.5287,33.5276,,
2026-08-20T14:14:12Z,SAT-EO-01,8545,22.74,88.81,-67.16,-3.1334,33.5525,,
2026-08-20T14:14:18Z,SAT-EO-01,8546,22.23,88.25,-68.5,-2.7376,33.5775,,
2026-08-20T14:14:24Z,SAT-EO-01,8547,22.07,88.93,-67.19,-2.3494,33.6019,,
2026-08-20T14:14:30Z,SAT-EO-01,8548,23.01,88.97,-67.94,-1.9507,33.6271,,
2026-08-20T14:14:36Z,SAT-EO-01,8549,21.67,88.94,-67.81,-1.5481,33.6525,,
2026-08-20T14:14:42Z,SAT-EO-01,8550,22.3,88.77,-67.18,-1.1612,33.6768,,
2026-08-20T14:14:48Z,SAT-EO-01,8551,22.68,88.63,-66.08,-0.7548,33.7024,,
2026-08-20T14:14:54Z,SAT-EO-01,8552,22.35,89.23,-65.64,-0.3579,33.7275,,
2026-08-20T14:15:00Z,SAT-EO-01,8553,22.29,88.68,-66.91,0.0417,33.7526,,
2026-08-20T14:15:06Z,SAT-EO-01,8554,22.33,88.87,-66.48,0.4377,33.7776,,
2026-08-20T14:15:12Z,SAT-EO-01,8555,22.71,88.8,-66.65,0.8333,33.8025,,
2026-08-20T14:15:18Z,SAT-EO-01,8556,22.8,88.91,-67.57,1.2389,33.8281,,
2026-08-20T14:15:24Z,SAT-EO-01,8557,23.16,88.96,-66.6,1.6345,33.853,,
2026-08-20T14:15:30Z,SAT-EO-01,8558,22.8,89.36,-66.24,2.0375,33.8784,,
2026-08-20T14:15:36Z,SAT-EO-01,8559,23.02,89.4,-68.08,2.4322,33.9033,,
2026-08-20T14:15:42Z,SAT-EO-01,8560,22.37,89.17,-66.95,2.8256,33.9281,,
2026-08-20T14:15:48Z,SAT-EO-01,8561,22.86,89.04,-67.71,3.2274,33.9534,,
2026-08-20T14:15:54Z,SAT-EO-01,8562,22.28,89.46,-66.9,3.6321,33.979,,
2026-08-20T14:16:00Z,SAT-EO-01,8563,22.92,89.58,-66.89,4.0297,34.0041,,
2026-08-20T14:16:06Z,SAT-EO-01,8564,23.07,89.84,-66.99,4.4241,34.029,,
2026-08-20T14:16:13Z,SAT-EO-01,8565,23.18,89.76,-67.33,4.8282,34.0545,,
2026-08-20T14:16:19Z,SAT-EO-01,8566,22.2,89.78,-66.21,5.2313,34.08,,
2026-08-20T14:16:25Z,SAT-EO-01,8567,23.3,90.25,-66.94,5.6179,34.1044,,
2026-08-20T14:16:31Z,SAT-EO-01,8568,23.07,89.76,-67.24,6.0088,34.1292,,
2026-08-20T14:16:36Z,SAT-EO-01,8569,23.27,90.23,-68.26,6.4027,34.1541,,
2026-08-20T14:16:43Z,SAT-EO-01,8570,22.55,89.87,-67.01,6.8005,34.1793,,
2026-08-20T14:16:49Z,SAT-EO-01,8571,23.05,88.72,-67.68,7.2017,34.2048,,
2026-08-20T14:16:55Z,SAT-EO-01,8572,23.19,90.11,-67.06,7.6054,34.2304,,
2026-08-20T14:17:01Z,SAT-EO-01,8573,22.79,89.98,-65.59,8.008,34.256,,
2026-08-20T14:17:07Z,SAT-EO-01,8574,23.63,89.97,-67.62,8.4068,34.2814,,
2026-08-20T14:17:13Z,SAT-EO-01,8575,22.99,90.22,-67.11,8.8078,34.3069,,
2026-08-20T14:17:19Z,SAT-EO-01,8576,23.21,89.84,-67.77,9.1982,34.3318,,
2026-08-20T14:17:25Z,SAT-EO-01,8577,23.31,90.22,-66.78,9.5937,34.357,,
2026-08-20T14:17:31Z,SAT-EO-01,8578,23.45,89.98,-66.63,9.9946,34.3826,,
2026-08-20T14:17:37Z,SAT-EO-01,8579,22.77,89.99,-66.6,10.3913,34.408,,
2026-08-20T14:17:43Z,SAT-EO-01,8580,22.89,90.24,-67.1,10.7743,34.4325,,
2026-08-20T14:17:49Z,SAT-EO-01,8581,22.69,90.02,-66.41,11.1605,34.4572,,
2026-08-20T14:17:55Z,SAT-EO-01,8582,23.12,90.09,-68.1,11.5489,34.4821,,
2026-08-20T14:18:01Z,SAT-EO-01,8583,23.73,90.03,-67.55,11.9391,34.5072,,
2026-08-20T14:18:07Z,SAT-EO-01,8584,23.28,90.43,-67.72,12.3267,34.5321,,
2026-08-20T14:18:13Z,SAT-EO-01,8585,23.24,90.6,-67.1,12.7232,34.5577,,
2026-08-20T14:18:19Z,SAT-EO-01,8586,23.25,90.95,-67.15,13.1012,34.5821,,
2026-08-20T14:18:25Z,SAT-EO-01,8587,23.67,90.77,-66.79,13.4832,34.6067,,
2026-08-20T14:18:31Z,SAT-EO-01,8588,23.23,90.58,-66.45,13.8736,34.632,,
2026-08-20T14:18:37Z,SAT-EO-01,8589,23.68,90.75,-66.69,14.267,34.6575,,
2026-08-20T14:18:43Z,SAT-EO-01,8590,23.03,90.74,-67.84,14.6499,34.6824,,
2026-08-20T14:18:49Z,SAT-EO-01,8591,23.75,90.56,-67.09,15.0302,34.7071,,
2026-08-20T14:18:55Z,SAT-EO-01,8592,23.16,91.48,-66.56,15.4142,34.7321,,
2026-08-20T14:19:01Z,SAT-EO-01,8593,23.47,90.52,-67.51,15.806,34.7576,,
2026-08-20T14:19:07Z,SAT-EO-01,8594,23.41,90.82,-67.84,16.1942,34.783,,
2026-08-20T14:19:13Z,SAT-EO-01,8595,23.83,90.84,-67.03,16.5736,34.8079,,
2026-08-20T14:19:19Z,SAT-EO-01,8596,23.93,90.55,-67.44,16.9562,34.833,,
2026-08-20T14:19:25Z,SAT-EO-01,8597,23.96,91.01,-68.57,17.3394,34.8582,,
2026-08-20T14:19:32Z,SAT-EO-01,8598,23.33,91.3,-66.69,17.7256,34.8836,,
2026-08-20T14:19:38Z,SAT-EO-01,8599,23.96,91.41,-66.67,18.1002,34.9083,,
2026-08-20T14:19:43Z,SAT-EO-01,8600,23.83,91.04,-65.89,18.4761,34.9332,,
2026-08-20T14:19:49Z,SAT-EO-01,8601,23.9,91.06,-67.89,18.855,34.9583,,
2026-08-20T14:19:56Z,SAT-EO-01,8602,24.97,91.42,-67.9,19.2379,34.9838,,
2026-08-20T14:20:02Z,SAT-EO-01,8603,23.78,91.35,-67.14,19.6115,35.0086,,
2026-08-20T14:20:07Z,SAT-EO-01,8604,23.75,91.34,-66.92,19.977,35.033,,
2026-08-20T14:20:13Z,SAT-EO-01,8605,23.95,91.2,-67.62,20.352,35.0581,,
2026-08-20T14:20:19Z,SAT-EO-01,8606,23.63,91.58,-67.42,20.7258,35.0832,,
2026-08-20T14:20:25Z,SAT-EO-01,8607,23.83,91.17,-67.85,21.0971,35.1081,,
2026-08-20T14:20:31Z,SAT-EO-01,8608,24.15,91.23,-65.94,21.4705,35.1333,,
2026-08-20T14:20:37Z,SAT-EO-01,8609,23.72,91.73,-67.03,21.8405,35.1583,,
2026-08-20T14:20:43Z,SAT-EO-01,8610,23.77,91.42,-67.66,22.2103,35.1833,,
2026-08-20T14:20:50Z,SAT-EO-01,8611,23.69,91.66,-66.19,22.583,35.2086,,
2026-08-20T14:20:56Z,SAT-EO-01,8612,24.67,91.46,-67.03,22.9579,35.2342,,
2026-08-20T14:21:02Z,SAT-EO-01,8613,24.3,91.76,-67.1,23.317,35.2587,,
2026-08-20T14:21:07Z,SAT-EO-01,8614,24.61,91.46,-67.19,23.6763,35.2833,,
2026-08-20T14:21:13Z,SAT-EO-01,8615,24.39,91.3,-67.97,24.036,35.308,,
2026-08-20T14:21:19Z,SAT-EO-01,8616,24.82,92.0,-67.48,24.3954,35.3327,,
2026-08-20T14:21:25Z,SAT-EO-01,8617,24.46,91.83,-68.49,24.753,35.3574,,
2026-08-20T14:21:31Z,SAT-EO-01,8618,24.41,91.6,-69.06,25.121,35.3829,,
2026-08-20T14:21:37Z,SAT-EO-01,8619,23.98,92.31,-67.95,25.4834,35.4081,,
2026-08-20T14:21:43Z,SAT-EO-01,8620,24.04,92.0,-67.2,25.8443,35.4332,,
2026-08-20T14:21:50Z,SAT-EO-01,8621,24.85,91.69,-67.03,26.2045,35.4584,,
2026-08-20T14:21:56Z,SAT-EO-01,8622,24.82,92.21,-67.21,26.5684,35.484,,
2026-08-20T14:22:02Z,SAT-EO-01,8623,24.48,91.85,-68.69,26.9264,35.5092,,
2026-08-20T14:22:08Z,SAT-EO-01,8624,23.93,91.78,-69.0,27.2833,35.5344,,
2026-08-20T14:22:14Z,SAT-EO-01,8625,24.64,92.32,-69.07,27.6347,35.5593,,
2026-08-20T14:22:20Z,SAT-EO-01,8626,24.41,92.21,-66.6,27.9885,35.5844,,
2026-08-20T14:22:26Z,SAT-EO-01,8627,25.13,92.25,-68.55,28.3338,35.609,,
2026-08-20T14:22:32Z,SAT-EO-01,8628,25.03,92.46,-68.17,28.6882,35.6344,,
2026-08-20T14:22:38Z,SAT-EO-01,8629,25.2,92.37,-68.73,29.0333,35.6592,,
2026-08-20T14:22:44Z,SAT-EO-01,8630,25.13,92.05,-68.27,29.3806,35.6843,,
2026-08-20T14:22:50Z,SAT-EO-01,8631,24.37,92.5,-69.33,29.7194,35.7088,,
2026-08-20T14:22:56Z,SAT-EO-01,8632,24.57,92.56,-67.69,30.067,35.734,,
2026-08-20T14:23:02Z,SAT-EO-01,8633,24.4,92.31,-69.53,30.4082,35.7589,,
2026-08-20T14:23:08Z,SAT-EO-01,8634,24.57,92.6,-69.94,30.7456,35.7836,,
2026-08-20T14:23:14Z,SAT-EO-01,8635,24.91,93.19,-68.22,31.0839,35.8085,,
2026-08-20T14:23:20Z,SAT-EO-01,8636,24.68,92.6,-68.87,31.4222,35.8335,,
2026-08-20T14:23:26Z,SAT-EO-01,8637,24.9,93.18,-68.99,31.7645,35.8588,,
2026-08-20T14:23:32Z,SAT-EO-01,8638,24.25,92.78,-67.9,32.1028,35.884,,
2026-08-20T14:23:38Z,SAT-EO-01,8639,24.58,92.89,-67.23,32.4336,35.9087,,
2026-08-20T14:23:44Z,SAT-EO-01,8640,24.9,93.04,-67.36,32.7636,35.9335,,
2026-08-20T14:23:50Z,SAT-EO-01,8641,25.09,93.02,-67.9,33.0943,35.9584,,
2026-08-20T14:23:56Z,SAT-EO-01,8642,24.82,93.04,-67.91,33.4285,35.9837,,
2026-08-20T14:24:02Z,SAT-EO-01,8643,25.49,92.62,-68.74,33.7553,36.0086,,
2026-08-20T14:24:08Z,SAT-EO-01,8644,24.98,92.97,-67.08,34.0805,36.0334,,
2026-08-20T14:24:14Z,SAT-EO-01,8645,25.34,93.36,-69.13,34.4067,36.0584,,
2026-08-20T14:24:20Z,SAT-EO-01,8646,25.07,92.77,-69.79,34.7365,36.0838,,
2026-08-20T14:24:26Z,SAT-EO-01,8647,24.95,92.98,-68.59,35.0664,36.1094,,
2026-08-20T14:24:32Z,SAT-EO-01,8648,24.88,92.88,-69.32,35.3938,36.1349,,
2026-08-20T14:24:38Z,SAT-EO-01,8649,25.17,93.28,-68.33,35.7149,36.16,,
2026-08-20T14:24:44Z,SAT-EO-01,8650,24.94,93.0,-69.84,36.0279,36.1846,,
2026-08-20T14:24:50Z,SAT-EO-01,8651,25.0,93.34,-68.73,36.3516,36.2102,,
2026-08-20T14:24:56Z,SAT-EO-01,8652,25.62,93.89,-69.62,36.6617,36.2348,,
2026-08-20T14:25:02Z,SAT-EO-01,8653,25.29,92.99,-69.44,36.9818,36.2603,,
2026-08-20T14:25:08Z,SAT-EO-01,8654,24.88,93.22,-68.76,37.2888,36.2849,,
2026-08-20T14:25:14Z,SAT-EO-01,8655,25.68,93.32,-69.29,37.5976,36.3098,,
2026-08-20T14:25:20Z,SAT-EO-01,8656,25.09,93.64,-69.93,37.9049,36.3347,,
2026-08-20T14:25:26Z,SAT-EO-01,8657,25.24,93.28,-70.64,38.206,36.3593,,
2026-08-20T14:25:32Z,SAT-EO-01,8658,25.41,93.4,-69.56,38.5148,36.3846,,
2026-08-20T14:25:38Z,SAT-EO-01,8659,25.46,93.67,-69.71,38.8239,36.41,,
2026-08-20T14:25:44Z,SAT-EO-01,8660,25.5,93.62,-69.62,39.1221,36.4348,,
2026-08-20T14:25:50Z,SAT-EO-01,8661,24.78,93.47,-68.12,39.4223,36.4598,,
2026-08-20T14:25:56Z,SAT-EO-01,8662,25.65,93.45,-69.22,39.7192,36.4847,,
2026-08-20T14:26:02Z,SAT-EO-01,8663,25.34,93.91,-69.17,40.0102,36.5092,,
2026-08-20T14:26:08Z,SAT-EO-01,8664,25.49,93.62,-71.3,40.3039,36.5341,,
2026-08-20T14:26:14Z,SAT-EO-01,8665,26.04,93.62,-70.01,40.5977,36.5591,,
2026-08-20T14:26:20Z,SAT-EO-01,8666,25.66,93.77,-69.3,40.8829,36.5836,,
2026-08-20T14:26:25Z,SAT-EO-01,8667,25.02,93.92,-68.04,41.1674,36.6082,,
2026-08-20T14:26:32Z,SAT-EO-01,8668,25.39,94.02,-68.83,41.4605,36.6336,,
2026-08-20T14:26:38Z,SAT-EO-01,8669,25.95,93.74,-69.56,41.7514,36.6591,,
2026-08-20T14:26:44Z,SAT-EO-01,8670,24.47,94.1,-69.7,42.0317,36.6837,,
2026-08-20T14:26:50Z,SAT-EO-01,8671,25.14,94.21,-70.08,42.3115,36.7085,,
2026-08-20T14:26:55Z,SAT-EO-01,8672,26.2,93.76,-70.15,42.5897,36.7333,,
2026-08-20T14:27:02Z,SAT-EO-01,8673,25.71,94.15,-69.53,42.8734,36.7588,,
2026-08-20T14:27:08Z,SAT-EO-01,8674,25.34,94.08,-69.92,43.1494,36.7837,,
2026-08-20T14:27:14Z,SAT-EO-01,8675,26.31,93.97,-71.62,43.4287,36.8091,,
2026-08-20T14:27:20Z,SAT-EO-01,8676,26.2,94.28,-69.53,43.7062,36.8346,,
2026-08-20T14:27:26Z,SAT-EO-01,8677,25.79,94.43,-69.78,43.9792,36.8598,,
2026-08-20T14:27:32Z,SAT-EO-01,8678,25.59,94.45,-70.78,44.2538,36.8853,,
2026-08-20T14:27:38Z,SAT-EO-01,8679,25.89,94.29,-69.15,44.5178,36.91,,
2026-08-20T14:27:44Z,SAT-EO-01,8680,25.98,93.97,-71.58,44.787,36.9354,,
2026-08-20T14:27:50Z,SAT-EO-01,8681,25.64,94.58,-70.84,45.0535,36.9607,,
2026-08-20T14:27:56Z,SAT-EO-01,8682,25.97,94.56,-70.61,45.3118,36.9854,,
2026-08-20T14:28:02Z,SAT-EO-01,8683,25.9,93.95,-70.37,45.5718,37.0105,,
2026-08-20T14:28:08Z,SAT-EO-01,8684,25.67,94.23,-70.57,45.8289,37.0355,,
2026-08-20T14:28:14Z,SAT-EO-01,8685,26.14,94.67,-69.13,46.0888,37.061,,
2026-08-20T14:28:20Z,SAT-EO-01,8686,26.2,94.36,-70.31,46.3374,37.0856,,
2026-08-20T14:28:26Z,SAT-EO-01,8687,26.56,94.75,-70.91,46.5904,37.1107,,
2026-08-20T14:28:32Z,SAT-EO-01,8688,26.25,94.28,-70.52,46.8425,37.1361,,
2026-08-20T14:28:38Z,SAT-EO-01,8689,25.86,94.72,-72.23,47.0884,37.161,,
2026-08-20T14:28:44Z,SAT-EO-01,8690,25.0,93.84,-70.6,47.3348,37.1861,,
2026-08-20T14:28:50Z,SAT-EO-01,8691,26.19,94.4,-70.05,47.5751,37.2108,,
2026-08-20T14:28:56Z,SAT-EO-01,8692,25.75,94.39,-71.3,47.8199,37.2363,,
2026-08-20T14:29:02Z,SAT-EO-01,8693,25.88,94.4,-70.57,48.0543,37.2608,,
2026-08-20T14:29:08Z,SAT-EO-01,8694,26.29,94.4,-70.55,48.285,37.2852,,
2026-08-20T14:29:14Z,SAT-EO-01,8695,26.07,95.06,-72.06,48.5144,37.3096,,
2026-08-20T14:29:20Z,SAT-EO-01,8696,26.82,94.88,-70.51,48.7418,37.3341,,
2026-08-20T14:29:26Z,SAT-EO-01,8697,26.51,94.2,-69.89,48.9669,37.3585,,
2026-08-20T14:29:32Z,SAT-EO-01,8698,26.84,94.72,-70.71,49.1973,37.3838,,
2026-08-20T14:29:38Z,SAT-EO-01,8699,26.47,95.18,-69.84,49.4241,37.4088,,
2026-08-20T14:29:44Z,SAT-EO-01,8700,25.73,94.46,-70.8,49.6496,37.434,,
2026-08-20T14:29:50Z,SAT-EO-01,8701,26.53,95.08,-71.26,49.8714,37.459,,
2026-08-20T14:29:56Z,SAT-EO-01,8702,25.84,94.7,-70.48,50.0867,37.4836,,
2026-08-20T14:30:02Z,SAT-EO-01,8703,26.41,95.26,-72.55,50.307,37.5089,,
2026-08-20T14:30:08Z,SAT-EO-01,8704,26.61,94.84,-71.45,50.5187,37.5335,,
2026-08-20T14:30:14Z,SAT-EO-01,8705,26.49,94.73,-72.23,50.7363,37.559,,
2026-08-20T14:30:20Z,SAT-EO-01,8706,25.7,94.81,-70.84,50.946,37.5839,,
2026-08-20T14:30:26Z,SAT-EO-01,8707,25.93,95.13,-71.1,51.1579,37.6093,,
2026-08-20T14:30:32Z,SAT-EO-01,8708,26.27,95.37,-70.66,51.3604,37.6339,,
2026-08-20T14:30:38Z,SAT-EO-01,8709,26.63,94.92,-71.38,51.566,37.6591,,
2026-08-20T14:30:44Z,SAT-EO-01,8710,26.93,95.2,-71.39,51.7688,37.6842,,
2026-08-20T14:30:50Z,SAT-EO-01,8711,26.12,94.85,-71.39,51.9722,37.7097,,
2026-08-20T14:30:56Z,SAT-EO-01,8712,26.55,95.01,-73.2,52.1649,37.7341,,
2026-08-20T14:31:02Z,SAT-EO-01,8713,26.0,94.83,-71.37,52.3631,37.7595,,
2026-08-20T14:31:08Z,SAT-EO-01,8714,27.49,95.08,-72.21,52.5515,37.784,,
2026-08-20T14:31:14Z,SAT-EO-01,8715,27.3,95.03,-71.27,52.7383,37.8085,,
2026-08-20T14:31:20Z,SAT-EO-01,8716,27.13,95.08,-72.11,52.9253,37.8334,,
2026-08-20T14:31:25Z,SAT-EO-01,8717,27.03,95.05,-72.4,53.1103,37.8583,,
2026-08-20T14:31:31Z,SAT-EO-01,8718,26.34,95.29,-71.22,53.2942,37.8833,,
2026-08-20T14:31:37Z,SAT-EO-01,8719,26.79,95.23,-71.95,53.4721,37.9079,,
2026-08-20T14:31:43Z,SAT-EO-01,8720,26.88,94.87,-71.93,53.6532,37.9332,,
2026-08-20T14:31:49Z,SAT-EO-01,8721,26.22,95.22,-71.83,53.8274,37.9579,,
2026-08-20T14:31:56Z,SAT-EO-01,8722,26.09,94.85,-70.62,54.0055,37.9834,,
2026-08-20T14:32:01Z,SAT-EO-01,8723,26.76,95.05,-72.14,54.175,38.0081,,
2026-08-20T14:32:07Z,SAT-EO-01,8724,26.96,95.27,-71.82,54.3448,38.0332,,
2026-08-20T14:32:13Z,SAT-EO-01,8725,26.91,95.64,-72.88,54.5106,38.058,,
2026-08-20T14:32:20Z,SAT-EO-01,8726,26.92,95.47,-72.14,54.6778,38.0834,,
2026-08-20T14:32:26Z,SAT-EO-01,8727,26.56,95.65,-71.77,54.8424,38.1088,,
2026-08-20T14:32:32Z,SAT-EO-01,8728,26.72,95.77,-72.36,55.0013,38.1336,,
2026-08-20T14:32:37Z,SAT-EO-01,8729,26.94,95.61,-71.47,55.1565,38.1583,,
2026-08-20T14:32:43Z,SAT-EO-01,8730,26.81,95.39,-72.08,55.3108,38.1832,,
2026-08-20T14:32:49Z,SAT-EO-01,8731,26.96,95.96,-72.62,55.4607,38.2077,,
2026-08-20T14:32:55Z,SAT-EO-01,8732,26.41,95.68,-70.94,55.6097,38.2325,,
2026-08-20T14:33:01Z,SAT-EO-01,8733,26.4,95.72,-72.81,55.7544,38.257,,
2026-08-20T14:33:07Z,SAT-EO-01,8734,26.82,95.57,-72.46,55.9033,38.2826,,
2026-08-20T14:33:13Z,SAT-EO-01,8735,27.11,95.41,-73.25,56.0465,38.3077,,
2026-08-20T14:33:19Z,SAT-EO-01,8736,27.01,95.49,-71.85,56.184,38.3321,,
2026-08-20T14:33:25Z,SAT-EO-01,8737,26.35,95.74,-72.8,56.3194,38.3567,,
2026-08-20T14:33:31Z,SAT-EO-01,8738,26.72,95.19,-73.26,56.4583,38.3823,,
2026-08-20T14:33:37Z,SAT-EO-01,8739,26.49,95.14,-72.26,56.5941,38.4078,,
2026-08-20T14:33:43Z,SAT-EO-01,8740,26.7,95.63,-72.28,56.725,38.4328,,
2026-08-20T14:33:49Z,SAT-EO-01,8741,26.23,95.54,-71.62,56.8542,38.4581,,
2026-08-20T14:33:56Z,SAT-EO-01,8742,27.33,95.71,-71.88,56.9812,38.4834,,
2026-08-20T14:34:01Z,SAT-EO-01,8743,26.68,96.05,-72.81,57.1032,38.5081,,
2026-08-20T14:34:07Z,SAT-EO-01,8744,26.68,95.52,-72.48,57.2221,38.5328,,
2026-08-20T14:34:13Z,SAT-EO-01,8745,26.18,95.82,-71.69,57.3424,38.5583,,
2026-08-20T14:34:20Z,SAT-EO-01,8746,27.02,95.65,-72.64,57.4586,38.5834,,
2026-08-20T14:34:26Z,SAT-EO-01,8747,26.47,95.82,-71.62,57.5736,38.6089,,
2026-08-20T14:34:32Z,SAT-EO-01,8748,26.95,95.88,-71.6,57.6839,38.6338,,
2026-08-20T14:34:37Z,SAT-EO-01,8749,26.36,95.64,-72.82,57.7893,38.6582,,
2026-08-20T14:34:43Z,SAT-EO-01,8750,26.74,96.23,-72.17,57.8933,38.6829,,
2026-08-20T14:34:49Z,SAT-EO-01,8751,26.15,95.92,-72.9,57.9954,38.7077,,
2026-08-20T14:34:55Z,SAT-EO-01,8752,26.91,95.84,-71.4,58.0957,38.7326,,
2026-08-20T14:35:01Z,SAT-EO-01,8753,26.83,95.73,-72.08,58.1958,38.7582,,
2026-08-20T14:35:07Z,SAT-EO-01,8754,26.62,95.69,-73.24,58.2912,38.7832,,
2026-08-20T14:35:13Z,SAT-EO-01,8755,26.88,95.5,-72.18,58.3841,38.8082,,
2026-08-20T14:35:19Z,SAT-EO-01,8756,26.25,95.96,-72.5,58.4741,38.8332,,
2026-08-20T14:35:25Z,SAT-EO-01,8757,26.59,95.76,-72.27,58.5605,38.8578,,
2026-08-20T14:35:31Z,SAT-EO-01,8758,27.21,96.37,-73.92,58.6444,38.8825,,
2026-08-20T14:35:37Z,SAT-EO-01,8759,27.25,96.13,-72.61,58.7257,38.9071,,
2026-08-20T14:35:43Z,SAT-EO-01,8760,27.25,95.5,-72.15,58.806,38.9322,,
2026-08-20T14:35:49Z,SAT-EO-01,8761,27.25,95.99,-72.26,58.8845,38.9575,,
2026-08-20T14:35:55Z,SAT-EO-01,8762,27.36,95.82,-72.25,58.9581,38.9821,,
2026-08-20T14:36:01Z,SAT-EO-01,8763,26.55,95.81,-72.64,59.0321,39.0076,,
2026-08-20T14:36:07Z,SAT-EO-01,8764,27.03,95.71,-70.89,59.1028,39.033,,
2026-08-20T14:36:14Z,SAT-EO-01,8765,26.64,96.0,-71.04,59.1712,39.0585,,
2026-08-20T14:36:20Z,SAT-EO-01,8766,27.06,96.13,-73.38,59.2369,39.084,,
2026-08-20T14:36:26Z,SAT-EO-01,8767,27.43,96.01,-71.8,59.2996,39.1094,,
2026-08-20T14:36:32Z,SAT-EO-01,8768,27.03,95.88,-72.83,59.3591,39.1345,,
2026-08-20T14:36:38Z,SAT-EO-01,8769,27.28,96.13,-71.04,59.4145,39.159,,
2026-08-20T14:36:44Z,SAT-EO-01,8770,27.34,96.01,-73.47,59.4688,39.1842,,
2026-08-20T14:36:50Z,SAT-EO-01,8771,27.4,96.45,-73.51,59.5202,39.2091,,
2026-08-20T14:36:56Z,SAT-EO-01,8772,27.35,96.3,-73.37,59.5686,39.234,,
2026-08-20T14:37:02Z,SAT-EO-01,8773,26.62,95.95,-71.97,59.6147,39.2589,,
2026-08-20T14:37:08Z,SAT-EO-01,8774,27.27,95.7,-72.56,59.6583,39.2839,,
2026-08-20T14:37:14Z,SAT-EO-01,8775,26.85,95.69,-74.38,59.699,39.3087,,
2026-08-20T14:37:20Z,SAT-EO-01,8776,27.67,95.47,-72.93,59.7376,39.3338,,
2026-08-20T14:37:26Z,SAT-EO-01,8777,26.71,95.81,-72.26,59.7727,39.3584,,
2026-08-20T14:37:32Z,SAT-EO-01,8778,27.18,95.63,-72.14,59.8063,39.3837,,
2026-08-20T14:37:38Z,SAT-EO-01,8779,26.8,96.01,-69.99,59.8371,39.4089,,
2026-08-20T14:37:44Z,SAT-EO-01,8780,27.26,96.44,-72.41,59.8655,39.4344,,
2026-08-20T14:37:50Z,SAT-EO-01,8781,27.33,95.98,-73.58,59.8903,39.4588,,
2026-08-20T14:37:56Z,SAT-EO-01,8782,26.97,95.61,-73.31,59.9126,39.4835,,
2026-08-20T14:38:02Z,SAT-EO-01,8783,26.56,95.71,-72.22,59.9326,39.5083,,
2026-08-20T14:38:08Z,SAT-EO-01,8784,27.52,96.29,-73.29,59.9502,39.5335,,
2026-08-20T14:38:14Z,SAT-EO-01,8785,26.6,96.18,-72.79,59.9653,39.559,,
2026-08-20T14:38:20Z,SAT-EO-01,8786,27.22,96.42,-73.6,59.9774,39.5838,,
2026-08-20T14:38:26Z,SAT-EO-01,8787,27.68,95.74,-73.08,59.9869,39.6084,,
2026-08-20T14:38:31Z,SAT-EO-01,8788,26.74,97.0,-74.23,59.9938,39.6331,,
2026-08-20T14:38:38Z,SAT-EO-01,8789,27.32,95.94,-72.85,59.9982,39.6585,,
2026-08-20T14:38:44Z,SAT-EO-01,8790,27.4,95.84,-72.31,60.0,39.684,,
2026-08-20T14:38:50Z,SAT-EO-01,8791,26.65,95.82,-72.0,59.9991,39.7086,,
2026-08-20T14:38:56Z,SAT-EO-01,8792,27.63,96.14,-73.46,59.9955,39.7337,,
2026-08-20T14:39:02Z,SAT-EO-01,8793,27.05,96.0,-73.59,59.9894,39.7586,,
2026-08-20T14:39:08Z,SAT-EO-01,8794,26.46,96.09,-72.84,59.9805,39.7838,,
2026-08-20T14:39:14Z,SAT-EO-01,8795,27.34,95.7,-73.5,59.9691,39.8087,,
2026-08-20T14:39:20Z,SAT-EO-01,8796,26.51,95.78,-72.84,59.9548,39.8342,,
2026-08-20T14:39:26Z,SAT-EO-01,8797,26.88,96.57,-72.03,59.9382,39.859,,
2026-08-20T14:39:32Z,SAT-EO-01,8798,27.25,95.98,-73.07,59.9189,39.884,,
2026-08-20T14:39:38Z,SAT-EO-01,8799,26.79,95.75,-73.47,59.8972,39.9088,,
2026-08-20T14:39:43Z,SAT-EO-01,8800,26.95,95.47,-73.16,59.8732,39.9333,,
2026-08-20T14:39:50Z,SAT-EO-01,8801,27.06,95.8,-72.41,59.8455,39.9588,,
2026-08-20T14:39:55Z,SAT-EO-01,8802,26.8,95.92,-74.24,59.8164,39.9833,,
2026-08-20T14:40:02Z,SAT-EO-01,8803,26.95,96.12,-72.31,59.7836,40.0086,,
2026-08-20T14:40:08Z,SAT-EO-01,8804,27.3,95.96,-72.94,59.7485,40.0337,,
2026-08-20T14:40:14Z,SAT-EO-01,8805,26.93,96.34,-74.05,59.711,40.0586,,
2026-08-20T14:40:19Z,SAT-EO-01,8806,26.69,95.85,-73.15,59.6718,40.083,,
2026-08-20T14:40:25Z,SAT-EO-01,8807,26.83,96.41,-73.16,59.6293,40.1079,,
2026-08-20T14:40:31Z,SAT-EO-01,8808,27.11,96.28,-73.84,59.5842,40.1328,,
2026-08-20T14:40:37Z,SAT-EO-01,8809,27.04,95.87,-72.51,59.536,40.1579,,
2026-08-20T14:40:43Z,SAT-EO-01,8810,26.05,95.48,-71.91,59.4865,40.1824,,
2026-08-20T14:40:49Z,SAT-EO-01,8811,26.74,95.92,-73.5,59.4333,40.2074,,
2026-08-20T14:40:55Z,SAT-EO-01,8812,26.82,96.09,-73.2,59.3776,40.2324,,
2026-08-20T14:41:01Z,SAT-EO-01,8813,26.64,95.28,-73.59,59.3184,40.2578,,
2026-08-20T14:41:08Z,SAT-EO-01,8814,26.59,95.89,-72.74,59.256,40.2834,,
2026-08-20T14:41:13Z,SAT-EO-01,8815,26.98,96.13,-71.98,59.1931,40.3081,,
2026-08-20T14:41:19Z,SAT-EO-01,8816,27.23,95.91,-72.23,59.1279,40.3327,,
2026-08-20T14:41:25Z,SAT-EO-01,8817,27.48,95.49,-71.74,59.0606,40.3572,,
2026-08-20T14:41:31Z,SAT-EO-01,8818,26.58,96.04,-71.81,58.988,40.3827,,
2026-08-20T14:41:37Z,SAT-EO-01,8819,26.81,95.46,-72.5,58.9141,40.4077,,
2026-08-20T14:41:43Z,SAT-EO-01,8820,26.85,95.95,-73.05,58.8361,40.4332,,
2026-08-20T14:41:50Z,SAT-EO-01,8821,26.89,95.96,-72.64,58.7562,40.4585,,
2026-08-20T14:41:55Z,SAT-EO-01,8822,27.53,95.59,-73.44,58.6763,40.483,,
2026-08-20T14:42:01Z,SAT-EO-01,8823,27.03,95.79,-72.8,58.5912,40.5082,,
2026-08-20T14:42:08Z,SAT-EO-01,8824,27.74,95.61,-72.28,58.5037,40.5335,,
2026-08-20T14:42:14Z,SAT-EO-01,8825,26.97,95.96,-72.53,58.4132,40.5588,,
2026-08-20T14:42:20Z,SAT-EO-01,8826,26.91,95.93,-72.16,58.3191,40.5843,,
2026-08-20T14:42:26Z,SAT-EO-01,8827,26.68,95.97,-74.26,58.2264,40.6089,,
2026-08-20T14:42:32Z,SAT-EO-01,8828,27.34,95.99,-72.98,58.1301,40.6337,,
2026-08-20T14:42:38Z,SAT-EO-01,8829,27.58,95.84,-72.64,58.0292,40.659,,
2026-08-20T14:42:44Z,SAT-EO-01,8830,26.91,95.94,-72.55,57.9267,40.6841,,
2026-08-20T14:42:50Z,SAT-EO-01,8831,26.81,95.72,-71.07,57.8228,40.7089,,
2026-08-20T14:42:56Z,SAT-EO-01,8832,26.5,95.99,-74.17,57.7156,40.7339,,
2026-08-20T14:43:02Z,SAT-EO-01,8833,27.0,95.91,-72.44,57.604,40.7593,,
2026-08-20T14:43:08Z,SAT-EO-01,8834,27.01,95.46,-73.48,57.4945,40.7837,,
2026-08-20T14:43:14Z,SAT-EO-01,8835,26.84,95.3,-72.52,57.3795,40.8088,,
2026-08-20T14:43:20Z,SAT-EO-01,8836,26.62,95.58,-71.81,57.2593,40.8344,,
2026-08-20T14:43:26Z,SAT-EO-01,8837,27.15,95.27,-73.16,57.1369,40.8599,,
2026-08-20T14:43:32Z,SAT-EO-01,8838,27.23,95.97,-72.51,57.0154,40.8847,,
2026-08-20T14:43:38Z,SAT-EO-01,8839,27.28,95.91,-71.83,56.8931,40.9092,,
2026-08-20T14:43:44Z,SAT-EO-01,8840,26.79,95.93,-71.03,56.7651,40.9344,,
2026-08-20T14:43:50Z,SAT-EO-01,8841,26.79,95.51,-73.36,56.6339,40.9596,,
2026-08-20T14:43:56Z,SAT-EO-01,8842,26.91,95.49,-72.86,56.5047,40.9841,,
2026-08-20T14:44:02Z,SAT-EO-01,8843,26.94,95.49,-71.6,56.3674,41.0096,,
2026-08-20T14:44:08Z,SAT-EO-01,8844,26.41,95.46,-72.75,56.2308,41.0344,,
2026-08-20T14:44:14Z,SAT-EO-01,8845,27.07,95.13,-72.44,56.0899,41.0597,,
2026-08-20T14:44:20Z,SAT-EO-01,8846,26.2,95.2,-72.52,55.9476,41.0847,,
2026-08-20T14:44:26Z,SAT-EO-01,8847,26.5,95.62,-72.48,55.8033,41.1096,,
2026-08-20T14:44:32Z,SAT-EO-01,8848,26.6,95.3,-72.67,55.659,41.1342,,
2026-08-20T14:44:38Z,SAT-EO-01,8849,26.4,95.22,-72.44,55.5117,41.1588,,
2026-08-20T14:44:44Z,SAT-EO-01,8850,26.43,95.3,-72.52,55.3585,41.1841,,
2026-08-20T14:44:50Z,SAT-EO-01,8851,27.07,95.44,-72.03,55.2076,41.2085,,
2026-08-20T14:44:56Z,SAT-EO-01,8852,26.39,95.67,-71.86,55.0498,41.2337,,
2026-08-20T14:45:02Z,SAT-EO-01,8853,26.56,95.27,-71.75,54.8878,41.2592,,
2026-08-20T14:45:08Z,SAT-EO-01,8854,26.65,95.25,-72.64,54.7239,41.2845,,
2026-08-20T14:45:14Z,SAT-EO-01,8855,27.48,94.98,-72.64,54.5578,41.3099,,
2026-08-20T14:45:20Z,SAT-EO-01,8856,26.66,95.32,-71.03,54.3884,41.3353,,
2026-08-20T14:45:26Z,SAT-EO-01,8857,26.19,95.46,-72.1,54.2186,41.3605,,
2026-08-20T14:45:32Z,SAT-EO-01,8858,26.79,95.11,-71.92,54.051,41.385,,
2026-08-20T14:45:38Z,SAT-EO-01,8859,27.36,94.55,-70.38,53.8812,41.4094,,
2026-08-20T14:45:44Z,SAT-EO-01,8860,26.85,95.75,-72.53,53.7039,41.4346,,
2026-08-20T14:45:50Z,SAT-EO-01,8861,25.79,94.96,-72.69,53.5276,41.4594,,
2026-08-20T14:45:56Z,SAT-EO-01,8862,26.24,96.02,-71.34,53.3509,41.4839,,
2026-08-20T14:46:02Z,SAT-EO-01,8863,26.5,95.31,-71.57,53.1697,41.5087,,
2026-08-20T14:46:07Z,SAT-EO-01,8864,26.81,94.78,-71.82,52.9876,41.5333,,
2026-08-20T14:46:13Z,SAT-EO-01,8865,26.94,95.5,-71.19,52.8028,41.5579,,
2026-08-20T14:46:19Z,SAT-EO-01,8866,26.13,95.08,-73.35,52.6113,41.5832,,
2026-08-20T14:46:26Z,SAT-EO-01,8867,27.25,95.23,-72.46,52.4161,41.6086,,
2026-08-20T14:46:32Z,SAT-EO-01,8868,26.32,94.58,-71.23,52.217,41.6342,,
2026-08-20T14:46:38Z,SAT-EO-01,8869,25.94,95.22,-71.92,52.0183,41.6595,,
2026-08-20T14:46:44Z,SAT-EO-01,8870,27.23,95.17,-70.66,51.8212,41.6843,,
2026-08-20T14:46:50Z,SAT-EO-01,8871,26.59,94.99,-71.1,51.6174,41.7096,,
2026-08-20T14:46:56Z,SAT-EO-01,8872,25.62,94.98,-70.16,51.4096,41.7351,,
2026-08-20T14:47:02Z,SAT-EO-01,8873,26.19,94.57,-71.77,51.2038,41.7601,,
2026-08-20T14:47:08Z,SAT-EO-01,8874,26.3,95.47,-71.54,50.9963,41.7851,,
2026-08-20T14:47:14Z,SAT-EO-01,8875,26.19,95.16,-70.1,50.7859,41.8101,,
2026-08-20T14:47:20Z,SAT-EO-01,8876,25.63,95.3,-71.99,50.5767,41.8347,,
2026-08-20T14:47:26Z,SAT-EO-01,8877,26.36,95.07,-71.26,50.363,41.8596,,
2026-08-20T14:47:32Z,SAT-EO-01,8878,25.84,95.06,-70.94,50.1433,41.885,,
2026-08-20T14:47:38Z,SAT-EO-01,8879,25.81,95.0,-70.08,49.9216,41.9103,,
2026-08-20T14:47:44Z,SAT-EO-01,8880,26.37,95.25,-71.95,49.6995,41.9354,,
2026-08-20T14:47:50Z,SAT-EO-01,8881,26.54,95.04,-72.52,49.4801,41.9599,,
2026-08-20T14:47:56Z,SAT-EO-01,8882,26.23,94.57,-71.03,49.2512,41.9853,,
2026-08-20T14:48:02Z,SAT-EO-01,8883,26.34,95.08,-70.57,49.0187,42.0108,,
2026-08-20T14:48:08Z,SAT-EO-01,8884,26.13,95.22,-70.58,48.7856,42.0362,,
2026-08-20T14:48:14Z,SAT-EO-01,8885,25.92,94.45,-70.11,48.5561,42.0609,,
2026-08-20T14:48:20Z,SAT-EO-01,8886,25.82,94.67,-69.67,48.3261,42.0854,,
2026-08-20T14:48:26Z,SAT-EO-01,8887,26.15,94.13,-71.41,48.0912,42.1103,,
2026-08-20T14:48:32Z,SAT-EO-01,8888,25.46,94.92,-70.26,47.85,42.1356,,
2026-08-20T14:48:38Z,SAT-EO-01,8889,25.89,94.69,-70.78,47.607,42.1609,,
2026-08-20T14:48:44Z,SAT-EO-01,8890,26.12,94.7,-69.26,47.3618,42.1861,,
2026-08-20T14:48:50Z,SAT-EO-01,8891,25.9,94.14,-70.85,47.111,42.2118,,
2026-08-20T14:48:56Z,SAT-EO-01,8892,25.94,94.24,-69.04,46.8616,42.237,,
2026-08-20T14:49:02Z,SAT-EO-01,8893,25.66,94.75,-70.79,46.6149,42.2618,,
2026-08-20T14:49:08Z,SAT-EO-01,8894,25.8,94.58,-69.86,46.368,42.2864,,
2026-08-20T14:49:14Z,SAT-EO-01,8895,26.58,94.28,-70.69,46.1151,42.3114,,
2026-08-20T14:49:20Z,SAT-EO-01,8896,25.72,94.27,-72.32,45.8593,42.3365,,
2026-08-20T14:49:26Z,SAT-EO-01,8897,25.63,94.25,-70.4,45.601,42.3616,,
2026-08-20T14:49:32Z,SAT-EO-01,8898,25.5,94.55,-70.8,45.3464,42.3862,,
2026-08-20T14:49:38Z,SAT-EO-01,8899,26.01,93.99,-70.85,45.0851,42.4113,,
2026-08-20T14:49:44Z,SAT-EO-01,8900,25.95,94.52,-71.52,44.8247,42.436,,
2026-08-20T14:49:50Z,SAT-EO-01,8901,25.71,94.49,-71.03,44.5639,42.4607,,
2026-08-20T14:49:56Z,SAT-EO-01,8902,24.96,93.94,-70.3,44.2939,42.486,,
2026-08-20T14:50:02Z,SAT-EO-01,8903,25.81,93.79,-71.53,44.0292,42.5106,,
2026-08-20T14:50:08Z,SAT-EO-01,8904,26.2,94.17,-70.24,43.7558,42.5359,,
2026-08-20T14:50:14Z,SAT-EO-01,8905,25.99,93.88,-69.22,43.477,42.5615,,
2026-08-20T14:50:20Z,SAT-EO-01,8906,25.42,94.21,-70.71,43.2043,42.5863,,
2026-08-20T14:50:26Z,SAT-EO-01,8907,25.58,93.54,-71.32,42.9256,42.6115,,
2026-08-20T14:50:32Z,SAT-EO-01,8908,25.32,94.04,-71.07,42.6465,42.6366,,
2026-08-20T14:50:38Z,SAT-EO-01,8909,25.28,93.77,-70.39,42.3642,42.6618,,
2026-08-20T14:50:44Z,SAT-EO-01,8910,25.79,94.03,-68.7,42.0833,42.6867,,
2026-08-20T14:50:50Z,SAT-EO-01,8911,25.51,93.78,-70.2,41.7988,42.7118,,
2026-08-20T14:50:56Z,SAT-EO-01,8912,25.63,93.59,-71.32,41.5079,42.7372,,
2026-08-20T14:51:02Z,SAT-EO-01,8913,25.71,94.03,-68.08,41.2239,42.7619,,
2026-08-20T14:51:08Z,SAT-EO-01,8914,25.12,93.24,-70.21,40.9364,42.7868,,
2026-08-20T14:51:14Z,SAT-EO-01,8915,25.37,93.69,-69.38,40.6467,42.8117,,
2026-08-20T14:51:20Z,SAT-EO-01,8916,25.42,93.68,-69.46,40.3523,42.8368,,
2026-08-20T14:51:26Z,SAT-EO-01,8917,25.71,94.09,-67.65,40.0592,42.8617,,
2026-08-20T14:51:32Z,SAT-EO-01,8918,25.81,93.82,-68.71,39.7616,42.8868,,
2026-08-20T14:51:38Z,SAT-EO-01,8919,25.42,93.76,-70.01,39.4567,42.9124,,
2026-08-20T14:51:45Z,SAT-EO-01,8920,25.39,93.58,-70.66,39.155,42.9375,,
2026-08-20T14:51:50Z,SAT-EO-01,8921,25.59,93.68,-68.9,38.8595,42.962,,
2026-08-20T14:51:56Z,SAT-EO-01,8922,25.32,93.55,-68.41,38.5611,42.9866,,
2026-08-20T14:52:02Z,SAT-EO-01,8923,25.47,93.72,-69.46,38.2588,43.0114,,
2026-08-20T14:52:08Z,SAT-EO-01,8924,24.79,92.9,-69.92,37.9583,43.0359,,
2026-08-20T14:52:14Z,SAT-EO-01,8925,24.74,93.14,-68.98,37.6432,43.0615,,
2026-08-20T14:52:20Z,SAT-EO-01,8926,24.72,93.48,-68.3,37.3325,43.0866,,
2026-08-20T14:52:26Z,SAT-EO-01,8927,24.98,93.17,-70.03,37.0152,43.112,,
2026-08-20T14:52:32Z,SAT-EO-01,8928,25.46,93.33,-69.48,36.7085,43.1365,,
2026-08-20T14:52:38Z,SAT-EO-01,8929,24.99,93.15,-69.19,36.4012,43.1609,,
2026-08-20T14:52:44Z,SAT-EO-01,8930,25.78,93.42,-68.51,36.0897,43.1855,,
2026-08-20T14:52:50Z,SAT-EO-01,8931,25.4,92.77,-69.86,35.7715,43.2106,,
2026-08-20T14:52:56Z,SAT-EO-01,8932,24.81,92.85,-68.62,35.45,43.2357,,
2026-08-20T14:53:02Z,SAT-EO-01,8933,25.15,93.12,-69.83,35.1336,43.2604,,
2026-08-20T14:53:08Z,SAT-EO-01,8934,25.02,92.82,-70.52,34.8091,43.2855,,
2026-08-20T14:53:14Z,SAT-EO-01,8935,25.24,92.71,-69.38,34.4863,43.3105,,
2026-08-20T14:53:20Z,SAT-EO-01,8936,25.08,92.99,-68.27,34.1631,43.3353,,
2026-08-20T14:53:26Z,SAT-EO-01,8937,25.45,93.02,-67.2,33.8324,43.3606,,
2026-08-20T14:53:32Z,SAT-EO-01,8938,25.38,93.06,-68.84,33.4986,43.386,,
2026-08-20T14:53:38Z,SAT-EO-01,8939,24.9,92.8,-69.88,33.1642,43.4113,,
2026-08-20T14:53:44Z,SAT-EO-01,8940,24.68,92.52,-67.17,32.8338,43.4362,,
2026-08-20T14:53:50Z,SAT-EO-01,8941,24.92,92.89,-69.14,32.5084,43.4607,,
2026-08-20T14:53:56Z,SAT-EO-01,8942,25.07,92.92,-68.52,32.1711,43.4859,,
2026-08-20T14:54:02Z,SAT-EO-01,8943,24.49,92.53,-69.63,31.8385,43.5107,,
2026-08-20T14:54:08Z,SAT-EO-01,8944,24.85,92.31,-69.26,31.5048,43.5354,,
2026-08-20T14:54:14Z,SAT-EO-01,8945,25.3,92.5,-67.83,31.1673,43.5604,,
2026-08-20T14:54:20Z,SAT-EO-01,8946,24.64,92.89,-69.4,30.8245,43.5856,,
2026-08-20T14:54:26Z,SAT-EO-01,8947,24.62,92.45,-67.74,30.4832,43.6106,,
2026-08-20T14:54:32Z,SAT-EO-01,8948,25.11,92.18,-68.51,30.1402,43.6356,,
2026-08-20T14:54:38Z,SAT-EO-01,8949,24.38,92.41,-67.26,29.7977,43.6605,,
2026-08-20T14:54:44Z,SAT-EO-01,8950,24.64,92.48,-67.65,29.4585,43.6851,,
2026-08-20T14:54:50Z,SAT-EO-01,8951,25.06,92.49,-68.11,29.1079,43.7104,,
2026-08-20T14:54:56Z,SAT-EO-01,8952,24.92,92.42,-68.53,28.7654,43.735,,
2026-08-20T14:55:02Z,SAT-EO-01,8953,24.75,92.8,-69.58,28.4233,43.7596,,
2026-08-20T14:55:08Z,SAT-EO-01,8954,23.89,92.05,-68.48,28.0654,43.7851,,
2026-08-20T14:55:14Z,SAT-EO-01,8955,24.6,91.94,-68.22,27.7053,43.8107,,
2026-08-20T14:55:20Z,SAT-EO-01,8956,23.95,92.02,-68.37,27.3561,43.8355,,
2026-08-20T14:55:26Z,SAT-EO-01,8957,24.89,92.35,-69.63,26.9995,43.8607,,
2026-08-20T14:55:32Z,SAT-EO-01,8958,24.42,91.82,-68.73,26.6479,43.8855,,
2026-08-20T14:55:38Z,SAT-EO-01,8959,24.42,91.9,-67.86,26.2855,43.9109,,
2026-08-20T14:55:44Z,SAT-EO-01,8960,24.68,92.02,-67.35,25.9358,43.9354,,
2026-08-20T14:55:50Z,SAT-EO-01,8961,23.91,91.86,-67.41,25.5747,43.9606,,
2026-08-20T14:55:56Z,SAT-EO-01,8962,24.12,91.84,-67.13,25.2074,43.9861,,
2026-08-20T14:56:02Z,SAT-EO-01,8963,24.18,91.63,-67.86,24.8508,44.0108,,
2026-08-20T14:56:08Z,SAT-EO-01,8964,24.31,91.76,-67.63,24.4927,44.0356,,
2026-08-20T14:56:14Z,SAT-EO-01,8965,23.91,91.68,-69.26,24.124,44.061,,
2026-08-20T14:56:20Z,SAT-EO-01,8966,24.91,91.3,-66.87,23.7677,44.0854,,
2026-08-20T14:56:26Z,SAT-EO-01,8967,24.76,92.06,-67.83,23.4031,44.1104,,
2026-08-20T14:56:32Z,SAT-EO-01,8968,24.34,91.62,-69.52,23.0401,44.1352,,
2026-08-20T14:56:38Z,SAT-EO-01,8969,24.57,91.55,-67.58,22.6777,44.1599,,
2026-08-20T14:56:44Z,SAT-EO-01,8970,24.52,92.08,-68.65,22.3082,44.185,,
2026-08-20T14:56:50Z,SAT-EO-01,8971,24.47,91.8,-67.57,21.9337,44.2104,,
2026-08-20T14:56:56Z,SAT-EO-01,8972,24.62,91.47,-68.75,21.5579,44.2358,,
2026-08-20T14:57:02Z,SAT-EO-01,8973,24.24,91.65,-69.11,21.1867,44.2608,,
2026-08-20T14:57:08Z,SAT-EO-01,8974,24.16,90.88,-68.29,20.8115,44.2861,,
2026-08-20T14:57:14Z,SAT-EO-01,8975,24.13,91.71,-68.43,20.4328,44.3115,,
2026-08-20T14:57:20Z,SAT-EO-01,8976,24.01,91.31,-67.84,20.0547,44.3368,,
2026-08-20T14:57:26Z,SAT-EO-01,8977,24.73,91.41,-67.4,19.6879,44.3613,,
2026-08-20T14:57:32Z,SAT-EO-01,8978,24.13,91.05,-66.81,19.3039,44.3869,,
2026-08-20T14:57:38Z,SAT-EO-01,8979,24.72,90.84,-66.21,18.9269,44.4119,,
2026-08-20T14:57:44Z,SAT-EO-01,8980,24.11,91.01,-67.23,18.5577,44.4364,,
2026-08-20T14:57:50Z,SAT-EO-01,8981,24.78,91.27,-67.54,18.1889,44.4608,,
2026-08-20T14:57:56Z,SAT-EO-01,8982,23.65,91.1,-67.67,17.8097,44.4858,,
2026-08-20T14:58:02Z,SAT-EO-01,8983,23.58,91.29,-66.72,17.4359,44.5105,,
2026-08-20T14:58:08Z,SAT-EO-01,8984,23.76,90.85,-67.12,17.05,44.5359,,
2026-08-20T14:58:14Z,SAT-EO-01,8985,23.24,91.38,-67.67,16.6777,44.5603,,
2026-08-20T14:58:20Z,SAT-EO-01,8986,23.97,91.26,-67.34,16.2979,44.5852,,
2026-08-20T14:58:26Z,SAT-EO-01,8987,23.72,91.03,-67.35,15.9201,44.6099,,
2026-08-20T14:58:32Z,SAT-EO-01,8988,24.1,90.14,-66.39,15.5319,44.6352,,
2026-08-20T14:58:38Z,SAT-EO-01,8989,23.43,90.87,-67.61,15.1557,44.6598,,
2026-08-20T14:58:44Z,SAT-EO-01,8990,23.53,90.41,-66.66,14.7809,44.6841,,
2026-08-20T14:58:50Z,SAT-EO-01,8991,23.58,90.17,-69.19,14.4027,44.7087,,
2026-08-20T14:58:56Z,SAT-EO-01,8992,23.57,90.95,-67.55,14.0173,44.7337,,
2026-08-20T14:59:01Z,SAT-EO-01,8993,23.39,90.73,-67.85,13.6402,44.7581,,
2026-08-20T14:59:07Z,SAT-EO-01,8994,24.04,90.88,-66.83,13.2575,44.7828,,
2026-08-20T14:59:13Z,SAT-EO-01,8995,23.22,90.49,-66.15,12.8711,44.8078,,
2026-08-20T14:59:19Z,SAT-EO-01,8996,23.25,90.49,-65.86,12.4869,44.8326,,
2026-08-20T14:59:25Z,SAT-EO-01,8997,23.56,90.54,-68.12,12.0992,44.8575,,
2026-08-20T14:59:31Z,SAT-EO-01,8998,23.02,90.54,-68.42,11.7088,44.8826,,
2026-08-20T14:59:37Z,SAT-EO-01,8999,23.18,89.97,-66.74,11.315,44.9079,,
2026-08-20T14:59:43Z,SAT-EO-01,9000,23.0,90.36,-66.57,10.918,44.9333,,
2026-08-20T14:59:49Z,SAT-EO-01,9001,23.6,90.32,-68.18,10.5305,44.9581,,
2026-08-20T14:59:56Z,SAT-EO-01,9002,23.89,90.13,-66.51,10.1314,44.9837,,
2026-08-20T15:00:02Z,SAT-EO-01,9003,23.05,90.16,-67.54,9.733,45.0091,,
2026-08-20T15:00:08Z,SAT-EO-01,9004,23.98,89.78,-68.61,9.3456,45.0338,,
2026-08-20T15:00:14Z,SAT-EO-01,9005,23.45,90.21,-67.18,8.9489,45.0591,,
2026-08-20T15:00:20Z,SAT-EO-01,9006,22.8,89.83,-67.48,8.5476,45.0847,,
2026-08-20T15:00:26Z,SAT-EO-01,9007,23.1,90.14,-65.74,8.1549,45.1097,,
2026-08-20T15:00:32Z,SAT-EO-01,9008,22.7,89.65,-67.7,7.753,45.1352,,
2026-08-20T15:00:38Z,SAT-EO-01,9009,22.73,89.44,-68.24,7.3583,45.1603,,
2026-08-20T15:00:44Z,SAT-EO-01,9010,22.79,90.01,-66.62,6.9634,45.1853,,
2026-08-20T15:00:50Z,SAT-EO-01,9011,23.13,89.89,-67.45,6.5688,45.2103,,
2026-08-20T15:00:56Z,SAT-EO-01,9012,22.74,89.7,-66.85,6.1708,45.2356,,
2026-08-20T15:01:02Z,SAT-EO-01,9013,22.84,89.76,-67.09,5.7813,45.2602,,
2026-08-20T15:01:08Z,SAT-EO-01,9014,22.78,89.73,-67.49,5.3831,45.2854,,
2026-08-20T15:01:14Z,SAT-EO-01,9015,22.2,89.67,-66.44,4.9951,45.31,,
2026-08-20T15:01:20Z,SAT-EO-01,9016,23.06,89.56,-67.09,4.6081,45.3344,,
2026-08-20T15:01:26Z,SAT-EO-01,9017,22.37,89.47,-67.18,4.214,45.3593,,
2026-08-20T15:01:32Z,SAT-EO-01,9018,23.15,89.37,-67.09,3.8193,45.3842,,
2026-08-20T15:01:38Z,SAT-EO-01,9019,23.37,88.79,-66.37,3.4174,45.4096,,
2026-08-20T15:01:44Z,SAT-EO-01,9020,22.48,89.58,-66.92,3.0154,45.435,,
2026-08-20T15:01:50Z,SAT-EO-01,9021,22.8,89.67,-67.41,2.6266,45.4595,,
2026-08-20T15:01:56Z,SAT-EO-01,9022,22.54,89.35,-66.64,2.234,45.4842,,
2026-08-20T15:02:02Z,SAT-EO-01,9023,22.94,88.82,-67.28,1.8345,45.5094,,
2026-08-20T15:02:08Z,SAT-EO-01,9024,22.71,88.98,-66.62,1.4348,45.5346,,
2026-08-20T15:02:14Z,SAT-EO-01,9025,22.41,88.74,-66.91,1.0392,45.5595,,
2026-08-20T15:02:20Z,SAT-EO-01,9026,22.48,89.19,-66.23,0.6508,45.584,,
2026-08-20T15:02:26Z,SAT-EO-01,9027,22.43,89.1,-67.51,0.2556,45.6089,,
2026-08-20T15:02:32Z,SAT-EO-01,9028,22.34,89.1,-66.18,-0.1389,45.6337,,
2026-08-20T15:02:37Z,SAT-EO-01,9029,22.46,89.14,-67.41,-0.5261,45.6581,,
2026-08-20T15:02:43Z,SAT-EO-01,9030,21.96,89.26,-67.69,-0.9252,45.6833,,
2026-08-20T15:02:50Z,SAT-EO-01,9031,22.25,88.51,-67.23,-1.3278,45.7087,,
2026-08-20T15:02:56Z,SAT-EO-01,9032,22.34,88.6,-67.21,-1.7212,45.7334,,
2026-08-20T15:03:01Z,SAT-EO-01,9033,21.74,88.92,-67.97,-2.1079,45.7578,,
2026-08-20T15:03:07Z,SAT-EO-01,9034,22.42,88.5,-67.61,-2.5117,45.7833,,
2026-08-20T15:03:14Z,SAT-EO-01,9035,22.33,88.63,-67.51,-2.916,45.8088,,
2026-08-20T15:03:19Z,SAT-EO-01,9036,22.6,88.56,-66.29,-3.303,45.8332,,
2026-08-20T15:03:25Z,SAT-EO-01,9037,21.73,88.64,-67.51,-3.6899,45.8576,,
2026-08-20T15:03:31Z,SAT-EO-01,9038,22.03,88.55,-67.71,-4.0911,45.8829,,
2026-08-20T15:03:37Z,SAT-EO-01,9039,22.15,88.36,-68.27,-4.4839,45.9077,,
2026-08-20T15:03:43Z,SAT-EO-01,9040,22.29,88.77,-67.6,-4.8847,45.9331,,
2026-08-20T15:03:49Z,SAT-EO-01,9041,22.15,88.65,-66.68,-5.2817,45.9582,,
2026-08-20T15:03:56Z,SAT-EO-01,9042,21.92,88.28,-64.98,-5.6825,45.9835,,
2026-08-20T15:04:02Z,SAT-EO-01,9043,22.05,88.39,-67.93,-6.0808,46.0087,,
2026-08-20T15:04:08Z,SAT-EO-01,9044,22.48,88.18,-67.15,-6.4715,46.0335,,
2026-08-20T15:04:13Z,SAT-EO-01,9045,21.93,87.88,-65.83,-6.8616,46.0582,,
2026-08-20T15:04:19Z,SAT-EO-01,9046,21.88,87.77,-67.26,-7.2557,46.0832,,
2026-08-20T15:04:26Z,SAT-EO-01,9047,21.45,88.08,-67.48,-7.6564,46.1087,,
2026-08-20T15:04:32Z,SAT-EO-01,9048,21.55,88.16,-67.75,-8.0509,46.1337,,
2026-08-20T15:04:38Z,SAT-EO-01,9049,21.26,88.17,-66.5,-8.4507,46.1592,,
2026-08-20T15:04:44Z,SAT-EO-01,9050,22.32,87.94,-67.27,-8.843,46.1841,,
2026-08-20T15:04:50Z,SAT-EO-01,9051,22.0,87.92,-67.82,-9.2414,46.2095,,
2026-08-20T15:04:56Z,SAT-EO-01,9052,21.51,87.97,-66.18,-9.6285,46.2342,,
2026-08-20T15:05:02Z,SAT-EO-01,9053,21.74,87.5,-67.58,-10.0135,46.2588,,
2026-08-20T15:05:08Z,SAT-EO-01,9054,21.43,87.53,-67.23,-10.4063,46.2839,,
2026-08-20T15:05:14Z,SAT-EO-01,9055,22.4,87.96,-66.61,-10.7943,46.3088,,
2026-08-20T15:05:19Z,SAT-EO-01,9056,21.37,87.96,-67.48,-11.1757,46.3332,,
2026-08-20T15:05:26Z,SAT-EO-01,9057,22.05,87.85,-67.11,-11.5747,46.3588,,
2026-08-20T15:05:32Z,SAT-EO-01,9058,21.0,87.38,-67.24,-11.9685,46.3841,,
2026-08-20T15:05:38Z,SAT-EO-01,9059,21.49,87.52,-67.89,-12.3617,46.4094,,
2026-08-20T15:05:44Z,SAT-EO-01,9060,21.53,87.18,-66.66,-12.7523,46.4346,,
2026-08-20T15:05:50Z,SAT-EO-01,9061,21.25,87.78,-66.68,-13.1488,46.4601,,
2026-08-20T15:05:56Z,SAT-EO-01,9062,21.71,87.64,-66.99,-13.5289,46.4847,,
2026-08-20T15:06:02Z,SAT-EO-01,9063,21.03,87.12,-67.08,-13.9118,46.5095,,
2026-08-20T15:06:08Z,SAT-EO-01,9064,21.15,87.27,-67.01,-14.307,46.5351,,
2026-08-20T15:06:14Z,SAT-EO-01,9065,21.48,87.37,-67.75,-14.6973,46.5604,,
2026-08-20T15:06:20Z,SAT-EO-01,9066,21.29,87.34,-67.48,-15.0815,46.5854,,
2026-08-20T15:06:26Z,SAT-EO-01,9067,21.0,87.14,-66.8,-15.4705,46.6108,,
2026-08-20T15:06:32Z,SAT-EO-01,9068,20.91,87.34,-67.87,-15.8599,46.6362,,
2026-08-20T15:06:38Z,SAT-EO-01,9069,20.56,87.57,-66.6,-16.2365,46.6608,,
2026-08-20T15:06:44Z,SAT-EO-01,9070,20.72,87.37,-68.34,-16.6182,46.6858,,
2026-08-20T15:06:50Z,SAT-EO-01,9071,21.36,87.05,-67.94,-16.9949,46.7105,,
2026-08-20T15:06:56Z,SAT-EO-01,9072,21.76,86.83,-66.69,-17.3798,46.7358,,
2026-08-20T15:07:02Z,SAT-EO-01,9073,21.62,86.86,-67.26,-17.7632,46.7611,,
2026-08-20T15:07:08Z,SAT-EO-01,9074,21.08,86.63,-69.02,-18.1432,46.7862,,
2026-08-20T15:07:14Z,SAT-EO-01,9075,20.95,86.35,-68.45,-18.5182,46.811,,
2026-08-20T15:07:20Z,SAT-EO-01,9076,21.17,86.81,-68.43,-18.8898,46.8356,,
2026-08-20T15:07:26Z,SAT-EO-01,9077,20.94,86.34,-67.78,-19.2585,46.8601,,
2026-08-20T15:07:32Z,SAT-EO-01,9078,20.59,86.79,-67.31,-19.6309,46.8849,,
2026-08-20T15:07:38Z,SAT-EO-01,9079,21.88,86.91,-67.77,-20.0147,46.9105,,
2026-08-20T15:07:44Z,SAT-EO-01,9080,21.17,86.83,-69.43,-20.3894,46.9356,,
2026-08-20T15:07:50Z,SAT-EO-01,9081,20.69,86.42,-67.86,-20.7544,46.9601,,
2026-08-20T15:07:56Z,SAT-EO-01,9082,20.94,86.75,-67.81,-21.1256,46.985,,
2026-08-20T15:08:02Z,SAT-EO-01,9083,20.77,86.27,-67.65,-21.5006,47.0103,,
2026-08-20T15:08:08Z,SAT-EO-01,9084,20.96,85.93,-66.83,-21.8723,47.0354,,
2026-08-20T15:08:14Z,SAT-EO-01,9085,20.67,86.49,-68.14,-22.243,47.0605,,
2026-08-20T15:08:20Z,SAT-EO-01,9086,20.79,86.01,-68.38,-22.612,47.0856,,
2026-08-20T15:08:26Z,SAT-EO-01,9087,20.12,85.92,-68.69,-22.9879,47.1112,,
2026-08-20T15:08:32Z,SAT-EO-01,9088,20.71,86.17,-69.55,-23.352,47.1361,,
2026-08-20T15:08:38Z,SAT-EO-01,9089,20.87,85.92,-67.98,-23.7235,47.1615,,
2026-08-20T15:08:44Z,SAT-EO-01,9090,20.65,86.21,-68.59,-24.087,47.1865,,
2026-08-20T15:08:50Z,SAT-EO-01,9091,20.53,86.08,-67.31,-24.4465,47.2113,,
2026-08-20T15:08:56Z,SAT-EO-01,9092,20.79,85.68,-68.94,-24.8022,47.2358,,
2026-08-20T15:09:02Z,SAT-EO-01,9093,20.83,85.66,-67.32,-25.1656,47.261,,
2026-08-20T15:09:08Z,SAT-EO-01,9094,20.94,86.05,-68.91,-25.5167,47.2854,,
2026-08-20T15:09:14Z,SAT-EO-01,9095,20.69,86.16,-67.82,-25.8719,47.3102,,
2026-08-20T15:09:20Z,SAT-EO-01,9096,20.2,86.53,-68.75,-26.2338,47.3355,,
2026-08-20T15:09:26Z,SAT-EO-01,9097,20.91,85.65,-69.31,-26.584,47.36,,
2026-08-20T15:09:32Z,SAT-EO-01,9098,20.04,86.17,-67.9,-26.9337,47.3847,,
2026-08-20T15:09:38Z,SAT-EO-01,9099,20.44,85.62,-68.14,-27.2872,47.4096,,
2026-08-20T15:09:44Z,SAT-EO-01,9100,20.4,86.24,-67.68,-27.6442,47.4349,,
2026-08-20T15:09:50Z,SAT-EO-01,9101,20.56,85.54,-66.48,-27.9964,47.46,,
2026-08-20T15:09:56Z,SAT-EO-01,9102,20.33,85.76,-69.19,-28.3388,47.4844,,
2026-08-20T15:10:02Z,SAT-EO-01,9103,20.09,85.46,-68.81,-28.6872,47.5093,,
2026-08-20T15:10:08Z,SAT-EO-01,9104,20.38,85.13,-68.22,-29.034,47.5343,,
2026-08-20T15:10:14Z,SAT-EO-01,9105,20.15,86.0,-68.27,-29.3862,47.5597,,
2026-08-20T15:10:20Z,SAT-EO-01,9106,20.43,84.89,-69.67,-29.739,47.5852,,
2026-08-20T15:10:26Z,SAT-EO-01,9107,20.62,85.88,-68.11,-30.0835,47.6102,,
2026-08-20T15:10:32Z,SAT-EO-01,9108,19.98,85.55,-68.57,-30.4275,47.6353,,
2026-08-20T15:10:38Z,SAT-EO-01,9109,19.88,85.79,-68.27,-30.7749,47.6608,,
2026-08-20T15:10:44Z,SAT-EO-01,9110,20.88,85.01,-68.81,-31.1106,47.6855,,
2026-08-20T15:10:50Z,SAT-EO-01,9111,21.08,85.49,-68.03,-31.4492,47.7105,,
2026-08-20T15:10:56Z,SAT-EO-01,9112,20.39,85.34,-69.02,-31.7851,47.7354,,
2026-08-20T15:11:02Z,SAT-EO-01,9113,19.69,85.07,-69.01,-32.1212,47.7604,,
2026-08-20T15:11:08Z,SAT-EO-01,9114,19.83,85.85,-69.31,-32.4549,47.7853,,
2026-08-20T15:11:14Z,SAT-EO-01,9115,20.04,85.38,-69.26,-32.7857,47.8102,,
2026-08-20T15:11:20Z,SAT-EO-01,9116,19.98,85.5,-67.39,-33.119,47.8353,,
2026-08-20T15:11:26Z,SAT-EO-01,9117,20.17,85.19,-69.0,-33.4555,47.8608,,
2026-08-20T15:11:32Z,SAT-EO-01,9118,19.82,84.9,-67.3,-33.7813,47.8855,,
2026-08-20T15:11:38Z,SAT-EO-01,9119,19.48,84.88,-69.64,-34.113,47.9109,,
2026-08-20T15:11:44Z,SAT-EO-01,9120,19.72,84.8,-67.73,-34.4338,47.9355,,
2026-08-20T15:11:50Z,SAT-EO-01,9121,20.16,84.88,-68.75,-34.7503,47.9599,,
2026-08-20T15:11:56Z,SAT-EO-01,9122,19.87,85.16,-69.91,-35.0737,47.985,,
2026-08-20T15:12:02Z,SAT-EO-01,9123,19.92,85.19,-69.27,-35.4027,48.0106,,
2026-08-20T15:12:08Z,SAT-EO-01,9124,19.58,84.56,-69.82,-35.7157,48.0351,,
2026-08-20T15:12:14Z,SAT-EO-01,9125,19.71,84.86,-70.03,-36.032,48.0599,,
2026-08-20T15:12:20Z,SAT-EO-01,9126,19.47,84.44,-69.76,-36.3453,48.0847,,
2026-08-20T15:12:26Z,SAT-EO-01,9127,19.42,84.67,-70.31,-36.6672,48.1102,,
2026-08-20T15:12:32Z,SAT-EO-01,9128,19.68,84.52,-69.58,-36.9761,48.1349,,
2026-08-20T15:12:38Z,SAT-EO-01,9129,19.54,84.97,-70.05,-37.2912,48.1601,,
2026-08-20T15:12:44Z,SAT-EO-01,9130,20.23,84.91,-71.04,-37.5961,48.1847,,
2026-08-20T15:12:50Z,SAT-EO-01,9131,20.1,84.78,-69.34,-37.8975,48.2091,,
2026-08-20T15:12:56Z,SAT-EO-01,9132,20.08,84.75,-69.82,-38.2047,48.2342,,
2026-08-20T15:13:02Z,SAT-EO-01,9133,19.05,84.25,-69.61,-38.5149,48.2596,,
2026-08-20T15:13:08Z,SAT-EO-01,9134,19.98,84.76,-68.42,-38.8174,48.2845,,
2026-08-20T15:13:14Z,SAT-EO-01,9135,20.48,84.71,-70.15,-39.1156,48.3092,,
2026-08-20T15:13:20Z,SAT-EO-01,9136,20.54,84.29,-69.82,-39.4224,48.3348,,
2026-08-20T15:13:26Z,SAT-EO-01,9137,19.76,84.17,-68.08,-39.727,48.3603,,
2026-08-20T15:13:32Z,SAT-EO-01,9138,19.19,84.39,-69.8,-40.028,48.3857,,
2026-08-20T15:13:38Z,SAT-EO-01,9139,19.49,84.57,-71.57,-40.3187,48.4103,,
2026-08-20T15:13:44Z,SAT-EO-01,9140,19.55,84.04,-71.25,-40.6059,48.4348,,
2026-08-20T15:13:50Z,SAT-EO-01,9141,19.15,84.55,-69.12,-40.8968,48.4598,,
2026-08-20T15:13:56Z,SAT-EO-01,9142,19.34,84.3,-68.97,-41.1899,48.4851,,
2026-08-20T15:14:02Z,SAT-EO-01,9143,19.85,84.42,-70.64,-41.4744,48.5099,,
2026-08-20T15:14:08Z,SAT-EO-01,9144,19.07,83.78,-69.16,-41.7588,48.5347,,
2026-08-20T15:14:14Z,SAT-EO-01,9145,19.24,84.24,-69.97,-42.0436,48.5598,,
2026-08-20T15:14:20Z,SAT-EO-01,9146,19.51,84.02,-70.34,-42.3202,48.5843,,
2026-08-20T15:14:26Z,SAT-EO-01,9147,19.47,84.2,-69.85,-42.5972,48.609,,
2026-08-20T15:14:32Z,SAT-EO-01,9148,19.62,84.14,-71.34,-42.8748,48.6339,,
2026-08-20T15:14:38Z,SAT-EO-01,9149,19.49,83.93,-69.28,-43.1531,48.6591,,
2026-08-20T15:14:44Z,SAT-EO-01,9150,19.39,84.22,-70.85,-43.4295,48.6842,,
2026-08-20T15:14:50Z,SAT-EO-01,9151,18.66,84.3,-70.4,-43.6987,48.7089,,
2026-08-20T15:14:56Z,SAT-EO-01,9152,18.81,83.33,-70.24,-43.9671,48.7336,,
2026-08-20T15:15:02Z,SAT-EO-01,9153,18.75,84.53,-70.15,-44.2363,48.7586,,
2026-08-20T15:15:07Z,SAT-EO-01,9154,19.5,84.2,-71.44,-44.4986,48.7832,,
2026-08-20T15:15:13Z,SAT-EO-01,9155,18.98,84.26,-70.83,-44.7578,48.8076,,
2026-08-20T15:15:19Z,SAT-EO-01,9156,18.75,83.76,-70.31,-45.0169,48.8322,,
2026-08-20T15:15:25Z,SAT-EO-01,9157,19.11,83.57,-71.94,-45.2812,48.8575,,
2026-08-20T15:15:31Z,SAT-EO-01,9158,19.51,83.35,-69.17,-45.5382,48.8823,,
2026-08-20T15:15:37Z,SAT-EO-01,9159,18.85,83.48,-70.25,-45.7977,48.9075,,
2026-08-20T15:15:43Z,SAT-EO-01,9160,19.07,83.52,-70.75,-46.0591,48.9331,,
2026-08-20T15:15:49Z,SAT-EO-01,9161,19.55,83.48,-69.62,-46.3136,48.9582,,
2026-08-20T15:15:56Z,SAT-EO-01,9162,20.11,83.66,-71.24,-46.5667,48.9834,,
2026-08-20T15:16:02Z,SAT-EO-01,9163,18.89,83.6,-70.47,-46.8158,49.0084,,
2026-08-20T15:16:08Z,SAT-EO-01,9164,18.94,83.56,-70.32,-47.0636,49.0334,,
2026-08-20T15:16:14Z,SAT-EO-01,9165,18.74,83.41,-70.29,-47.3139,49.059,,
2026-08-20T15:16:20Z,SAT-EO-01,9166,19.13,83.65,-70.65,-47.5583,49.0841,,
2026-08-20T15:16:26Z,SAT-EO-01,9167,18.73,83.46,-70.96,-47.7954,49.1087,,
2026-08-20T15:16:32Z,SAT-EO-01,9168,18.51,83.36,-71.23,-48.038,49.1341,,
2026-08-20T15:16:38Z,SAT-EO-01,9169,18.71,82.99,-70.91,-48.2707,49.1587,,
2026-08-20T15:16:44Z,SAT-EO-01,9170,18.46,83.51,-70.54,-48.5103,49.1842,,
2026-08-20T15:16:50Z,SAT-EO-01,9171,19.38,83.11,-71.57,-48.7463,49.2096,,
2026-08-20T15:16:56Z,SAT-EO-01,9172,19.06,83.2,-71.02,-48.9807,49.235,,
2026-08-20T15:17:02Z,SAT-EO-01,9173,19.01,83.74,-71.11,-49.2104,49.2602,,
2026-08-20T15:17:08Z,SAT-EO-01,9174,18.27,83.06,-70.63,-49.4353,49.2851,,
2026-08-20T15:17:14Z,SAT-EO-01,9175,18.72,82.61,-71.05,-49.6572,49.3099,,
2026-08-20T15:17:20Z,SAT-EO-01,9176,18.62,83.13,-71.13,-49.8773,49.3347,,
2026-08-20T15:17:26Z,SAT-EO-01,9177,18.75,83.55,-70.64,-50.0948,49.3595,,
2026-08-20T15:17:32Z,SAT-EO-01,9178,19.07,83.3,-71.16,-50.316,49.3849,,
2026-08-20T15:17:38Z,SAT-EO-01,9179,18.33,83.07,-73.58,-50.533,49.4101,,
2026-08-20T15:17:44Z,SAT-EO-01,9180,18.58,82.65,-71.95,-50.7487,49.4355,,
2026-08-20T15:17:50Z,SAT-EO-01,9181,18.65,82.91,-70.75,-50.955,49.46,,
2026-08-20T15:17:56Z,SAT-EO-01,9182,17.97,83.03,-71.83,-51.1656,49.4852,,
2026-08-20T15:18:02Z,SAT-EO-01,9183,19.1,82.32,-73.35,-51.3755,49.5107,,
2026-08-20T15:18:08Z,SAT-EO-01,9184,18.53,82.94,-71.58,-51.5754,49.5352,,
2026-08-20T15:18:14Z,SAT-EO-01,9185,18.82,83.2,-70.94,-51.78,49.5606,,
2026-08-20T15:18:20Z,SAT-EO-01,9186,18.64,82.89,-71.57,-51.9748,49.585,,
2026-08-20T15:18:26Z,SAT-EO-01,9187,18.57,82.66,-72.16,-52.1726,49.6101,,
2026-08-20T15:18:32Z,SAT-EO-01,9188,18.75,83.11,-72.1,-52.3699,49.6354,,
2026-08-20T15:18:38Z,SAT-EO-01,9189,18.48,82.83,-71.27,-52.5658,49.6608,,
2026-08-20T15:18:44Z,SAT-EO-01,9190,18.88,83.11,-71.51,-52.7527,49.6854,,
2026-08-20T15:18:50Z,SAT-EO-01,9191,18.45,82.72,-72.51,-52.9366,49.7099,,
2026-08-20T15:18:56Z,SAT-EO-01,9192,18.69,82.9,-70.44,-53.1251,49.7353,,
2026-08-20T15:19:02Z,SAT-EO-01,9193,18.5,82.86,-71.63,-53.3049,49.7598,,
2026-08-20T15:19:08Z,SAT-EO-01,9194,18.48,82.19,-72.75,-53.4892,49.7853,,
2026-08-20T15:19:14Z,SAT-EO-01,9195,18.85,82.54,-72.41,-53.6642,49.8097,,
2026-08-20T15:19:20Z,SAT-EO-01,9196,18.72,82.92,-72.37,-53.8415,49.8349,,
2026-08-20T15:19:26Z,SAT-EO-01,9197,18.02,82.99,-72.84,-54.0125,49.8595,,
2026-08-20T15:19:32Z,SAT-EO-01,9198,18.69,83.1,-72.49,-54.1852,49.8846,,
2026-08-20T15:19:38Z,SAT-EO-01,9199,18.14,82.55,-70.96,-54.3544,49.9096,,
2026-08-20T15:19:44Z,SAT-EO-01,9200,17.91,82.75,-72.72,-54.5232,49.9349,,
2026-08-20T15:19:50Z,SAT-EO-01,9201,18.46,82.24,-71.21,-54.6851,49.9595,,
2026-08-20T15:19:56Z,SAT-EO-01,9202,17.94,82.66,-72.92,-54.8508,49.9851,,
2026-08-20T15:20:02Z,SAT-EO-01,9203,18.21,82.31,-71.78,-55.0138,50.0106,,
2026-08-20T15:20:08Z,SAT-EO-01,9204,18.06,82.69,-70.46,-55.1723,50.0358,,
2026-08-20T15:20:14Z,SAT-EO-01,9205,18.21,82.47,-72.4,-55.329,50.0611,,
2026-08-20T15:20:20Z,SAT-EO-01,9206,18.43,82.9,-71.57,-55.4836,50.0865,,
2026-08-20T15:20:26Z,SAT-EO-01,9207,18.33,82.16,-72.49,-55.637,50.1121,,
2026-08-20T15:20:32Z,SAT-EO-01,9208,18.86,82.55,-72.91,-55.7811,50.1366,,
2026-08-20T15:20:38Z,SAT-EO-01,9209,18.17,82.25,-71.9,-55.9245,50.1613,,
2026-08-20T15:20:44Z,SAT-EO-01,9210,18.84,82.44,-71.4,-56.0649,50.1859,,
2026-08-20T15:20:50Z,SAT-EO-01,9211,17.82,82.37,-72.32,-56.2028,50.2105,,
2026-08-20T15:20:56Z,SAT-EO-01,9212,17.45,82.56,-72.14,-56.3395,50.2353,,
2026-08-20T15:21:02Z,SAT-EO-01,9213,18.72,82.21,-74.32,-56.4738,50.2601,,
2026-08-20T15:21:08Z,SAT-EO-01,9214,18.63,82.45,-71.61,-56.6086,50.2855,,
2026-08-20T15:21:14Z,SAT-EO-01,9215,18.39,81.57,-73.66,-56.7369,50.3101,,
2026-08-20T15:21:20Z,SAT-EO-01,9216,18.07,82.01,-72.6,-56.8646,50.3351,,
2026-08-20T15:21:26Z,SAT-EO-01,9217,18.33,82.46,-73.76,-56.9924,50.3606,,
2026-08-20T15:21:32Z,SAT-EO-01,9218,17.77,82.71,-71.14,-57.1165,50.3859,,
2026-08-20T15:21:38Z,SAT-EO-01,9219,18.49,82.38,-72.66,-57.2346,50.4104,,
2026-08-20T15:21:44Z,SAT-EO-01,9220,17.97,82.16,-72.27,-57.3525,50.4354,,
2026-08-20T15:21:50Z,SAT-EO-01,9221,18.33,82.38,-73.15,-57.4699,50.4609,,
2026-08-20T15:21:56Z,SAT-EO-01,9222,18.2,82.63,-71.37,-57.5808,50.4855,,
2026-08-20T15:22:02Z,SAT-EO-01,9223,17.99,82.18,-74.09,-57.6894,50.5101,,
2026-08-20T15:22:08Z,SAT-EO-01,9224,18.5,82.04,-71.81,-57.799,50.5355,,
2026-08-20T15:22:14Z,SAT-EO-01,9225,18.29,81.87,-72.4,-57.9017,50.5599,,
2026-08-20T15:22:20Z,SAT-EO-01,9226,17.94,82.32,-73.55,-58.0053,50.5851,,
2026-08-20T15:22:26Z,SAT-EO-01,9227,18.36,82.21,-72.8,-58.1061,50.6102,,
2026-08-20T15:22:32Z,SAT-EO-01,9228,17.82,81.89,-74.17,-58.2056,50.6357,,
2026-08-20T15:22:38Z,SAT-EO-01,9229,17.43,82.07,-71.94,-58.3014,50.6609,,
2026-08-20T15:22:44Z,SAT-EO-01,9230,18.85,81.87,-72.05,-58.3946,50.6861,,
2026-08-20T15:22:50Z,SAT-EO-01,9231,17.65,82.01,-71.97,-58.4834,50.7108,,
2026-08-20T15:22:56Z,SAT-EO-01,9232,18.68,82.14,-71.91,-58.5695,50.7355,,
2026-08-20T15:23:02Z,SAT-EO-01,9233,18.17,81.79,-72.0,-58.6528,50.76,,
2026-08-20T15:23:08Z,SAT-EO-01,9234,17.95,82.34,-72.48,-58.7351,50.785,,
2026-08-20T15:23:14Z,SAT-EO-01,9235,18.04,81.86,-72.68,-58.8141,50.8097,,
2026-08-20T15:23:20Z,SAT-EO-01,9236,18.22,82.07,-72.71,-58.8919,50.8349,,
2026-08-20T15:23:26Z,SAT-EO-01,9237,18.0,81.99,-72.39,-58.9663,50.8598,,
2026-08-20T15:23:32Z,SAT-EO-01,9238,18.44,82.02,-73.74,-59.0401,50.8855,,
2026-08-20T15:23:38Z,SAT-EO-01,9239,17.89,82.0,-74.37,-59.1105,50.9108,,
2026-08-20T15:23:44Z,SAT-EO-01,9240,17.64,82.38,-72.95,-59.1789,50.9364,,
2026-08-20T15:23:50Z,SAT-EO-01,9241,18.23,81.89,-73.24,-59.2443,50.9619,,
2026-08-20T15:23:56Z,SAT-EO-01,9242,17.96,81.84,-73.9,-59.3069,50.9874,,
2026-08-20T15:24:02Z,SAT-EO-01,9243,17.94,81.73,-74.39,-59.3652,51.0122,,
2026-08-20T15:24:09Z,SAT-EO-01,9244,17.52,82.03,-72.93,-59.4226,51.0377,,
2026-08-20T15:24:14Z,SAT-EO-01,9245,18.27,82.46,-72.81,-59.4754,51.0623,,
2026-08-20T15:24:20Z,SAT-EO-01,9246,18.12,82.07,-73.74,-59.5257,51.0869,,
2026-08-20T15:24:26Z,SAT-EO-01,9247,18.15,81.76,-72.59,-59.5746,51.1121,,
2026-08-20T15:24:32Z,SAT-EO-01,9248,18.26,81.99,-72.79,-59.6208,51.1373,,
2026-08-20T15:24:38Z,SAT-EO-01,9249,18.0,82.07,-71.92,-59.6634,51.1619,,
2026-08-20T15:24:44Z,SAT-EO-01,9250,18.4,81.85,-70.65,-59.7044,51.1871,,
2026-08-20T15:24:50Z,SAT-EO-01,9251,18.02,81.86,-73.69,-59.7423,51.212,,
2026-08-20T15:24:57Z,SAT-EO-01,9252,17.42,82.13,-72.71,-59.7786,51.2377,,
2026-08-20T15:25:02Z,SAT-EO-01,9253,18.29,81.83,-72.79,-59.8111,51.2625,,
2026-08-20T15:25:09Z,SAT-EO-01,9254,18.49,82.01,-72.56,-59.8418,51.288,,
2026-08-20T15:25:15Z,SAT-EO-01,9255,18.11,82.02,-72.29,-59.869,51.3126,,
2026-08-20T15:25:21Z,SAT-EO-01,9256,17.48,82.12,-74.07,-59.8941,51.3379,,
2026-08-20T15:25:27Z,SAT-EO-01,9257,18.16,82.2,-73.36,-59.9162,51.3626,,
2026-08-20T15:25:32Z,SAT-EO-01,9258,18.18,81.92,-72.15,-59.9354,51.3871,,
2026-08-20T15:25:38Z,SAT-EO-01,9259,18.02,81.78,-72.82,-59.9522,51.4117,,
2026-08-20T15:25:44Z,SAT-EO-01,9260,17.6,82.23,-72.93,-59.9669,51.437,,
2026-08-20T15:25:50Z,SAT-EO-01,9261,17.56,82.0,-74.29,-59.9786,51.4615,,
2026-08-20T15:25:56Z,SAT-EO-01,9262,17.71,82.11,-72.34,-59.9878,51.4862,,
2026-08-20T15:26:02Z,SAT-EO-01,9263,17.98,81.74,-72.45,-59.9946,51.5117,,
2026-08-20T15:26:08Z,SAT-EO-01,9264,18.11,82.14,-73.21,-59.9986,51.5366,,
2026-08-20T15:26:14Z,SAT-EO-01,9265,17.03,81.66,-73.25,-60.0,51.561,,
2026-08-20T15:26:20Z,SAT-EO-01,9266,17.63,81.64,-73.8,-59.9988,51.5863,,
2026-08-20T15:26:26Z,SAT-EO-01,9267,18.28,82.3,-72.5,-59.9949,51.6116,,
2026-08-20T15:26:32Z,SAT-EO-01,9268,18.11,81.81,-72.45,-59.9884,51.6369,,
2026-08-20T15:26:38Z,SAT-EO-01,9269,17.58,81.96,-73.44,-59.9791,51.6624,,
2026-08-20T15:26:44Z,SAT-EO-01,9270,18.41,82.05,-73.65,-59.9675,51.687,,
2026-08-20T15:26:50Z,SAT-EO-01,9271,18.74,81.79,-73.41,-59.9528,51.7124,,
2026-08-20T15:26:57Z,SAT-EO-01,9272,18.4,82.33,-74.07,-59.9356,51.7376,,
2026-08-20T15:27:02Z,SAT-EO-01,9273,17.36,82.02,-74.08,-59.9162,51.7623,,
2026-08-20T15:27:08Z,SAT-EO-01,9274,18.68,81.83,-73.44,-59.8942,51.787,,
2026-08-20T15:27:14Z,SAT-EO-01,9275,18.25,81.84,-73.6,-59.8689,51.8124,,
2026-08-20T15:27:20Z,SAT-EO-01,9276,18.0,82.08,-72.26,-59.8419,51.837,,
2026-08-20T15:27:26Z,SAT-EO-01,9277,18.32,82.16,-72.45,-59.8123,51.8616,,
2026-08-20T15:27:32Z,SAT-EO-01,9278,17.34,81.98,-73.55,-59.78,51.8863,,
2026-08-20T15:27:38Z,SAT-EO-01,9279,17.21,81.78,-73.48,-59.7442,51.9116,,
2026-08-20T15:27:44Z,SAT-EO-01,9280,17.27,81.88,-72.81,-59.7067,51.9364,,
2026-08-20T15:27:50Z,SAT-EO-01,9281,18.18,81.77,-71.73,-59.6655,51.9618,,
2026-08-20T15:27:56Z,SAT-EO-01,9282,17.93,82.2,-73.76,-59.6217,51.9872,,
2026-08-20T15:28:02Z,SAT-EO-01,9283,17.86,81.9,-72.99,-59.5766,52.0118,,
2026-08-20T15:28:08Z,SAT-EO-01,9284,17.65,82.13,-74.26,-59.5272,52.0373,,
2026-08-20T15:28:14Z,SAT-EO-01,9285,18.32,81.6,-74.5,-59.4764,52.0622,,
2026-08-20T15:28:21Z,SAT-EO-01,9286,18.34,82.17,-71.88,-59.4218,52.0877,,
2026-08-20T15:28:27Z,SAT-EO-01,9287,17.78,82.13,-72.67,-59.3658,52.1126,,
2026-08-20T15:28:33Z,SAT-EO-01,9288,18.61,81.83,-72.55,-59.3056,52.1381,,
2026-08-20T15:28:39Z,SAT-EO-01,9289,17.25,82.1,-73.98,-59.2442,52.1631,,
2026-08-20T15:28:45Z,SAT-EO-01,9290,18.18,82.19,-72.29,-59.179,52.1885,,
2026-08-20T15:28:51Z,SAT-EO-01,9291,18.23,81.81,-71.17,-59.113,52.2133,,
2026-08-20T15:28:57Z,SAT-EO-01,9292,18.0,82.02,-73.56,-59.0451,52.2378,,
2026-08-20T15:29:02Z,SAT-EO-01,9293,17.55,82.46,-71.93,-58.9742,52.2625,,
2026-08-20T15:29:08Z,SAT-EO-01,9294,18.34,82.32,-72.6,-58.901,52.2871,,
2026-08-20T15:29:14Z,SAT-EO-01,9295,17.8,82.1,-72.41,-58.825,52.3118,,
2026-08-20T15:29:20Z,SAT-EO-01,9296,17.02,81.82,-73.02,-58.7451,52.3369,,
2026-08-20T15:29:26Z,SAT-EO-01,9297,17.67,82.45,-71.9,-58.662,52.3622,,
2026-08-20T15:29:33Z,SAT-EO-01,9298,17.9,82.3,-72.75,-58.5759,52.3877,,
2026-08-20T15:29:39Z,SAT-EO-01,9299,18.28,82.1,-72.29,-58.4885,52.4128,,
2026-08-20T15:29:45Z,SAT-EO-01,9300,17.78,82.63,-73.6,-58.3991,52.4376,,
2026-08-20T15:29:51Z,SAT-EO-01,9301,17.83,81.8,-73.98,-58.3045,52.4632,,
2026-08-20T15:29:57Z,SAT-EO-01,9302,18.05,82.28,-73.08,-58.208,52.4886,,
2026-08-20T15:30:03Z,SAT-EO-01,9303,18.13,81.81,-72.79,-58.1103,52.5137,,
2026-08-20T15:30:09Z,SAT-EO-01,9304,18.59,82.36,-72.77,-58.0122,52.5382,,
2026-08-20T15:30:15Z,SAT-EO-01,9305,18.81,81.78,-71.87,-57.909,52.5634,,
2026-08-20T15:30:21Z,SAT-EO-01,9306,18.13,82.31,-73.27,-57.8041,52.5883,,
2026-08-20T15:30:27Z,SAT-EO-01,9307,17.47,82.08,-71.79,-57.6958,52.6135,,
2026-08-20T15:30:33Z,SAT-EO-01,9308,18.17,81.85,-72.54,-57.5829,52.6391,,
2026-08-20T15:30:39Z,SAT-EO-01,9309,17.61,81.98,-73.25,-57.4709,52.6639,,
2026-08-20T15:30:45Z,SAT-EO-01,9310,17.93,82.57,-73.31,-57.3542,52.6892,,
2026-08-20T15:30:51Z,SAT-EO-01,9311,18.04,82.43,-72.08,-57.2372,52.714,,
2026-08-20T15:30:57Z,SAT-EO-01,9312,17.9,82.37,-72.5,-57.1144,52.7396,,
2026-08-20T15:31:03Z,SAT-EO-01,9313,18.36,82.32,-73.01,-56.9897,52.7649,,
2026-08-20T15:31:09Z,SAT-EO-01,9314,18.28,82.96,-71.4,-56.863,52.7902,,
2026-08-20T15:31:15Z,SAT-EO-01,9315,18.4,82.14,-73.74,-56.732,52.8158,,
2026-08-20T15:31:21Z,SAT-EO-01,9316,18.15,82.62,-72.01,-56.6003,52.841,,
2026-08-20T15:31:27Z,SAT-EO-01,9317,17.61,82.58,-74.06,-56.4648,52.8665,,
2026-08-20T15:31:33Z,SAT-EO-01,9318,18.44,82.93,-71.77,-56.3309,52.8912,,
2026-08-20T15:31:39Z,SAT-EO-01,9319,18.26,82.48,-71.08,-56.1924,52.9164,,
2026-08-20T15:31:45Z,SAT-EO-01,9320,17.9,82.63,-72.63,-56.0513,52.9415,,
2026-08-20T15:31:52Z,SAT-EO-01,9321,18.11,82.4,-72.64,-55.9059,52.9669,,
2026-08-20T15:31:57Z,SAT-EO-01,9322,18.15,82.46,-73.45,-55.7625,52.9916,,
2026-08-20T15:32:03Z,SAT-EO-01,9323,17.64,82.7,-72.6,-55.6162,53.0164,,
2026-08-20T15:32:09Z,SAT-EO-01,9324,18.3,82.46,-72.72,-55.468,53.0411,,
2026-08-20T15:32:15Z,SAT-EO-01,9325,17.78,82.58,-72.5,-55.3144,53.0662,,
2026-08-20T15:32:21Z,SAT-EO-01,9326,18.49,82.31,-71.59,-55.1616,53.0909,,
2026-08-20T15:32:27Z,SAT-EO-01,9327,18.4,82.27,-71.94,-55.0028,53.1161,,
2026-08-20T15:32:34Z,SAT-EO-01,9328,18.38,82.45,-72.82,-54.8393,53.1417,,
2026-08-20T15:32:39Z,SAT-EO-01,9329,18.66,82.51,-71.17,-54.6783,53.1665,,
2026-08-20T15:32:46Z,SAT-EO-01,9330,18.22,82.53,-71.17,-54.5096,53.1921,,
2026-08-20T15:32:52Z,SAT-EO-01,9331,18.94,82.7,-71.6,-54.3408,53.2174,,
2026-08-20T15:32:58Z,SAT-EO-01,9332,18.09,82.64,-72.28,-54.1691,53.2427,,
2026-08-20T15:33:04Z,SAT-EO-01,9333,18.06,82.42,-71.5,-53.9974,53.2677,,
2026-08-20T15:33:10Z,SAT-EO-01,9334,18.3,82.73,-73.08,-53.8197,53.2932,,
2026-08-20T15:33:16Z,SAT-EO-01,9335,18.55,82.59,-71.82,-53.6405,53.3186,,
2026-08-20T15:33:22Z,SAT-EO-01,9336,18.15,82.41,-71.34,-53.4645,53.3432,,
2026-08-20T15:33:28Z,SAT-EO-01,9337,18.84,83.26,-71.73,-53.2808,53.3685,,
2026-08-20T15:33:34Z,SAT-EO-01,9338,18.98,82.92,-71.6,-53.0993,53.3932,,
2026-08-20T15:33:40Z,SAT-EO-01,9339,18.74,82.87,-71.53,-52.9124,53.4184,,
2026-08-20T15:33:46Z,SAT-EO-01,9340,18.55,82.48,-71.48,-52.7274,53.4429,,
2026-08-20T15:33:52Z,SAT-EO-01,9341,18.39,82.72,-72.12,-52.5373,53.4679,,
2026-08-20T15:33:58Z,SAT-EO-01,9342,18.21,82.75,-71.06,-52.348,53.4924,,
2026-08-20T15:34:04Z,SAT-EO-01,9343,18.48,83.2,-70.6,-52.1538,53.5173,,
2026-08-20T15:34:10Z,SAT-EO-01,9344,18.73,82.69,-72.44,-51.9525,53.5428,,
2026-08-20T15:34:16Z,SAT-EO-01,9345,18.36,83.19,-70.84,-51.7568,53.5673,,
2026-08-20T15:34:22Z,SAT-EO-01,9346,18.62,83.05,-70.28,-51.5524,53.5926,,
2026-08-20T15:34:28Z,SAT-EO-01,9347,18.77,83.07,-72.4,-51.346,53.6179,,
2026-08-20T15:34:34Z,SAT-EO-01,9348,18.35,82.99,-71.54,-51.1432,53.6425,,
2026-08-20T15:34:40Z,SAT-EO-01,9349,18.7,83.08,-71.22,-50.9317,53.6678,,
2026-08-20T15:34:46Z,SAT-EO-01,9350,18.7,83.03,-70.44,-50.7254,53.6923,,
2026-08-20T15:34:52Z,SAT-EO-01,9351,18.38,82.97,-72.2,-50.5128,53.7172,,
2026-08-20T15:34:58Z,SAT-EO-01,9352,18.71,83.14,-71.12,-50.3015,53.7418,,
2026-08-20T15:35:04Z,SAT-EO-01,9353,18.91,83.4,-71.92,-50.0811,53.7671,,
2026-08-20T15:35:10Z,SAT-EO-01,9354,18.6,83.31,-70.46,-49.8643,53.7918,,
2026-08-20T15:35:16Z,SAT-EO-01,9355,18.81,83.65,-72.57,-49.643,53.8167,,
2026-08-20T15:35:22Z,SAT-EO-01,9356,18.57,83.23,-71.47,-49.4179,53.8418,,
2026-08-20T15:35:27Z,SAT-EO-01,9357,19.68,83.32,-70.55,-49.1937,53.8666,,
2026-08-20T15:35:33Z,SAT-EO-01,9358,18.6,83.43,-71.77,-48.9657,53.8916,,
2026-08-20T15:35:40Z,SAT-EO-01,9359,18.99,83.33,-72.3,-48.733,53.9168,,
2026-08-20T15:35:46Z,SAT-EO-01,9360,18.26,82.81,-70.48,-48.4957,53.9424,,
2026-08-20T15:35:52Z,SAT-EO-01,9361,18.35,83.6,-71.53,-48.2584,53.9676,,
2026-08-20T15:35:58Z,SAT-EO-01,9362,18.35,83.53,-71.74,-48.0266,53.9921,,
2026-08-20T15:36:04Z,SAT-EO-01,9363,18.66,83.77,-70.71,-47.785,54.0174,,
2026-08-20T15:36:10Z,SAT-EO-01,9364,19.31,83.3,-70.19,-47.5447,54.0423,,
2026-08-20T15:36:16Z,SAT-EO-01,9365,19.28,83.5,-69.96,-47.2972,54.0677,,
2026-08-20T15:36:22Z,SAT-EO-01,9366,19.5,83.49,-70.23,-47.053,54.0927,,
2026-08-20T15:36:28Z,SAT-EO-01,9367,18.74,83.77,-69.88,-46.8057,54.1176,,
2026-08-20T15:36:34Z,SAT-EO-01,9368,18.75,83.68,-69.71,-46.5611,54.1422,,
2026-08-20T15:36:40Z,SAT-EO-01,9369,19.27,83.43,-70.64,-46.3093,54.1672,,
2026-08-20T15:36:46Z,SAT-EO-01,9370,19.54,83.83,-71.19,-46.0574,54.1921,,
2026-08-20T15:36:52Z,SAT-EO-01,9371,19.28,83.5,-70.07,-45.8002,54.2173,,
2026-08-20T15:36:58Z,SAT-EO-01,9372,19.23,83.53,-71.51,-45.5365,54.2429,,
2026-08-20T15:37:04Z,SAT-EO-01,9373,19.12,83.49,-68.43,-45.2711,54.2685,,
2026-08-20T15:37:10Z,SAT-EO-01,9374,19.18,83.71,-70.12,-45.0119,54.2933,,
2026-08-20T15:37:16Z,SAT-EO-01,9375,18.53,83.77,-68.69,-44.7465,54.3184,,
2026-08-20T15:37:22Z,SAT-EO-01,9376,19.59,83.87,-70.65,-44.4774,54.3438,,
2026-08-20T15:37:28Z,SAT-EO-01,9377,18.96,83.95,-69.85,-44.2146,54.3684,,
2026-08-20T15:37:34Z,SAT-EO-01,9378,19.53,83.63,-70.53,-43.9469,54.3932,,
2026-08-20T15:37:40Z,SAT-EO-01,9379,19.2,83.65,-71.07,-43.6703,54.4187,,
2026-08-20T15:37:46Z,SAT-EO-01,9380,19.34,83.48,-70.44,-43.3949,54.4439,,
2026-08-20T15:37:52Z,SAT-EO-01,9381,19.37,83.59,-69.69,-43.1255,54.4684,,
2026-08-20T15:37:58Z,SAT-EO-01,9382,19.41,84.08,-70.41,-42.8446,54.4938,,
2026-08-20T15:38:04Z,SAT-EO-01,9383,20.18,83.77,-71.06,-42.5647,54.5189,,
2026-08-20T15:38:10Z,SAT-EO-01,9384,19.36,84.25,-70.18,-42.2835,54.544,,
2026-08-20T15:38:16Z,SAT-EO-01,9385,19.39,84.19,-70.18,-41.9946,54.5695,,
2026-08-20T15:38:22Z,SAT-EO-01,9386,19.46,84.15,-69.29,-41.7077,54.5948,,
2026-08-20T15:38:28Z,SAT-EO-01,9387,20.04,84.23,-69.75,-41.426,54.6194,,
2026-08-20T15:38:34Z,SAT-EO-01,9388,19.96,84.4,-70.3,-41.1421,54.644,,
2026-08-20T15:38:40Z,SAT-EO-01,9389,19.72,84.13,-69.99,-40.8545,54.6688,,
2026-08-20T15:38:46Z,SAT-EO-01,9390,19.8,84.24,-69.0,-40.5702,54.6932,,
2026-08-20T15:38:52Z,SAT-EO-01,9391,19.7,84.22,-69.6,-40.2798,54.718,,
2026-08-20T15:38:58Z,SAT-EO-01,9392,18.79,84.17,-70.3,-39.9814,54.7433,,
2026-08-20T15:39:04Z,SAT-EO-01,9393,19.9,84.5,-70.5,-39.6868,54.7681,,
2026-08-20T15:39:10Z,SAT-EO-01,9394,19.59,84.54,-69.5,-39.3891,54.793,,
2026-08-20T15:39:16Z,SAT-EO-01,9395,19.83,84.66,-69.34,-39.0838,54.8184,,
2026-08-20T15:39:22Z,SAT-EO-01,9396,19.74,84.28,-69.72,-38.7799,54.8436,,
2026-08-20T15:39:28Z,SAT-EO-01,9397,19.67,84.7,-69.06,-38.4769,54.8685,,
2026-08-20T15:39:34Z,SAT-EO-01,9398,19.26,84.79,-68.5,-38.1721,54.8935,,
2026-08-20T15:39:40Z,SAT-EO-01,9399,20.03,84.63,-68.44,-37.8576,54.9191,,
2026-08-20T15:39:46Z,SAT-EO-01,9400,19.15,84.72,-70.41,-37.5497,54.944,,
2026-08-20T15:39:52Z,SAT-EO-01,9401,19.4,84.67,-69.19,-37.2384,54.9691,,
2026-08-20T15:39:58Z,SAT-EO-01,9402,19.98,84.41,-68.35,-36.9301,54.9938,,
2026-08-20T15:40:04Z,SAT-EO-01,9403,20.04,84.64,-70.2,-36.6164,55.0188,,
2026-08-20T15:40:10Z,SAT-EO-01,9404,19.89,85.2,-70.33,-36.2963,55.0442,,
2026-08-20T15:40:16Z,SAT-EO-01,9405,20.1,85.12,-69.98,-35.9803,55.0692,,
2026-08-20T15:40:22Z,SAT-EO-01,9406,20.45,85.07,-68.7,-35.6696,55.0936,,
2026-08-20T15:40:28Z,SAT-EO-01,9407,19.42,84.82,-68.04,-35.3564,55.118,,
2026-08-20T15:40:34Z,SAT-EO-01,9408,20.05,84.71,-69.38,-35.0324,55.1432,,
2026-08-20T15:40:40Z,SAT-EO-01,9409,19.36,85.06,-69.14,-34.7047,55.1686,,
2026-08-20T15:40:46Z,SAT-EO-01,9410,19.98,85.2,-69.84,-34.3812,55.1935,,
2026-08-20T15:40:52Z,SAT-EO-01,9411,19.87,85.39,-68.3,-34.0545,55.2186,,
2026-08-20T15:40:58Z,SAT-EO-01,9412,20.05,84.75,-68.13,-33.7349,55.243,,
2026-08-20T15:41:04Z,SAT-EO-01,9413,20.21,84.97,-69.35,-33.4096,55.2677,,
2026-08-20T15:41:10Z,SAT-EO-01,9414,19.96,85.34,-68.94,-33.0859,55.2922,,
2026-08-20T15:41:16Z,SAT-EO-01,9415,19.87,85.38,-68.44,-32.7489,55.3176,,
2026-08-20T15:41:22Z,SAT-EO-01,9416,19.48,85.05,-68.74,-32.417,55.3425,,
2026-08-20T15:41:28Z,SAT-EO-01,9417,19.78,85.37,-68.72,-32.0745,55.3681,,
2026-08-20T15:41:34Z,SAT-EO-01,9418,19.5,85.88,-69.1,-31.7395,55.393,,
2026-08-20T15:41:40Z,SAT-EO-01,9419,19.95,85.38,-68.63,-31.4066,55.4177,,
2026-08-20T15:41:46Z,SAT-EO-01,9420,20.18,85.35,-68.37,-31.0737,55.4423,,
2026-08-20T15:41:52Z,SAT-EO-01,9421,20.55,85.36,-67.84,-30.7253,55.4679,,
2026-08-20T15:41:58Z,SAT-EO-01,9422,19.35,85.13,-67.64,-30.3869,55.4926,,
2026-08-20T15:42:04Z,SAT-EO-01,9423,20.63,85.27,-69.03,-30.0488,55.5173,,
2026-08-20T15:42:10Z,SAT-EO-01,9424,19.94,85.7,-68.29,-29.6977,55.5428,,
2026-08-20T15:42:16Z,SAT-EO-01,9425,20.9,86.18,-67.92,-29.3451,55.5683,,
2026-08-20T15:42:22Z,SAT-EO-01,9426,20.45,85.38,-68.55,-28.9963,55.5934,,
2026-08-20T15:42:28Z,SAT-EO-01,9427,20.49,85.5,-70.24,-28.6432,55.6188,,
2026-08-20T15:42:34Z,SAT-EO-01,9428,20.58,85.79,-67.77,-28.2919,55.644,,
2026-08-20T15:42:40Z,SAT-EO-01,9429,20.95,85.86,-68.22,-27.9494,55.6684,,
2026-08-20T15:42:46Z,SAT-EO-01,9430,20.66,85.52,-67.49,-27.5925,55.6937,,
2026-08-20T15:42:52Z,SAT-EO-01,9431,20.17,86.01,-67.66,-27.2456,55.7183,,
2026-08-20T15:42:58Z,SAT-EO-01,9432,20.04,86.1,-68.04,-26.8863,55.7437,,
2026-08-20T15:43:04Z,SAT-EO-01,9433,20.77,85.57,-68.05,-26.5361,55.7683,,
2026-08-20T15:43:10Z,SAT-EO-01,9434,20.98,86.19,-67.69,-26.1884,55.7927,,
2026-08-20T15:43:16Z,SAT-EO-01,9435,20.57,85.82,-68.19,-25.8348,55.8174,,
2026-08-20T15:43:22Z,SAT-EO-01,9436,20.4,85.89,-69.15,-25.4847,55.8418,,
2026-08-20T15:43:27Z,SAT-EO-01,9437,20.64,86.03,-68.26,-25.1319,55.8663,,
2026-08-20T15:43:33Z,SAT-EO-01,9438,20.72,85.76,-67.17,-24.7765,55.891,,
2026-08-20T15:43:39Z,SAT-EO-01,9439,20.61,86.19,-67.54,-24.415,55.9159,,
2026-08-20T15:43:45Z,SAT-EO-01,9440,20.75,86.21,-68.52,-24.06,55.9404,,
2026-08-20T15:43:51Z,SAT-EO-01,9441,20.49,85.96,-68.15,-23.6876,55.9659,,
2026-08-20T15:43:57Z,SAT-EO-01,9442,20.48,86.54,-69.6,-23.3308,55.9904,,
2026-08-20T15:44:03Z,SAT-EO-01,9443,20.93,86.43,-68.02,-22.956,56.016,,
2026-08-20T15:44:09Z,SAT-EO-01,9444,20.76,86.89,-65.69,-22.5869,56.0411,,
2026-08-20T15:44:15Z,SAT-EO-01,9445,20.41,86.4,-68.36,-22.226,56.0656,,
2026-08-20T15:44:21Z,SAT-EO-01,9446,20.82,86.55,-67.34,-21.8503,56.0911,,
2026-08-20T15:44:27Z,SAT-EO-01,9447,20.94,86.37,-69.2,-21.4713,56.1167,,
2026-08-20T15:44:33Z,SAT-EO-01,9448,21.42,86.56,-67.05,-21.1015,56.1416,,
2026-08-20T15:44:39Z,SAT-EO-01,9449,21.07,86.77,-67.03,-20.7371,56.1661,,
2026-08-20T15:44:45Z,SAT-EO-01,9450,21.34,86.39,-68.49,-20.365,56.191,,
2026-08-20T15:44:51Z,SAT-EO-01,9451,21.43,87.12,-66.71,-19.987,56.2163,,
2026-08-20T15:44:57Z,SAT-EO-01,9452,21.26,86.64,-68.28,-19.6077,56.2416,,
2026-08-20T15:45:03Z,SAT-EO-01,9453,20.81,86.77,-67.93,-19.2367,56.2663,,
2026-08-20T15:45:09Z,SAT-EO-01,9454,21.18,86.94,-67.42,-18.8647,56.291,,
2026-08-20T15:45:15Z,SAT-EO-01,9455,21.44,87.01,-67.24,-18.4854,56.3162,,
2026-08-20T15:45:21Z,SAT-EO-01,9456,20.64,86.7,-68.03,-18.111,56.3409,,
2026-08-20T15:45:27Z,SAT-EO-01,9457,21.29,87.0,-69.07,-17.7307,56.3661,,
2026-08-20T15:45:33Z,SAT-EO-01,9458,20.82,86.8,-66.85,-17.3477,56.3913,,
2026-08-20T15:45:39Z,SAT-EO-01,9459,20.37,87.39,-67.45,-16.9712,56.416,,
2026-08-20T15:45:45Z,SAT-EO-01,9460,21.91,87.29,-66.55,-16.5977,56.4405,,
2026-08-20T15:45:51Z,SAT-EO-01,9461,21.46,87.11,-67.42,-16.214,56.4657,,
2026-08-20T15:45:57Z,SAT-EO-01,9462,20.95,87.14,-67.69,-15.8304,56.4908,,
2026-08-20T15:46:03Z,SAT-EO-01,9463,21.71,87.18,-66.4,-15.4419,56.5161,,
2026-08-20T15:46:09Z,SAT-EO-01,9464,21.61,87.52,-66.72,-15.0522,56.5415,,
2026-08-20T15:46:16Z,SAT-EO-01,9465,22.15,87.69,-66.99,-14.664,56.5667,,
2026-08-20T15:46:21Z,SAT-EO-01,9466,21.27,86.93,-67.15,-14.2825,56.5915,,
2026-08-20T15:46:28Z,SAT-EO-01,9467,21.85,87.87,-68.48,-13.893,56.6167,,
2026-08-20T15:46:33Z,SAT-EO-01,9468,21.47,87.58,-67.41,-13.5096,56.6416,,
2026-08-20T15:46:39Z,SAT-EO-01,9469,21.78,87.51,-68.62,-13.1241,56.6665,,
2026-08-20T15:46:45Z,SAT-EO-01,9470,21.59,87.88,-67.94,-12.7389,56.6913,,
2026-08-20T15:46:51Z,SAT-EO-01,9471,21.76,87.64,-67.94,-12.3548,56.7161,,
2026-08-20T15:46:57Z,SAT-EO-01,9472,21.47,87.74,-68.98,-11.9635,56.7412,,
2026-08-20T15:47:03Z,SAT-EO-01,9473,21.89,87.61,-68.52,-11.5717,56.7664,,
2026-08-20T15:47:10Z,SAT-EO-01,9474,21.37,87.73,-68.15,-11.1746,56.7919,,
2026-08-20T15:47:15Z,SAT-EO-01,9475,21.39,88.28,-68.29,-10.7933,56.8163,,
2026-08-20T15:47:22Z,SAT-EO-01,9476,22.03,87.99,-68.27,-10.3948,56.8418,,
2026-08-20T15:47:28Z,SAT-EO-01,9477,21.35,87.75,-67.03,-9.995,56.8674,,
2026-08-20T15:47:34Z,SAT-EO-01,9478,21.82,87.67,-67.43,-9.5996,56.8926,,
2026-08-20T15:47:40Z,SAT-EO-01,9479,20.94,87.86,-67.88,-9.1993,56.9182,,
2026-08-20T15:47:46Z,SAT-EO-01,9480,21.9,87.78,-66.92,-8.8107,56.9429,,
2026-08-20T15:47:52Z,SAT-EO-01,9481,22.69,88.07,-66.81,-8.4251,56.9675,,
2026-08-20T15:47:58Z,SAT-EO-01,9482,21.39,88.45,-67.19,-8.0243,56.993,,
2026-08-20T15:48:04Z,SAT-EO-01,9483,21.91,87.77,-68.2,-7.6228,57.0185,,
2026-08-20T15:48:10Z,SAT-EO-01,9484,22.37,87.99,-65.73,-7.2243,57.0438,,
2026-08-20T15:48:16Z,SAT-EO-01,9485,22.42,87.9,-66.17,-6.8383,57.0683,,
2026-08-20T15:48:22Z,SAT-EO-01,9486,21.81,88.23,-66.07,-6.4363,57.0937,,
2026-08-20T15:48:28Z,SAT-EO-01,9487,21.66,87.82,-67.0,-6.0498,57.1182,,
2026-08-20T15:48:34Z,SAT-EO-01,9488,22.26,88.43,-65.91,-5.6521,57.1434,,
2026-08-20T15:48:40Z,SAT-EO-01,9489,22.36,88.5,-66.06,-5.2549,57.1685,,
2026-08-20T15:48:46Z,SAT-EO-01,9490,21.36,88.08,-67.24,-4.8633,57.1933,,
2026-08-20T15:48:52Z,SAT-EO-01,9491,23.22,88.35,-66.95,-4.4626,57.2186,,
2026-08-20T15:48:58Z,SAT-EO-01,9492,22.05,88.19,-68.45,-4.0726,57.2432,,
2026-08-20T15:49:04Z,SAT-EO-01,9493,22.42,88.46,-65.48,-3.6776,57.2682,,
2026-08-20T15:49:10Z,SAT-EO-01,9494,21.82,88.91,-65.36,-3.2792,57.2933,,
2026-08-20T15:49:16Z,SAT-EO-01,9495,22.17,88.98,-67.65,-2.8765,57.3187,,
2026-08-20T15:49:22Z,SAT-EO-01,9496,22.41,88.94,-67.05,-2.4882,57.3432,,
2026-08-20T15:49:28Z,SAT-EO-01,9497,22.02,88.87,-68.79,-2.0887,57.3684,,
2026-08-20T15:49:34Z,SAT-EO-01,9498,22.01,88.83,-67.9,-1.6864,57.3937,,
2026-08-20T15:49:40Z,SAT-EO-01,9499,22.6,88.81,-66.68,-1.2815,57.4193,,
2026-08-20T15:49:46Z,SAT-EO-01,9500,22.56,88.99,-67.6,-0.8762,57.4448,,
2026-08-20T15:49:52Z,SAT-EO-01,9501,22.89,88.66,-67.9,-0.4781,57.4699,,
2026-08-20T15:49:58Z,SAT-EO-01,9502,22.31,89.03,-66.67,-0.077,57.4952,,
2026-08-20T15:50:04Z,SAT-EO-01,9503,22.53,88.98,-66.59,0.3229,57.5203,,
2026-08-20T15:50:10Z,SAT-EO-01,9504,22.93,88.86,-67.54,0.7143,57.545,,
2026-08-20T15:50:16Z,SAT-EO-01,9505,22.65,89.29,-66.41,1.1079,57.5698,,
2026-08-20T15:50:22Z,SAT-EO-01,9506,23.02,89.44,-66.67,1.5022,57.5946,,
2026-08-20T15:50:28Z,SAT-EO-01,9507,22.62,89.02,-65.85,1.9051,57.62,,
2026-08-20T15:50:34Z,SAT-EO-01,9508,22.47,89.6,-67.78,2.3017,57.645,,
2026-08-20T15:50:40Z,SAT-EO-01,9509,22.87,89.24,-67.17,2.6976,57.67,,
2026-08-20T15:50:46Z,SAT-EO-01,9510,22.66,89.14,-65.32,3.0948,57.6951,,
2026-08-20T15:50:52Z,SAT-EO-01,9511,22.75,89.13,-68.45,3.4851,57.7197,,
2026-08-20T15:50:58Z,SAT-EO-01,9512,23.0,89.53,-67.4,3.8757,57.7443,,
2026-08-20T15:51:04Z,SAT-EO-01,9513,22.82,89.38,-68.96,4.2685,57.7691,,
2026-08-20T15:51:10Z,SAT-EO-01,9514,23.28,89.74,-66.17,4.6565,57.7937,,
2026-08-20T15:51:16Z,SAT-EO-01,9515,22.51,89.5,-66.59,5.05,57.8185,,
2026-08-20T15:51:22Z,SAT-EO-01,9516,23.42,89.83,-67.24,5.4371,57.843,,
2026-08-20T15:51:28Z,SAT-EO-01,9517,23.33,89.34,-66.96,5.8313,57.8679,,
2026-08-20T15:51:34Z,SAT-EO-01,9518,22.47,89.84,-66.41,6.2294,57.8932,,
2026-08-20T15:51:40Z,SAT-EO-01,9519,23.11,89.83,-67.22,6.6217,57.918,,
2026-08-20T15:51:46Z,SAT-EO-01,9520,23.02,89.58,-68.29,7.0235,57.9435,,
2026-08-20T15:51:52Z,SAT-EO-01,9521,22.87,89.83,-65.95,7.4233,57.9689,,
2026-08-20T15:51:58Z,SAT-EO-01,9522,23.48,89.72,-67.25,7.8231,57.9943,,
2026-08-20T15:52:04Z,SAT-EO-01,9523,22.95,90.3,-65.45,8.2174,58.0193,,
2026-08-20T15:52:10Z,SAT-EO-01,9524,23.26,89.92,-65.8,8.6084,58.0442,,
2026-08-20T15:52:16Z,SAT-EO-01,9525,23.22,90.01,-67.31,8.9924,58.0687,,
2026-08-20T15:52:22Z,SAT-EO-01,9526,23.47,90.15,-67.4,9.3789,58.0933,,
2026-08-20T15:52:28Z,SAT-EO-01,9527,23.06,90.29,-67.76,9.77,58.1183,,
2026-08-20T15:52:34Z,SAT-EO-01,9528,23.38,90.25,-67.42,10.1533,58.1427,,
2026-08-20T15:52:40Z,SAT-EO-01,9529,23.16,89.95,-67.81,10.5473,58.1679,,
2026-08-20T15:52:46Z,SAT-EO-01,9530,23.66,90.3,-66.53,10.9459,58.1935,,
2026-08-20T15:52:52Z,SAT-EO-01,9531,22.91,90.52,-67.97,11.3384,58.2186,,
2026-08-20T15:52:58Z,SAT-EO-01,9532,23.26,89.87,-66.72,11.7361,58.2442,,
2026-08-20T15:53:04Z,SAT-EO-01,9533,23.85,90.08,-67.07,12.1311,58.2696,,
2026-08-20T15:53:10Z,SAT-EO-01,9534,23.01,90.56,-68.14,12.5155,58.2943,,
2026-08-20T15:53:16Z,SAT-EO-01,9535,23.77,90.51,-67.13,12.906,58.3195,,
2026-08-20T15:53:22Z,SAT-EO-01,9536,23.94,90.59,-66.83,13.2935,58.3445,,
2026-08-20T15:53:28Z,SAT-EO-01,9537,23.61,90.48,-67.75,13.6843,58.3697,,
2026-08-20T15:53:34Z,SAT-EO-01,9538,23.44,90.44,-66.0,14.0771,58.3952,,
2026-08-20T15:53:40Z,SAT-EO-01,9539,23.25,90.59,-66.39,14.4612,58.4201,,
2026-08-20T15:53:46Z,SAT-EO-01,9540,23.51,90.79,-67.79,14.8386,58.4446,,
2026-08-20T15:53:52Z,SAT-EO-01,9541,23.41,91.17,-67.49,15.2203,58.4695,,
2026-08-20T15:53:58Z,SAT-EO-01,9542,23.55,90.83,-68.07,15.6051,58.4945,,
2026-08-20T15:54:04Z,SAT-EO-01,9543,23.79,90.7,-66.95,15.9904,58.5197,,
2026-08-20T15:54:10Z,SAT-EO-01,9544,23.78,90.77,-69.73,16.3791,58.5451,,
2026-08-20T15:54:16Z,SAT-EO-01,9545,23.34,90.96,-68.05,16.7563,58.5699,,
2026-08-20T15:54:22Z,SAT-EO-01,9546,23.56,91.09,-68.17,17.1453,58.5954,,
2026-08-20T15:54:28Z,SAT-EO-01,9547,23.58,90.89,-66.29,17.5218,58.6202,,
2026-08-20T15:54:34Z,SAT-EO-01,9548,24.04,91.23,-66.11,17.9101,58.6458,,
2026-08-20T15:54:40Z,SAT-EO-01,9549,24.45,91.52,-67.02,18.2867,58.6707,,
2026-08-20T15:54:46Z,SAT-EO-01,9550,23.51,90.75,-67.64,18.6587,58.6953,,
2026-08-20T15:54:52Z,SAT-EO-01,9551,23.71,91.26,-67.96,19.0319,58.7201,,
2026-08-20T15:54:58Z,SAT-EO-01,9552,23.79,90.91,-69.65,19.413,58.7454,,
2026-08-20T15:55:04Z,SAT-EO-01,9553,24.1,91.1,-67.04,19.7907,58.7706,,
2026-08-20T15:55:10Z,SAT-EO-01,9554,23.85,90.85,-69.1,20.1678,58.7958,,
2026-08-20T15:55:16Z,SAT-EO-01,9555,24.3,91.3,-68.22,20.5404,58.8207,,
2026-08-20T15:55:22Z,SAT-EO-01,9556,25.02,91.47,-67.53,20.9122,58.8457,,
2026-08-20T15:55:28Z,SAT-EO-01,9557,23.49,91.35,-67.78,21.2771,58.8702,,
2026-08-20T15:55:34Z,SAT-EO-01,9558,24.2,91.1,-68.46,21.6397,58.8947,,
2026-08-20T15:55:40Z,SAT-EO-01,9559,24.05,91.44,-67.0,22.0112,58.9198,,
2026-08-20T15:55:46Z,SAT-EO-01,9560,24.02,91.6,-66.95,22.3756,58.9445,,
2026-08-20T15:55:52Z,SAT-EO-01,9561,23.6,91.74,-68.45,22.7394,58.9693,,
2026-08-20T15:55:58Z,SAT-EO-01,9562,24.65,91.57,-67.7,23.0973,58.9937,,
2026-08-20T15:56:04Z,SAT-EO-01,9563,24.68,91.52,-67.2,23.4613,59.0186,,
2026-08-20T15:56:10Z,SAT-EO-01,9564,24.45,92.24,-68.95,23.8205,59.0432,,
2026-08-20T15:56:16Z,SAT-EO-01,9565,24.04,91.88,-67.17,24.1896,59.0685,,
2026-08-20T15:56:22Z,SAT-EO-01,9566,24.38,91.85,-68.78,24.5589,59.094,,
2026-08-20T15:56:28Z,SAT-EO-01,9567,23.9,91.58,-68.59,24.9254,59.1194,,
2026-08-20T15:56:34Z,SAT-EO-01,9568,24.07,91.62,-68.31,25.2872,59.1444,,
2026-08-20T15:56:40Z,SAT-EO-01,9569,24.41,91.55,-67.17,25.6521,59.1698,,
2026-08-20T15:56:46Z,SAT-EO-01,9570,23.77,91.65,-66.19,26.0155,59.1952,,
2026-08-20T15:56:52Z,SAT-EO-01,9571,24.33,92.39,-69.47,26.3814,59.2208,,
2026-08-20T15:56:59Z,SAT-EO-01,9572,24.45,92.59,-67.61,26.7418,59.2461,,
2026-08-20T15:57:05Z,SAT-EO-01,9573,23.97,92.45,-68.07,27.0955,59.2711,,
2026-08-20T15:57:11Z,SAT-EO-01,9574,24.77,92.09,-67.39,27.453,59.2964,,
2026-08-20T15:57:17Z,SAT-EO-01,9575,24.08,92.17,-68.03,27.7983,59.3209,,
2026-08-20T15:57:22Z,SAT-EO-01,9576,24.82,91.95,-68.16,28.1408,59.3453,,
2026-08-20T15:57:28Z,SAT-EO-01,9577,24.18,92.11,-68.35,28.486,59.3699,,
2026-08-20T15:57:34Z,SAT-EO-01,9578,25.16,92.33,-68.43,28.8307,59.3946,,
2026-08-20T15:57:40Z,SAT-EO-01,9579,24.48,92.49,-67.44,29.1703,59.4191,,
2026-08-20T15:57:46Z,SAT-EO-01,9580,24.68,92.66,-68.73,29.5142,59.4439,,
2026-08-20T15:57:52Z,SAT-EO-01,9581,24.81,92.73,-67.03,29.8653,59.4694,,
2026-08-20T15:57:58Z,SAT-EO-01,9582,24.35,92.11,-68.23,30.2024,59.4939,,
2026-08-20T15:58:04Z,SAT-EO-01,9583,24.67,92.34,-66.57,30.5409,59.5186,,
2026-08-20T15:58:10Z,SAT-EO-01,9584,24.65,92.63,-67.42,30.8785,59.5434,,
2026-08-20T15:58:16Z,SAT-EO-01,9585,25.13,92.49,-67.84,31.2204,59.5686,,
2026-08-20T15:58:22Z,SAT-EO-01,9586,24.98,92.46,-68.88,31.5528,59.5931,,
2026-08-20T15:58:28Z,SAT-EO-01,9587,25.2,92.66,-70.23,31.8849,59.6178,,
2026-08-20T15:58:34Z,SAT-EO-01,9588,25.14,92.75,-68.84,32.2245,59.6431,,
2026-08-20T15:58:40Z,SAT-EO-01,9589,25.57,93.15,-69.27,32.5602,59.6682,,
2026-08-20T15:58:46Z,SAT-EO-01,9590,24.58,92.52,-68.24,32.9,59.6938,,
2026-08-20T15:58:52Z,SAT-EO-01,9591,24.99,93.24,-68.54,33.2289,59.7186,,
2026-08-20T15:58:58Z,SAT-EO-01,9592,25.37,92.91,-68.54,33.5607,59.7438,,
2026-08-20T15:59:04Z,SAT-EO-01,9593,24.78,92.91,-69.1,33.8834,59.7683,,
2026-08-20T15:59:10Z,SAT-EO-01,9594,24.96,93.51,-68.04,34.2109,59.7934,,
2026-08-20T15:59:16Z,SAT-EO-01,9595,25.59,93.02,-69.09,34.5375,59.8185,,
2026-08-20T15:59:22Z,SAT-EO-01,9596,25.2,92.97,-69.08,34.8553,59.843,,
2026-08-20T15:59:28Z,SAT-EO-01,9597,25.24,92.71,-68.95,35.1837,59.8685,,
2026-08-20T15:59:34Z,SAT-EO-01,9598,24.81,92.87,-69.79,35.497,59.8929,,
2026-08-20T15:59:40Z,SAT-EO-01,9599,24.77,93.29,-69.58,35.8153,59.9179,,
2026-08-20T15:59:46Z,SAT-EO-01,9600,25.41,92.96,-69.12,36.1251,59.9422,,
2026-08-20T15:59:52Z,SAT-EO-01,9601,25.37,93.15,-67.18,36.4442,59.9675,,
2026-08-20T15:59:58Z,SAT-EO-01,9602,24.86,93.38,-70.05,36.7538,59.9921,,
2026-08-20T16:00:04Z,SAT-EO-01,9603,25.13,92.73,-68.73,37.0628,60.0168,,
2026-08-20T16:00:10Z,SAT-EO-01,9604,25.08,93.56,-69.43,37.3809,60.0423,,
2026-08-20T16:00:16Z,SAT-EO-01,9605,25.2,93.3,-67.4,37.6964,60.0678,,
2026-08-20T16:00:22Z,SAT-EO-01,9606,24.6,93.27,-70.85,38.0019,60.0926,,
2026-08-20T16:00:28Z,SAT-EO-01,9607,25.46,93.35,-68.96,38.311,60.1179,,
2026-08-20T16:00:34Z,SAT-EO-01,9608,25.39,93.23,-69.33,38.6204,60.1433,,
2026-08-20T16:00:40Z,SAT-EO-01,9609,25.53,94.15,-69.07,38.9265,60.1685,,
2026-08-20T16:00:46Z,SAT-EO-01,9610,25.5,93.76,-70.63,39.2296,60.1937,,
2026-08-20T16:00:52Z,SAT-EO-01,9611,25.51,94.32,-68.92,39.5346,60.2192,,
2026-08-20T16:00:58Z,SAT-EO-01,9612,25.92,93.49,-68.39,39.8257,60.2436,,
2026-08-20T16:01:04Z,SAT-EO-01,9613,25.49,93.8,-70.09,40.1281,60.2692,,
2026-08-20T16:01:10Z,SAT-EO-01,9614,25.61,93.2,-69.39,40.4171,60.2937,,
2026-08-20T16:01:16Z,SAT-EO-01,9615,25.44,93.85,-68.99,40.7088,60.3187,,
2026-08-20T16:01:22Z,SAT-EO-01,9616,25.33,93.48,-69.27,41.0057,60.3442,,
2026-08-20T16:01:28Z,SAT-EO-01,9617,25.36,93.93,-68.54,41.2982,60.3695,,
2026-08-20T16:01:34Z,SAT-EO-01,9618,25.62,93.59,-69.96,41.5807,60.3941,,
2026-08-20T16:01:40Z,SAT-EO-01,9619,25.65,93.51,-70.18,41.8632,60.4189,,
2026-08-20T16:01:46Z,SAT-EO-01,9620,25.31,94.13,-69.12,42.1433,60.4436,,
2026-08-20T16:01:52Z,SAT-EO-01,9621,25.52,94.54,-69.25,42.4192,60.4681,,
2026-08-20T16:01:58Z,SAT-EO-01,9622,25.71,94.4,-69.93,42.6973,60.493,,
2026-08-20T16:02:04Z,SAT-EO-01,9623,26.15,94.14,-70.14,42.9689,60.5174,,
2026-08-20T16:02:10Z,SAT-EO-01,9624,25.94,93.69,-69.49,43.2419,60.5421,,
2026-08-20T16:02:16Z,SAT-EO-01,9625,25.87,94.42,-69.53,43.5216,60.5676,,
2026-08-20T16:02:22Z,SAT-EO-01,9626,25.38,93.99,-69.59,43.7974,60.593,,
2026-08-20T16:02:28Z,SAT-EO-01,9627,26.21,94.15,-70.53,44.0613,60.6174,,
2026-08-20T16:02:34Z,SAT-EO-01,9628,25.35,94.27,-70.68,44.3264,60.6421,,
2026-08-20T16:02:40Z,SAT-EO-01,9629,25.91,94.18,-69.28,44.5909,60.6669,,
2026-08-20T16:02:46Z,SAT-EO-01,9630,26.25,94.43,-71.89,44.8588,60.6922,,
2026-08-20T16:02:52Z,SAT-EO-01,9631,26.0,94.55,-70.09,45.1184,60.7169,,
2026-08-20T16:02:58Z,SAT-EO-01,9632,25.82,94.16,-70.44,45.38,60.742,,
2026-08-20T16:03:04Z,SAT-EO-01,9633,25.95,94.47,-72.09,45.6439,60.7675,,
2026-08-20T16:03:10Z,SAT-EO-01,9634,25.65,94.1,-70.35,45.8975,60.7922,,
2026-08-20T16:03:16Z,SAT-EO-01,9635,26.15,94.2,-71.38,46.1574,60.8178,,
2026-08-20T16:03:22Z,SAT-EO-01,9636,25.73,94.61,-69.86,46.4107,60.8428,,
2026-08-20T16:03:28Z,SAT-EO-01,9637,26.29,94.35,-69.86,46.6578,60.8675,,
2026-08-20T16:03:34Z,SAT-EO-01,9638,26.37,94.33,-69.72,46.9035,60.8922,,
2026-08-20T16:03:40Z,SAT-EO-01,9639,25.81,94.41,-70.93,47.1487,60.9171,,
2026-08-20T16:03:46Z,SAT-EO-01,9640,26.04,94.48,-71.07,47.3926,60.942,,
2026-08-20T16:03:52Z,SAT-EO-01,9641,26.85,94.23,-71.35,47.6348,60.967,,
2026-08-20T16:03:58Z,SAT-EO-01,9642,26.33,94.01,-69.43,47.878,60.9923,,
2026-08-20T16:04:04Z,SAT-EO-01,9643,26.47,94.9,-71.39,48.1213,61.0179,,
2026-08-20T16:04:10Z,SAT-EO-01,9644,26.46,94.38,-70.46,48.3548,61.0426,,
2026-08-20T16:04:16Z,SAT-EO-01,9645,25.99,94.92,-72.16,48.5936,61.0681,,
2026-08-20T16:04:22Z,SAT-EO-01,9646,25.79,94.68,-71.36,48.8207,61.0926,,
2026-08-20T16:04:28Z,SAT-EO-01,9647,26.53,94.81,-72.08,49.0553,61.1182,,
2026-08-20T16:04:34Z,SAT-EO-01,9648,26.22,94.54,-71.77,49.2848,61.1434,,
2026-08-20T16:04:40Z,SAT-EO-01,9649,26.02,94.44,-72.25,49.5056,61.1679,,
2026-08-20T16:04:46Z,SAT-EO-01,9650,26.37,94.86,-71.5,49.7234,61.1923,,
2026-08-20T16:04:52Z,SAT-EO-01,9651,26.04,94.5,-71.48,49.9409,61.2169,,
2026-08-20T16:04:58Z,SAT-EO-01,9652,27.0,94.51,-71.43,50.1646,61.2425,,
2026-08-20T16:05:04Z,SAT-EO-01,9653,26.79,94.82,-72.28,50.3816,61.2675,,
2026-08-20T16:05:10Z,SAT-EO-01,9654,26.12,95.24,-71.72,50.6004,61.293,,
2026-08-20T16:05:16Z,SAT-EO-01,9655,26.07,95.58,-72.05,50.8177,61.3187,,
2026-08-20T16:05:22Z,SAT-EO-01,9656,26.54,94.73,-71.74,51.0275,61.3436,,
2026-08-20T16:05:28Z,SAT-EO-01,9657,26.87,95.09,-71.63,51.2362,61.3688,,
2026-08-20T16:05:34Z,SAT-EO-01,9658,26.51,95.35,-72.56,51.4445,61.3941,,
2026-08-20T16:05:40Z,SAT-EO-01,9659,26.59,94.66,-70.27,51.6511,61.4196,,
2026-08-20T16:05:46Z,SAT-EO-01,9660,26.35,94.86,-70.71,51.8539,61.4448,,
2026-08-20T16:05:52Z,SAT-EO-01,9661,26.08,95.64,-72.73,52.0544,61.4701,,
2026-08-20T16:05:58Z,SAT-EO-01,9662,26.03,95.18,-71.26,52.2458,61.4945,,
2026-08-20T16:06:04Z,SAT-EO-01,9663,26.75,95.11,-71.8,52.4371,61.5191,,
2026-08-20T16:06:10Z,SAT-EO-01,9664,26.44,95.38,-71.74,52.6267,61.5438,,
2026-08-20T16:06:16Z,SAT-EO-01,9665,26.41,94.6,-72.11,52.8176,61.569,,
2026-08-20T16:06:22Z,SAT-EO-01,9666,26.79,95.15,-73.05,53.0058,61.5942,,
2026-08-20T16:06:28Z,SAT-EO-01,9667,26.25,94.92,-70.57,53.1862,61.6186,,
2026-08-20T16:06:34Z,SAT-EO-01,9668,26.79,95.43,-71.32,53.3649,61.643,,
2026-08-20T16:06:40Z,SAT-EO-01,9669,26.28,95.59,-70.75,53.5467,61.6683,,
2026-08-20T16:06:46Z,SAT-EO-01,9670,26.66,95.66,-72.21,53.7217,61.6929,,
2026-08-20T16:06:52Z,SAT-EO-01,9671,26.14,95.54,-72.22,53.8975,61.7179,,
2026-08-20T16:06:58Z,SAT-EO-01,9672,26.42,95.13,-72.8,54.0666,61.7423,,
2026-08-20T16:07:04Z,SAT-EO-01,9673,26.79,95.52,-71.71,54.2353,61.767,,
2026-08-20T16:07:10Z,SAT-EO-01,9674,26.41,95.45,-72.42,54.404,61.792,,
2026-08-20T16:07:15Z,SAT-EO-01,9675,26.48,95.29,-71.84,54.5667,61.8165,,
2026-08-20T16:07:21Z,SAT-EO-01,9676,26.73,95.26,-71.52,54.7298,61.8414,,
2026-08-20T16:07:28Z,SAT-EO-01,9677,26.81,95.86,-71.56,54.8947,61.8669,,
2026-08-20T16:07:34Z,SAT-EO-01,9678,27.04,95.31,-71.66,55.0567,61.8924,,
2026-08-20T16:07:40Z,SAT-EO-01,9679,26.59,95.43,-71.22,55.2112,61.9171,,
2026-08-20T16:07:46Z,SAT-EO-01,9680,26.4,95.55,-72.13,55.368,61.9425,,
2026-08-20T16:07:52Z,SAT-EO-01,9681,26.74,95.47,-71.95,55.5226,61.968,,
2026-08-20T16:07:58Z,SAT-EO-01,9682,26.28,95.71,-72.37,55.6706,61.9928,,
2026-08-20T16:08:04Z,SAT-EO-01,9683,26.95,95.8,-71.03,55.8181,62.0179,,
2026-08-20T16:08:10Z,SAT-EO-01,9684,26.75,95.22,-72.26,55.9658,62.0435,,
2026-08-20T16:08:16Z,SAT-EO-01,9685,26.46,95.25,-72.52,56.1044,62.0679,,
2026-08-20T16:08:22Z,SAT-EO-01,9686,26.56,95.29,-72.22,56.2409,62.0924,,
2026-08-20T16:08:28Z,SAT-EO-01,9687,27.16,95.28,-72.41,56.3796,62.1177,,
2026-08-20T16:08:34Z,SAT-EO-01,9688,26.62,95.2,-71.75,56.5167,62.1432,,
2026-08-20T16:08:40Z,SAT-EO-01,9689,26.99,95.82,-72.13,56.6516,62.1687,,
2026-08-20T16:08:46Z,SAT-EO-01,9690,26.89,95.91,-72.15,56.7797,62.1935,,
2026-08-20T16:08:52Z,SAT-EO-01,9691,26.67,95.57,-72.1,56.9047,62.2181,,
2026-08-20T16:08:58Z,SAT-EO-01,9692,26.92,95.88,-71.26,57.0271,62.2426,,
2026-08-20T16:09:04Z,SAT-EO-01,9693,26.53,95.46,-73.16,57.1479,62.2673,,
2026-08-20T16:09:10Z,SAT-EO-01,9694,27.2,95.64,-71.16,57.2662,62.2921,,
2026-08-20T16:09:16Z,SAT-EO-01,9695,27.16,95.4,-73.36,57.386,62.3176,,
2026-08-20T16:09:22Z,SAT-EO-01,9696,26.41,95.54,-71.74,57.5025,62.3431,,
2026-08-20T16:09:28Z,SAT-EO-01,9697,27.26,95.55,-72.3,57.6122,62.3675,,
2026-08-20T16:09:34Z,SAT-EO-01,9698,26.59,95.8,-72.75,57.7239,62.393,,
2026-08-20T16:09:40Z,SAT-EO-01,9699,27.22,95.9,-73.69,57.8285,62.4175,,
2026-08-20T16:09:46Z,SAT-EO-01,9700,26.75,95.77,-72.89,57.9353,62.443,,
2026-08-20T16:09:52Z,SAT-EO-01,9701,27.57,95.23,-73.76,58.0366,62.4678,,
2026-08-20T16:09:58Z,SAT-EO-01,9702,26.92,96.47,-73.76,58.1369,62.4931,,
2026-08-20T16:10:04Z,SAT-EO-01,9703,27.18,96.51,-71.61,58.2326,62.5178,,
2026-08-20T16:10:10Z,SAT-EO-01,9704,26.42,96.18,-72.71,58.3291,62.5433,,
2026-08-20T16:10:16Z,SAT-EO-01,9705,27.13,96.12,-72.05,58.4197,62.568,,
2026-08-20T16:10:22Z,SAT-EO-01,9706,26.99,95.65,-72.88,58.5077,62.5927,,
2026-08-20T16:10:28Z,SAT-EO-01,9707,26.79,96.12,-71.63,58.5953,62.618,,
2026-08-20T16:10:34Z,SAT-EO-01,9708,26.47,95.62,-73.87,58.6777,62.6425,,
2026-08-20T16:10:40Z,SAT-EO-01,9709,26.4,95.83,-72.13,58.7593,62.6675,,
2026-08-20T16:10:46Z,SAT-EO-01,9710,26.94,96.12,-71.57,58.8365,62.6919,,
2026-08-20T16:10:52Z,SAT-EO-01,9711,27.37,96.24,-73.39,58.9145,62.7174,,
2026-08-20T16:10:58Z,SAT-EO-01,9712,27.23,95.2,-72.11,58.9887,62.7425,,
2026-08-20T16:11:04Z,SAT-EO-01,9713,26.57,95.65,-72.5,59.0585,62.767,,
2026-08-20T16:11:10Z,SAT-EO-01,9714,27.01,96.07,-72.55,59.1264,62.7917,,
2026-08-20T16:11:15Z,SAT-EO-01,9715,27.13,96.04,-73.03,59.1914,62.8162,,
2026-08-20T16:11:21Z,SAT-EO-01,9716,26.86,96.23,-73.39,59.2544,62.841,,
2026-08-20T16:11:27Z,SAT-EO-01,9717,27.49,95.68,-73.05,59.3164,62.8664,,
2026-08-20T16:11:34Z,SAT-EO-01,9718,26.64,95.83,-73.78,59.3761,62.8919,,
2026-08-20T16:11:40Z,SAT-EO-01,9719,27.36,96.3,-72.56,59.4327,62.9173,,
2026-08-20T16:11:46Z,SAT-EO-01,9720,27.06,95.45,-72.28,59.4846,62.9417,,
2026-08-20T16:11:51Z,SAT-EO-01,9721,27.6,95.69,-72.74,59.5341,62.9661,,
2026-08-20T16:11:57Z,SAT-EO-01,9722,27.22,95.88,-73.2,59.583,62.9916,,
2026-08-20T16:12:04Z,SAT-EO-01,9723,26.87,96.06,-74.13,59.6294,63.0172,,
2026-08-20T16:12:10Z,SAT-EO-01,9724,27.44,96.07,-72.42,59.6721,63.0421,,
2026-08-20T16:12:16Z,SAT-EO-01,9725,26.58,95.72,-72.99,59.7117,63.0668,,
2026-08-20T16:12:22Z,SAT-EO-01,9726,27.51,95.84,-72.49,59.7501,63.0924,,
2026-08-20T16:12:28Z,SAT-EO-01,9727,26.4,95.99,-72.76,59.7854,63.1177,,
2026-08-20T16:12:34Z,SAT-EO-01,9728,26.96,95.93,-71.52,59.8176,63.1427,,
2026-08-20T16:12:40Z,SAT-EO-01,9729,27.15,96.08,-73.11,59.847,63.1675,,
2026-08-20T16:12:46Z,SAT-EO-01,9730,26.87,96.25,-73.52,59.8741,63.1925,,
2026-08-20T16:12:52Z,SAT-EO-01,9731,27.16,96.3,-73.74,59.898,63.2171,,
2026-08-20T16:12:58Z,SAT-EO-01,9732,26.54,96.2,-73.76,59.9195,63.2417,,
2026-08-20T16:13:03Z,SAT-EO-01,9733,27.05,96.49,-72.99,59.9386,63.2665,,
2026-08-20T16:13:10Z,SAT-EO-01,9734,26.59,96.24,-74.06,59.9555,63.2918,,
2026-08-20T16:13:15Z,SAT-EO-01,9735,26.87,95.76,-71.88,59.9692,63.3165,,
2026-08-20T16:13:21Z,SAT-EO-01,9736,26.79,96.05,-73.54,59.9806,63.3414,,
2026-08-20T16:13:27Z,SAT-EO-01,9737,27.37,95.85,-73.38,59.9894,63.3664,,
2026-08-20T16:13:34Z,SAT-EO-01,9738,26.29,95.99,-72.97,59.9956,63.3919,,
2026-08-20T16:13:40Z,SAT-EO-01,9739,27.03,95.51,-73.02,59.9991,63.417,,
2026-08-20T16:13:45Z,SAT-EO-01,9740,27.59,95.89,-72.98,60.0,63.4415,,
2026-08-20T16:13:51Z,SAT-EO-01,9741,27.77,95.92,-73.96,59.9983,63.4663,,
2026-08-20T16:13:58Z,SAT-EO-01,9742,27.01,95.67,-72.12,59.9938,63.4918,,
2026-08-20T16:14:04Z,SAT-EO-01,9743,27.26,96.49,-73.47,59.9866,63.5174,,
2026-08-20T16:14:10Z,SAT-EO-01,9744,26.76,96.23,-73.39,59.9769,63.5425,,
2026-08-20T16:14:16Z,SAT-EO-01,9745,26.69,96.22,-73.39,59.9648,63.567,,
2026-08-20T16:14:22Z,SAT-EO-01,9746,27.6,96.22,-73.39,59.9498,63.5921,,
2026-08-20T16:14:27Z,SAT-EO-01,9747,27.31,96.12,-73.88,59.9327,63.6166,,
2026-08-20T16:14:33Z,SAT-EO-01,9748,27.18,95.47,-72.84,59.9128,63.6413,,
2026-08-20T16:14:39Z,SAT-EO-01,9749,27.54,95.9,-71.79,59.8907,63.6657,,
2026-08-20T16:14:45Z,SAT-EO-01,9750,26.97,96.19,-72.38,59.8657,63.6904,,
2026-08-20T16:14:51Z,SAT-EO-01,9751,26.87,95.76,-75.42,59.8373,63.7159,,
2026-08-20T16:14:57Z,SAT-EO-01,9752,26.69,95.6,-72.05,59.8072,63.7406,,
2026-08-20T16:15:03Z,SAT-EO-01,9753,27.06,95.75,-71.98,59.7743,63.7655,,
2026-08-20T16:15:09Z,SAT-EO-01,9754,27.24,95.78,-72.34,59.7379,63.791,,
2026-08-20T16:15:15Z,SAT-EO-01,9755,27.23,96.19,-72.38,59.7,63.8156,,
2026-08-20T16:15:21Z,SAT-EO-01,9756,26.81,95.63,-73.96,59.6598,63.8402,,
2026-08-20T16:15:27Z,SAT-EO-01,9757,26.2,95.45,-74.64,59.6162,63.8653,,
2026-08-20T16:15:33Z,SAT-EO-01,9758,27.44,96.23,-72.41,59.5707,63.8899,,
2026-08-20T16:15:39Z,SAT-EO-01,9759,27.14,96.47,-73.0,59.5221,63.9149,,
2026-08-20T16:15:45Z,SAT-EO-01,9760,26.73,95.97,-71.2,59.4721,63.9393,,
2026-08-20T16:15:51Z,SAT-EO-01,9761,27.28,95.96,-73.17,59.4193,63.9638,,
2026-08-20T16:15:57Z,SAT-EO-01,9762,27.39,95.89,-72.52,59.3632,63.9887,,
2026-08-20T16:16:03Z,SAT-EO-01,9763,27.11,95.72,-73.85,59.3054,64.0132,,
2026-08-20T16:16:09Z,SAT-EO-01,9764,26.78,96.61,-73.22,59.2429,64.0386,,
2026-08-20T16:16:15Z,SAT-EO-01,9765,26.84,95.85,-71.61,59.1799,64.0632,,
2026-08-20T16:16:21Z,SAT-EO-01,9766,26.96,96.06,-73.19,59.1124,64.0885,,
2026-08-20T16:16:27Z,SAT-EO-01,9767,27.21,95.64,-73.76,59.0445,64.113,,
2026-08-20T16:16:32Z,SAT-EO-01,9768,27.07,95.37,-73.11,58.9744,64.1374,,
2026-08-20T16:16:39Z,SAT-EO-01,9769,27.06,96.17,-73.05,58.8989,64.1628,,
2026-08-20T16:16:45Z,SAT-EO-01,9770,26.27,95.81,-73.19,58.8212,64.188,,
2026-08-20T16:16:51Z,SAT-EO-01,9771,27.51,95.53,-72.62,58.7403,64.2134,,
2026-08-20T16:16:57Z,SAT-EO-01,9772,26.82,95.77,-72.08,58.6598,64.2379,,
2026-08-20T16:17:03Z,SAT-EO-01,9773,27.04,95.77,-71.49,58.5746,64.2631,,
2026-08-20T16:17:09Z,SAT-EO-01,9774,26.6,95.7,-72.53,58.4889,64.2876,,
2026-08-20T16:17:15Z,SAT-EO-01,9775,26.75,95.32,-72.35,58.3982,64.3129,,
2026-08-20T16:17:21Z,SAT-EO-01,9776,26.49,96.19,-73.62,58.3066,64.3377,,
2026-08-20T16:17:26Z,SAT-EO-01,9777,27.02,95.96,-73.47,58.2132,64.3623,,
2026-08-20T16:17:33Z,SAT-EO-01,9778,26.93,95.61,-72.91,58.1149,64.3875,,
2026-08-20T16:17:38Z,SAT-EO-01,9779,27.0,95.6,-71.78,58.0166,64.4121,,
2026-08-20T16:17:44Z,SAT-EO-01,9780,27.02,96.18,-73.65,57.9148,64.437,,
2026-08-20T16:17:50Z,SAT-EO-01,9781,26.48,96.21,-73.42,57.8104,64.4618,,
2026-08-20T16:17:56Z,SAT-EO-01,9782,26.42,95.93,-72.09,57.7016,64.4871,,
2026-08-20T16:18:02Z,SAT-EO-01,9783,26.54,95.93,-72.34,57.59,64.5125,,
2026-08-20T16:18:08Z,SAT-EO-01,9784,26.68,95.17,-72.12,57.4797,64.537,,
2026-08-20T16:18:14Z,SAT-EO-01,9785,27.11,95.9,-72.79,57.3645,64.562,,
2026-08-20T16:18:20Z,SAT-EO-01,9786,26.83,95.34,-72.42,57.2481,64.5868,,
2026-08-20T16:18:26Z,SAT-EO-01,9787,26.73,95.53,-71.91,57.1301,64.6113,,
2026-08-20T16:18:32Z,SAT-EO-01,9788,26.49,95.77,-71.44,57.0063,64.6366,,
2026-08-20T16:18:38Z,SAT-EO-01,9789,27.38,95.34,-72.12,56.8807,64.6617,,
2026-08-20T16:18:44Z,SAT-EO-01,9790,26.51,95.63,-71.46,56.7557,64.6862,,
2026-08-20T16:18:50Z,SAT-EO-01,9791,27.24,95.72,-74.45,56.6255,64.7112,,
2026-08-20T16:18:56Z,SAT-EO-01,9792,26.46,95.53,-72.54,56.4945,64.736,,
2026-08-20T16:19:02Z,SAT-EO-01,9793,26.85,95.7,-74.4,56.363,64.7604,,
2026-08-20T16:19:08Z,SAT-EO-01,9794,26.63,95.82,-72.49,56.2238,64.7857,,
2026-08-20T16:19:14Z,SAT-EO-01,9795,26.91,95.5,-72.06,56.0869,64.8102,,
2026-08-20T16:19:20Z,SAT-EO-01,9796,26.11,95.45,-71.35,55.9463,64.8349,,
2026-08-20T16:19:26Z,SAT-EO-01,9797,26.4,95.84,-71.97,55.7981,64.8605,,
2026-08-20T16:19:32Z,SAT-EO-01,9798,26.44,95.53,-72.99,55.6493,64.8858,,
2026-08-20T16:19:38Z,SAT-EO-01,9799,26.24,95.21,-72.73,55.496,64.9114,,
2026-08-20T16:19:44Z,SAT-EO-01,9800,26.58,95.82,-72.81,55.3477,64.9358,,
2026-08-20T16:19:50Z,SAT-EO-01,9801,26.94,95.74,-71.71,55.1933,64.9608,,
2026-08-20T16:19:56Z,SAT-EO-01,9802,26.65,95.38,-71.84,55.0347,64.9861,,
2026-08-20T16:20:02Z,SAT-EO-01,9803,26.87,95.44,-73.46,54.8737,65.0114,,
2026-08-20T16:20:08Z,SAT-EO-01,9804,26.63,95.21,-72.53,54.713,65.0362,,
2026-08-20T16:20:14Z,SAT-EO-01,9805,26.57,95.38,-71.36,54.5491,65.0612,,
2026-08-20T16:20:20Z,SAT-EO-01,9806,26.42,95.12,-72.03,54.384,65.086,,
2026-08-20T16:20:26Z,SAT-EO-01,9807,26.53,95.51,-72.65,54.211,65.1116,,
2026-08-20T16:20:32Z,SAT-EO-01,9808,26.48,95.38,-71.88,54.0366,65.1371,,
2026-08-20T16:20:38Z,SAT-EO-01,9809,26.54,95.16,-72.74,53.8625,65.1621,,
2026-08-20T16:20:44Z,SAT-EO-01,9810,26.43,95.29,-71.45,53.6852,65.1873,,
2026-08-20T16:20:51Z,SAT-EO-01,9811,26.95,94.73,-70.51,53.5051,65.2125,,
2026-08-20T16:20:57Z,SAT-EO-01,9812,26.59,95.2,-71.68,53.3211,65.238,,
2026-08-20T16:21:03Z,SAT-EO-01,9813,26.99,95.01,-72.49,53.1379,65.263,,
2026-08-20T16:21:09Z,SAT-EO-01,9814,26.39,95.18,-71.06,52.9489,65.2885,,
2026-08-20T16:21:15Z,SAT-EO-01,9815,26.42,95.49,-71.27,52.7656,65.3129,,
2026-08-20T16:21:21Z,SAT-EO-01,9816,26.14,95.26,-72.74,52.5775,65.3376,,
2026-08-20T16:21:26Z,SAT-EO-01,9817,26.27,94.87,-71.19,52.3885,65.3622,,
2026-08-20T16:21:32Z,SAT-EO-01,9818,26.71,95.64,-73.32,52.1918,65.3875,,
2026-08-20T16:21:39Z,SAT-EO-01,9819,26.24,95.13,-72.49,51.9935,65.4126,,
2026-08-20T16:21:45Z,SAT-EO-01,9820,26.08,94.91,-71.68,51.7951,65.4375,,
2026-08-20T16:21:50Z,SAT-EO-01,9821,25.94,95.18,-72.04,51.5966,65.4622,,
2026-08-20T16:21:56Z,SAT-EO-01,9822,26.45,95.1,-70.96,51.3977,65.4866,,
2026-08-20T16:22:02Z,SAT-EO-01,9823,26.22,95.05,-71.09,51.1901,65.5118,,
2026-08-20T16:22:08Z,SAT-EO-01,9824,26.77,94.69,-69.88,50.9795,65.5371,,
2026-08-20T16:22:14Z,SAT-EO-01,9825,26.67,95.07,-71.4,50.7713,65.5618,,
2026-08-20T16:22:20Z,SAT-EO-01,9826,26.13,94.65,-71.14,50.5603,65.5867,,
2026-08-20T16:22:26Z,SAT-EO-01,9827,26.55,94.9,-71.61,50.3409,65.6122,,
2026-08-20T16:22:32Z,SAT-EO-01,9828,26.44,94.88,-70.29,50.1278,65.6367,,
2026-08-20T16:22:38Z,SAT-EO-01,9829,26.23,95.01,-71.02,49.914,65.6611,,
2026-08-20T16:22:44Z,SAT-EO-01,9830,25.56,94.72,-71.77,49.6891,65.6865,,
2026-08-20T16:22:50Z,SAT-EO-01,9831,26.37,94.91,-69.74,49.4676,65.7113,,
2026-08-20T16:22:56Z,SAT-EO-01,9832,25.84,94.79,-71.02,49.2431,65.7362,,
2026-08-20T16:23:02Z,SAT-EO-01,9833,26.26,94.64,-70.91,49.0149,65.7612,,
2026-08-20T16:23:08Z,SAT-EO-01,9834,25.73,94.64,-70.76,48.7837,65.7864,,
2026-08-20T16:23:14Z,SAT-EO-01,9835,26.03,94.8,-69.66,48.5472,65.8118,,
2026-08-20T16:23:20Z,SAT-EO-01,9836,25.64,94.8,-71.77,48.3123,65.8369,,
2026-08-20T16:23:26Z,SAT-EO-01,9837,26.1,94.76,-71.08,48.0813,65.8613,,
2026-08-20T16:23:32Z,SAT-EO-01,9838,25.67,94.53,-70.09,47.8384,65.8868,,
2026-08-20T16:23:38Z,SAT-EO-01,9839,25.63,94.54,-70.73,47.6028,65.9113,,
2026-08-20T16:23:44Z,SAT-EO-01,9840,25.93,94.08,-70.53,47.3634,65.936,,
2026-08-20T16:23:50Z,SAT-EO-01,9841,26.34,95.07,-71.41,47.121,65.9607,,
2026-08-20T16:23:56Z,SAT-EO-01,9842,25.93,94.58,-71.54,46.8685,65.9863,,
2026-08-20T16:24:02Z,SAT-EO-01,9843,25.78,94.51,-70.09,46.6249,66.0108,,
2026-08-20T16:24:08Z,SAT-EO-01,9844,25.55,94.15,-70.51,46.3768,66.0355,,
2026-08-20T16:24:14Z,SAT-EO-01,9845,25.88,94.3,-70.94,46.1278,66.0602,,
2026-08-20T16:24:20Z,SAT-EO-01,9846,25.85,94.78,-69.77,45.8684,66.0856,,
2026-08-20T16:24:26Z,SAT-EO-01,9847,25.47,94.36,-70.84,45.61,66.1108,,
2026-08-20T16:24:32Z,SAT-EO-01,9848,26.22,93.93,-70.99,45.3448,66.1364,,
2026-08-20T16:24:38Z,SAT-EO-01,9849,26.47,94.39,-69.64,45.0788,66.1619,,
2026-08-20T16:24:44Z,SAT-EO-01,9850,25.78,93.84,-70.65,44.8104,66.1874,,
2026-08-20T16:24:51Z,SAT-EO-01,9851,25.89,94.32,-70.41,44.5436,66.2126,,
2026-08-20T16:24:57Z,SAT-EO-01,9852,25.95,94.09,-70.93,44.2712,66.2381,,
2026-08-20T16:25:03Z,SAT-EO-01,9853,25.34,94.38,-70.42,44.0025,66.2631,,
2026-08-20T16:25:09Z,SAT-EO-01,9854,25.85,94.5,-70.2,43.7375,66.2876,,
2026-08-20T16:25:14Z,SAT-EO-01,9855,25.91,94.62,-70.53,43.47,66.3121,,
2026-08-20T16:25:20Z,SAT-EO-01,9856,26.32,93.93,-70.53,43.1929,66.3373,,
2026-08-20T16:25:27Z,SAT-EO-01,9857,25.72,93.85,-69.35,42.9109,66.3628,,
2026-08-20T16:25:33Z,SAT-EO-01,9858,25.4,94.19,-69.72,42.6271,66.3883,,
2026-08-20T16:25:39Z,SAT-EO-01,9859,26.16,94.18,-69.53,42.3531,66.4128,,
2026-08-20T16:25:45Z,SAT-EO-01,9860,25.43,93.84,-69.63,42.0648,66.4383,,
2026-08-20T16:25:51Z,SAT-EO-01,9861,25.2,93.87,-70.49,41.7834,66.4631,,
2026-08-20T16:25:57Z,SAT-EO-01,9862,26.03,94.32,-70.35,41.4966,66.4882,,
2026-08-20T16:26:03Z,SAT-EO-01,9863,25.87,93.96,-70.44,41.2051,66.5136,,
2026-08-20T16:26:09Z,SAT-EO-01,9864,25.31,93.99,-69.64,40.9217,66.538,,
2026-08-20T16:26:15Z,SAT-EO-01,9865,25.71,94.13,-69.44,40.6357,66.5626,,
2026-08-20T16:26:21Z,SAT-EO-01,9866,25.87,93.42,-70.19,40.3383,66.588,,
2026-08-20T16:26:27Z,SAT-EO-01,9867,25.36,93.73,-69.96,40.0376,66.6135,,
2026-08-20T16:26:33Z,SAT-EO-01,9868,25.79,93.91,-68.06,39.7441,66.6383,,
2026-08-20T16:26:39Z,SAT-EO-01,9869,25.33,93.57,-68.6,39.4454,66.6633,,
2026-08-20T16:26:45Z,SAT-EO-01,9870,25.46,93.0,-69.56,39.1425,66.6886,,
2026-08-20T16:26:51Z,SAT-EO-01,9871,25.56,93.13,-69.81,38.8444,66.7133,,
2026-08-20T16:26:57Z,SAT-EO-01,9872,25.26,93.58,-68.97,38.5486,66.7376,,
2026-08-20T16:27:03Z,SAT-EO-01,9873,24.78,93.29,-69.99,38.2393,66.763,,
2026-08-20T16:27:09Z,SAT-EO-01,9874,25.27,93.56,-69.92,37.9306,66.7882,,
2026-08-20T16:27:15Z,SAT-EO-01,9875,25.32,93.15,-68.25,37.6271,66.8128,,
2026-08-20T16:27:20Z,SAT-EO-01,9876,25.8,93.45,-68.75,37.3219,66.8374,,
2026-08-20T16:27:26Z,SAT-EO-01,9877,25.56,93.11,-69.83,37.0135,66.8622,,
2026-08-20T16:27:32Z,SAT-EO-01,9878,25.41,93.11,-70.02,36.7027,66.887,,
2026-08-20T16:27:38Z,SAT-EO-01,9879,24.98,93.47,-70.61,36.3913,66.9117,,
2026-08-20T16:27:44Z,SAT-EO-01,9880,25.36,92.99,-68.99,36.0799,66.9363,,
2026-08-20T16:27:50Z,SAT-EO-01,9881,24.9,93.42,-68.73,35.7578,66.9616,,
2026-08-20T16:27:56Z,SAT-EO-01,9882,24.99,92.8,-69.1,35.4411,66.9864,,
2026-08-20T16:28:02Z,SAT-EO-01,9883,25.03,92.93,-68.84,35.1173,67.0116,,
2026-08-20T16:28:08Z,SAT-EO-01,9884,25.25,93.09,-68.63,34.7991,67.0363,,
2026-08-20T16:28:14Z,SAT-EO-01,9885,24.57,93.57,-69.39,34.4805,67.0609,,
2026-08-20T16:28:20Z,SAT-EO-01,9886,25.43,93.13,-68.13,34.1489,67.0864,,
2026-08-20T16:28:26Z,SAT-EO-01,9887,25.05,93.06,-68.98,33.8258,67.1111,,
2026-08-20T16:28:32Z,SAT-EO-01,9888,25.06,92.82,-70.0,33.4893,67.1367,,
2026-08-20T16:28:38Z,SAT-EO-01,9889,24.84,92.69,-68.73,33.166,67.1612,,
2026-08-20T16:28:44Z,SAT-EO-01,9890,25.09,92.63,-68.15,32.8377,67.1859,,
2026-08-20T16:28:50Z,SAT-EO-01,9891,25.35,92.49,-69.01,32.4965,67.2116,,
2026-08-20T16:28:56Z,SAT-EO-01,9892,25.03,92.41,-69.25,32.1604,67.2367,,
2026-08-20T16:29:02Z,SAT-EO-01,9893,24.98,92.95,-67.79,31.8329,67.2611,,
2026-08-20T16:29:08Z,SAT-EO-01,9894,25.01,92.44,-68.95,31.4957,67.2861,,
2026-08-20T16:29:14Z,SAT-EO-01,9895,24.21,92.75,-69.62,31.156,67.3112,,
2026-08-20T16:29:20Z,SAT-EO-01,9896,25.53,92.78,-68.5,30.811,67.3366,,
2026-08-20T16:29:26Z,SAT-EO-01,9897,24.8,92.81,-70.18,30.4695,67.3616,,
2026-08-20T16:29:32Z,SAT-EO-01,9898,25.07,92.1,-68.04,30.1287,67.3865,,
2026-08-20T16:29:38Z,SAT-EO-01,9899,25.6,92.64,-68.79,29.7861,67.4114,,
2026-08-20T16:29:44Z,SAT-EO-01,9900,25.12,92.51,-68.22,29.4379,67.4366,,
2026-08-20T16:29:50Z,SAT-EO-01,9901,25.06,91.96,-68.23,29.0957,67.4613,,
2026-08-20T16:29:56Z,SAT-EO-01,9902,24.76,92.34,-68.13,28.7466,67.4864,,
2026-08-20T16:30:02Z,SAT-EO-01,9903,24.63,92.39,-68.49,28.3916,67.5118,,
2026-08-20T16:30:08Z,SAT-EO-01,9904,24.12,92.15,-67.54,28.0352,67.5373,,
2026-08-20T16:30:14Z,SAT-EO-01,9905,23.46,92.53,-67.56,27.6917,67.5617,,
2026-08-20T16:30:20Z,SAT-EO-01,9906,24.08,92.3,-67.74,27.3461,67.5862,,
2026-08-20T16:30:26Z,SAT-EO-01,9907,24.12,92.27,-68.61,26.9943,67.6111,,
2026-08-20T16:30:32Z,SAT-EO-01,9908,24.64,91.84,-67.98,26.6479,67.6355,,
2026-08-20T16:30:38Z,SAT-EO-01,9909,23.85,91.83,-68.99,26.2867,67.6608,,
2026-08-20T16:30:44Z,SAT-EO-01,9910,23.88,92.06,-67.89,25.9331,67.6856,,
2026-08-20T16:30:50Z,SAT-EO-01,9911,24.54,92.11,-67.48,25.5665,67.7111,,
2026-08-20T16:30:56Z,SAT-EO-01,9912,24.53,92.07,-68.94,25.2036,67.7364,,
2026-08-20T16:31:02Z,SAT-EO-01,9913,24.37,91.99,-68.1,24.8427,67.7614,,
2026-08-20T16:31:08Z,SAT-EO-01,9914,24.35,92.11,-67.73,24.4895,67.7858,,
2026-08-20T16:31:14Z,SAT-EO-01,9915,24.56,91.6,-68.74,24.13,67.8106,,
2026-08-20T16:31:20Z,SAT-EO-01,9916,24.44,92.06,-68.56,23.7717,67.8352,,
2026-08-20T16:31:26Z,SAT-EO-01,9917,24.86,91.49,-69.13,23.4152,67.8596,,
2026-08-20T16:31:32Z,SAT-EO-01,9918,23.95,91.65,-67.17,23.0466,67.8848,,
2026-08-20T16:31:38Z,SAT-EO-01,9919,24.28,91.93,-68.38,22.6767,67.91,,
2026-08-20T16:31:44Z,SAT-EO-01,9920,24.42,91.16,-68.34,22.3075,67.9351,,
2026-08-20T16:31:50Z,SAT-EO-01,9921,24.44,91.89,-68.83,21.9334,67.9604,,
2026-08-20T16:31:56Z,SAT-EO-01,9922,23.91,91.59,-66.76,21.5632,67.9855,,
2026-08-20T16:32:02Z,SAT-EO-01,9923,24.4,91.6,-67.66,21.1837,68.011,,
2026-08-20T16:32:08Z,SAT-EO-01,9924,23.32,91.24,-66.79,20.8065,68.0364,,
2026-08-20T16:32:14Z,SAT-EO-01,9925,24.21,91.43,-69.28,20.4371,68.0612,,
2026-08-20T16:32:20Z,SAT-EO-01,9926,23.72,91.1,-66.41,20.0561,68.0867,,
2026-08-20T16:32:26Z,SAT-EO-01,9927,23.67,91.63,-67.51,19.69,68.1111,,
2026-08-20T16:32:32Z,SAT-EO-01,9928,23.72,91.19,-69.3,19.318,68.1359,,
2026-08-20T16:32:38Z,SAT-EO-01,9929,23.78,91.16,-68.1,18.9378,68.1612,,
2026-08-20T16:32:44Z,SAT-EO-01,9930,23.85,91.19,-67.32,18.5571,68.1864,,
2026-08-20T16:32:50Z,SAT-EO-01,9931,23.67,90.96,-68.11,18.1836,68.2112,,
2026-08-20T16:32:56Z,SAT-EO-01,9932,23.47,90.93,-67.4,17.8127,68.2356,,
2026-08-20T16:33:02Z,SAT-EO-01,9933,23.55,90.57,-68.33,17.4276,68.261,,
2026-08-20T16:33:08Z,SAT-EO-01,9934,23.62,90.9,-66.72,17.0549,68.2855,,
2026-08-20T16:33:14Z,SAT-EO-01,9935,23.56,90.94,-68.63,16.6794,68.3102,,
2026-08-20T16:33:20Z,SAT-EO-01,9936,23.93,91.2,-67.08,16.296,68.3353,,
2026-08-20T16:33:26Z,SAT-EO-01,9937,23.89,90.85,-67.28,15.9189,68.36,,
2026-08-20T16:33:32Z,SAT-EO-01,9938,23.9,91.01,-66.57,15.5404,68.3847,,
2026-08-20T16:33:38Z,SAT-EO-01,9939,23.95,91.15,-69.45,15.1551,68.4098,,
2026-08-20T16:33:44Z,SAT-EO-01,9940,23.82,90.34,-66.86,14.7795,68.4342,,
2026-08-20T16:33:50Z,SAT-EO-01,9941,23.19,90.55,-66.63,14.4037,68.4586,,
2026-08-20T16:33:56Z,SAT-EO-01,9942,23.18,90.59,-68.48,14.0093,68.4842,,
2026-08-20T16:34:02Z,SAT-EO-01,9943,23.45,90.73,-68.2,13.6136,68.5098,,
2026-08-20T16:34:08Z,SAT-EO-01,9944,23.22,90.03,-67.7,13.2335,68.5344,,
2026-08-20T16:34:14Z,SAT-EO-01,9945,23.74,90.28,-66.71,12.8414,68.5597,,
2026-08-20T16:34:20Z,SAT-EO-01,9946,22.87,90.21,-66.84,12.4508,68.5849,,
2026-08-20T16:34:26Z,SAT-EO-01,9947,23.57,90.03,-67.21,12.0666,68.6096,,
2026-08-20T16:34:32Z,SAT-EO-01,9948,23.09,90.68,-68.11,11.6856,68.6341,,
2026-08-20T16:34:38Z,SAT-EO-01,9949,23.62,89.95,-67.91,11.2979,68.659,,
2026-08-20T16:34:44Z,SAT-EO-01,9950,23.62,90.35,-67.12,10.9118,68.6837,,
2026-08-20T16:34:50Z,SAT-EO-01,9951,23.53,90.29,-68.74,10.5269,68.7084,,
2026-08-20T16:34:56Z,SAT-EO-01,9952,23.12,90.16,-67.4,10.1328,68.7336,,
2026-08-20T16:35:01Z,SAT-EO-01,9953,23.01,90.0,-67.57,9.7462,68.7583,,
2026-08-20T16:35:08Z,SAT-EO-01,9954,23.15,90.53,-66.91,9.3501,68.7835,,
2026-08-20T16:35:14Z,SAT-EO-01,9955,23.0,89.79,-66.49,8.955,68.8087,,
2026-08-20T16:35:20Z,SAT-EO-01,9956,23.14,89.92,-66.77,8.5544,68.8342,,
2026-08-20T16:35:26Z,SAT-EO-01,9957,23.34,89.91,-67.48,8.157,68.8595,,
2026-08-20T16:35:32Z,SAT-EO-01,9958,22.95,90.11,-66.65,7.7569,68.885,,
2026-08-20T16:35:38Z,SAT-EO-01,9959,23.17,90.04,-66.3,7.37,68.9095,,
2026-08-20T16:35:44Z,SAT-EO-01,9960,23.66,89.55,-67.27,6.9708,68.9349,,
2026-08-20T16:35:50Z,SAT-EO-01,9961,22.77,89.88,-66.49,6.5757,68.9599,,
2026-08-20T16:35:56Z,SAT-EO-01,9962,22.61,89.61,-67.85,6.1856,68.9846,,
2026-08-20T16:36:02Z,SAT-EO-01,9963,22.16,89.58,-66.85,5.7922,69.0095,,
2026-08-20T16:36:08Z,SAT-EO-01,9964,23.13,89.64,-68.84,5.3999,69.0344,,
2026-08-20T16:36:14Z,SAT-EO-01,9965,23.23,89.76,-67.34,5.0138,69.0588,,
2026-08-20T16:36:20Z,SAT-EO-01,9966,22.97,89.23,-67.07,4.6175,69.0838,,
2026-08-20T16:36:26Z,SAT-EO-01,9967,22.55,89.41,-68.28,4.2174,69.1091,,
2026-08-20T16:36:32Z,SAT-EO-01,9968,22.71,89.69,-68.55,3.8125,69.1347,,
2026-08-20T16:36:38Z,SAT-EO-01,9969,22.19,89.09,-67.5,3.4076,69.1602,,
2026-08-20T16:36:44Z,SAT-EO-01,9970,22.95,89.37,-66.33,3.0146,69.185,,
2026-08-20T16:36:50Z,SAT-EO-01,9971,23.13,89.48,-66.64,2.6171,69.2101,,
2026-08-20T16:36:56Z,SAT-EO-01,9972,22.8,88.98,-67.44,2.2223,69.235,,
2026-08-20T16:37:02Z,SAT-EO-01,9973,22.56,89.25,-67.11,1.8346,69.2594,,
2026-08-20T16:37:08Z,SAT-EO-01,9974,22.7,89.18,-67.56,1.4321,69.2848,,
2026-08-20T16:37:14Z,SAT-EO-01,9975,22.6,89.07,-66.26,1.0383,69.3096,,
2026-08-20T16:37:20Z,SAT-EO-01,9976,22.18,89.02,-67.49,0.6342,69.335,,
2026-08-20T16:37:26Z,SAT-EO-01,9977,22.11,89.01,-67.2,0.2385,69.36,,
2026-08-20T16:37:32Z,SAT-EO-01,9978,22.48,88.76,-67.24,-0.1531,69.3846,,
2026-08-20T16:37:38Z,SAT-EO-01,9979,22.68,88.75,-68.62,-0.5562,69.41,,
2026-08-20T16:37:44Z,SAT-EO-01,9980,21.52,88.68,-68.41,-0.9559,69.4352,,
2026-08-20T16:37:50Z,SAT-EO-01,9981,22.53,88.79,-67.29,-1.3512,69.4601,,
2026-08-20T16:37:56Z,SAT-EO-01,9982,21.83,88.75,-66.43,-1.7483,69.4852,,
2026-08-20T16:38:02Z,SAT-EO-01,9983,22.79,88.8,-66.92,-2.1502,69.5105,,
2026-08-20T16:38:08Z,SAT-EO-01,9984,22.64,88.78,-67.6,-2.5426,69.5352,,
2026-08-20T16:38:14Z,SAT-EO-01,9985,22.4,88.93,-66.85,-2.9347,69.56,,
2026-08-20T16:38:20Z,SAT-EO-01,9986,22.64,88.62,-68.53,-3.3363,69.5853,,
2026-08-20T16:38:26Z,SAT-EO-01,9987,22.48,89.15,-66.37,-3.723,69.6097,,
2026-08-20T16:38:32Z,SAT-EO-01,9988,22.51,88.85,-67.1,-4.1215,69.6349,,
2026-08-20T16:38:38Z,SAT-EO-01,9989,21.71,88.82,-67.72,-4.5166,69.6598,,
2026-08-20T16:38:44Z,SAT-EO-01,9990,22.43,88.58,-67.72,-4.9165,69.6851,,
2026-08-20T16:38:50Z,SAT-EO-01,9991,22.4,88.23,-66.58,-5.3078,69.7098,,
2026-08-20T16:38:56Z,SAT-EO-01,9992,22.4,88.21,-67.63,-5.7114,69.7354,,
2026-08-20T16:39:02Z,SAT-EO-01,9993,21.67,87.98,-67.92,-6.1022,69.7601,,
2026-08-20T16:39:08Z,SAT-EO-01,9994,22.34,87.91,-66.83,-6.4926,69.7848,,
2026-08-20T16:39:14Z,SAT-EO-01,9995,22.29,88.08,-68.31,-6.8843,69.8097,,
2026-08-20T16:39:20Z,SAT-EO-01,9996,22.01,88.13,-67.15,-7.2723,69.8343,,
2026-08-20T16:39:26Z,SAT-EO-01,9997,22.36,88.0,-67.68,-7.6639,69.8591,,
2026-08-20T16:39:32Z,SAT-EO-01,9998,21.88,88.43,-68.0,-8.0655,69.8847,,
2026-08-20T16:39:38Z,SAT-EO-01,9999,21.73,88.09,-65.93,-8.4619,69.9099,,
2026-08-20T16:39:44Z,SAT-EO-01,10000,22.37,88.39,-67.59,-8.8448,69.9342,,
